phase,protein,prior_level,condition,seed,budget,n_init,final_hv,final_pf_size,igd,exp_to_90pct_hv,exp_to_70pct_hv,stagnant_batches,max_hv,n_obs,llm_fallback_used,llm_retry_count
2,mAb_aggregation,L1,mo_random,1,40,10,12626.855300804958,9,6.253030032572923,40,25,1,16862.250722434062,40,False,0
2,mAb_aggregation,L1,mo_random,0,40,10,10174.794456037647,10,6.979322740202235,40,40,0,16862.250722434062,40,False,0
2,mAb_aggregation,L1,mo_random,3,40,10,7345.235527098343,8,9.074063239761085,40,40,1,16862.250722434062,40,False,0
2,mAb_aggregation,L1,mo_random,4,40,10,14327.499116852396,6,8.465997188173922,40,25,1,16862.250722434062,40,False,0
2,mAb_aggregation,L1,mo_random,2,40,10,11567.827829661712,7,6.3323954750889575,40,40,0,16862.250722434062,40,False,0
2,mAb_aggregation,L1,mo_random,7,40,10,10763.620715437732,15,5.397700950547741,40,40,0,16862.250722434062,40,False,0
2,mAb_aggregation,L1,mo_random,5,40,10,14369.109534470816,6,7.466777941972325,40,35,1,16862.250722434062,40,False,0
2,mAb_aggregation,L1,mo_random,6,40,10,10122.93349451616,9,6.489297968072653,40,40,1,16862.250722434062,40,False,0
2,mAb_aggregation,L1,mo_random,8,40,10,9957.544207778645,10,9.5839282866894,40,40,1,16862.250722434062,40,False,0
2,mAb_aggregation,L1,mo_random,9,40,10,9988.43443352674,12,6.12174078628213,40,40,0,16862.250722434062,40,False,0
2,mAb_aggregation,L1,mo_random,10,40,10,11252.116675792664,9,5.909142221551929,40,40,0,16862.250722434062,40,False,0
2,mAb_aggregation,L1,mo_random,11,40,10,10341.104230456736,13,5.264576749558163,40,40,1,16862.250722434062,40,False,0
2,mAb_aggregation,L1,mo_random,12,40,10,10054.53369097395,12,8.530896082314227,40,40,2,16862.250722434062,40,False,0
2,mAb_aggregation,L1,mo_random,13,40,10,10315.45306653758,8,5.583464792351347,40,40,2,16862.250722434062,40,False,0
2,mAb_aggregation,L1,mo_random,14,40,10,10655.82754846861,7,6.955893046442228,40,40,1,16862.250722434062,40,False,0
2,mAb_aggregation,L1,mo_random,16,40,10,13046.663784743892,6,7.352814665917795,40,15,3,16862.250722434062,40,False,0
2,mAb_aggregation,L1,mo_random,15,40,10,12330.475816311247,11,5.844503317562019,40,40,0,16862.250722434062,40,False,0
2,mAb_aggregation,L1,mo_random,17,40,10,13891.765703933235,9,6.077860500210664,40,15,1,16862.250722434062,40,False,0
2,mAb_aggregation,L1,mo_random,18,40,10,11376.808926516032,8,6.7447463294651575,40,40,0,16862.250722434062,40,False,0
2,mAb_aggregation,L1,mo_random,19,40,10,10515.782082065496,12,5.489813101680874,40,40,1,16862.250722434062,40,False,0
2,mAb_aggregation,L1,mo_random,20,40,10,12620.817146702246,8,9.741056877691124,40,15,3,16862.250722434062,40,False,0
2,mAb_aggregation,L1,mo_random,21,40,10,9947.422108542338,8,8.691922533059566,40,40,1,16862.250722434062,40,False,0
2,mAb_aggregation,L1,mo_random,22,40,10,5841.74849614114,9,11.230134500999176,40,40,1,16862.250722434062,40,False,0
2,mAb_aggregation,L1,mo_random,24,40,10,11414.089543805696,10,5.034601409763248,40,40,1,16862.250722434062,40,False,0
2,mAb_aggregation,L1,mo_random,23,40,10,8305.292688446596,11,6.651090974062523,40,40,1,16862.250722434062,40,False,0
2,mAb_aggregation,L1,mo_egbo,1,40,10,15693.831040258588,7,6.40454191248561,25,25,2,16862.250722434062,40,False,0
2,mAb_aggregation,L1,mo_egbo,2,40,10,12775.765941234376,11,5.122163345165833,40,40,0,16862.250722434062,40,False,0
2,mAb_aggregation,L1,mo_egbo,0,40,10,11128.883554071936,11,4.978423256167457,40,40,0,16862.250722434062,40,False,0
2,mAb_aggregation,L1,mo_egbo,3,40,10,11536.998201380084,13,5.633566289573395,40,40,0,16862.250722434062,40,False,0
2,mAb_aggregation,L1,mo_egbo,5,40,10,14644.95370931582,11,4.819526332630402,40,25,0,16862.250722434062,40,False,0
2,mAb_aggregation,L1,mo_egbo,4,40,10,16302.982124526345,9,8.343953415469626,30,20,2,16862.250722434062,40,False,0
2,mAb_aggregation,L1,mo_egbo,6,40,10,11618.523633272189,9,5.95994830308228,40,40,0,16862.250722434062,40,False,0
2,mAb_aggregation,L1,mo_egbo,7,40,10,13168.479398453568,15,4.548837114655182,40,40,0,16862.250722434062,40,False,0
2,mAb_aggregation,L1,mo_egbo,8,40,10,10816.888450394086,13,4.718122393488509,40,40,1,16862.250722434062,40,False,0
2,mAb_aggregation,L1,mo_egbo,9,40,10,11832.803043858908,11,6.020027255449011,40,40,1,16862.250722434062,40,False,0
2,mAb_aggregation,L1,mo_egbo,11,40,10,15765.5204229486,11,6.099772717286144,35,20,1,16862.250722434062,40,False,0
2,mAb_aggregation,L1,mo_egbo,10,40,10,11127.333679678775,11,5.5672631304484845,40,40,0,16862.250722434062,40,False,0
2,mAb_aggregation,L1,mo_egbo,13,40,10,15133.107925228644,13,5.438600788265816,40,20,1,16862.250722434062,40,False,0
2,mAb_aggregation,L1,mo_egbo,12,40,10,16215.702310841443,7,7.401655510117419,30,30,2,16862.250722434062,40,False,0
2,mAb_aggregation,L1,mo_egbo,15,40,10,14101.799797327994,9,11.889953976970824,40,30,0,16862.250722434062,40,False,0
2,mAb_aggregation,L1,mo_egbo,14,40,10,11054.213066536253,8,5.699427989849016,40,40,1,16862.250722434062,40,False,0
2,mAb_aggregation,L1,mo_egbo,16,40,10,14712.5806911275,11,6.338041326710292,40,30,0,16862.250722434062,40,False,0
2,mAb_aggregation,L1,mo_egbo,17,40,10,14126.636185726346,10,7.547196034327029,40,20,2,16862.250722434062,40,False,0
2,mAb_aggregation,L1,mo_egbo,18,40,10,15173.026935369213,6,8.45389232704217,40,30,2,16862.250722434062,40,False,0
2,mAb_aggregation,L1,mo_egbo,19,40,10,12942.75530135028,7,6.633338571201507,40,25,1,16862.250722434062,40,False,0
2,mAb_aggregation,L1,mo_egbo,21,40,10,12703.712901082376,8,5.852994849826306,40,25,0,16862.250722434062,40,False,0
2,mAb_aggregation,L1,mo_egbo,20,40,10,11736.145854299031,11,5.064869084187128,40,40,0,16862.250722434062,40,False,0
2,mAb_aggregation,L1,mo_egbo,22,40,10,11973.75284936944,10,7.436492638641707,40,40,0,16862.250722434062,40,False,0
2,mAb_aggregation,L1,mo_egbo,23,40,10,9638.18979156843,10,5.359223586944883,40,40,0,16862.250722434062,40,False,0
2,mAb_aggregation,L1,mo_egbo,24,40,10,16152.721404695763,9,6.461415313597392,35,15,0,16862.250722434062,40,False,0
2,mAb_aggregation,L1,mo_egbo_real,3,40,10,12820.227839062249,10,8.818036316528337,40,35,1,16862.250722434062,40,False,0
2,mAb_aggregation,L1,mo_egbo_real,1,40,10,14511.582240580536,8,5.657165087427197,40,15,3,16862.250722434062,40,False,0
2,mAb_aggregation,L1,mo_egbo_real,2,40,10,14219.613465457358,9,6.008096779383585,40,20,1,16862.250722434062,40,False,0
2,mAb_aggregation,L1,mo_egbo_real,0,40,10,11994.517261014777,12,4.273093262706163,40,40,0,16862.250722434062,40,False,0
2,mAb_aggregation,L1,mo_egbo_real,4,40,10,13749.886364756268,8,6.001931677445504,40,25,0,16862.250722434062,40,False,0
2,mAb_aggregation,L1,mo_egbo_real,5,40,10,12096.181973517305,15,5.2512696187768855,40,30,0,16862.250722434062,40,False,0
2,mAb_aggregation,L1,mo_egbo_real,6,40,10,14261.939811112652,16,6.008345908235856,40,25,0,16862.250722434062,40,False,0
2,mAb_aggregation,L1,mo_egbo_real,7,40,10,12598.017561731653,12,8.303498253096386,40,25,0,16862.250722434062,40,False,0
2,mAb_aggregation,L1,mo_egbo_real,8,40,10,16078.588229662992,13,4.905888876213974,40,25,0,16862.250722434062,40,False,0
2,mAb_aggregation,L1,mo_egbo_real,9,40,10,13029.77647482026,8,14.305283569005551,40,40,0,16862.250722434062,40,False,0
2,mAb_aggregation,L1,mo_egbo_real,11,40,10,16681.344772063447,2,16.70389173016227,20,20,3,16862.250722434062,40,False,0
2,mAb_aggregation,L1,mo_egbo_real,10,40,10,12694.631706504157,11,5.143728668212495,40,40,0,16862.250722434062,40,False,0
2,mAb_aggregation,L1,mo_egbo_real,12,40,10,12715.429295649326,9,7.0336864656661655,40,15,3,16862.250722434062,40,False,0
2,mAb_aggregation,L1,mo_egbo_real,13,40,10,11801.88930775205,11,5.410992025314451,40,40,1,16862.250722434062,40,False,0
2,mAb_aggregation,L1,mo_egbo_real,15,40,10,13702.016103975371,10,5.849282576912512,40,30,1,16862.250722434062,40,False,0
2,mAb_aggregation,L1,mo_egbo_real,14,40,10,12592.134507655532,9,5.298726573777662,40,40,1,16862.250722434062,40,False,0
2,mAb_aggregation,L1,mo_egbo_real,16,40,10,13878.90064261006,7,9.400326813201955,40,25,0,16862.250722434062,40,False,0
2,mAb_aggregation,L1,mo_egbo_real,17,40,10,10116.795303206898,14,6.328871417752498,40,40,0,16862.250722434062,40,False,0
2,mAb_aggregation,L1,mo_egbo_real,18,40,10,15137.54401816319,4,10.218411031086973,40,15,1,16862.250722434062,40,False,0
2,mAb_aggregation,L1,mo_egbo_real,19,40,10,14677.320413806596,7,12.200141879222908,40,20,1,16862.250722434062,40,False,0
2,mAb_aggregation,L1,mo_egbo_real,20,40,10,11932.814146529094,13,4.324257396836052,40,40,0,16862.250722434062,40,False,0
2,mAb_aggregation,L1,mo_egbo_real,21,40,10,13159.830301770304,8,6.876240402081928,40,35,0,16862.250722434062,40,False,0
2,mAb_aggregation,L1,mo_egbo_real,22,40,10,12514.841917680817,9,6.69721807488328,40,35,0,16862.250722434062,40,False,0
2,mAb_aggregation,L1,mo_egbo_real,23,40,10,11516.563933579057,9,4.961899267736764,40,40,0,16862.250722434062,40,False,0
2,mAb_aggregation,L1,mo_egbo_real,24,40,10,14449.712903660084,7,6.666349040377406,40,30,1,16862.250722434062,40,False,0
2,mAb_aggregation,L1,mo_egbo_novelty,3,40,10,12026.819892786363,9,6.292996147813783,40,35,0,16862.250722434062,40,False,0
2,mAb_aggregation,L1,mo_egbo_novelty,1,40,10,13836.65855715086,11,6.071304043565267,40,20,0,16862.250722434062,40,False,0
2,mAb_aggregation,L1,mo_egbo_novelty,2,40,10,12840.851840912046,8,7.315584338443201,40,35,1,16862.250722434062,40,False,0
2,mAb_aggregation,L1,mo_egbo_novelty,0,40,10,13536.700989754348,12,3.838360994985483,40,30,0,16862.250722434062,40,False,0
2,mAb_aggregation,L1,mo_egbo_novelty,4,40,10,13324.911378975044,9,6.551177353733141,40,25,0,16862.250722434062,40,False,0
2,mAb_aggregation,L1,mo_egbo_novelty,5,40,10,11256.722785606771,17,5.080429801688471,40,40,0,16862.250722434062,40,False,0
2,mAb_aggregation,L1,mo_egbo_novelty,6,40,10,14329.002358483474,16,5.014519222372698,40,20,0,16862.250722434062,40,False,0
2,mAb_aggregation,L1,mo_egbo_novelty,7,40,10,10955.553309475166,15,5.0712994859401705,40,40,0,16862.250722434062,40,False,0
2,mAb_aggregation,L1,mo_egbo_novelty,8,40,10,13188.26886213376,13,4.338905478830133,40,30,0,16862.250722434062,40,False,0
2,mAb_aggregation,L1,mo_egbo_novelty,9,40,10,12359.30727135358,14,5.488684653040841,40,30,0,16862.250722434062,40,False,0
2,mAb_aggregation,L1,mo_egbo_novelty,10,40,10,12422.727914015177,6,10.202744172027478,40,25,1,16862.250722434062,40,False,0
2,mAb_aggregation,L1,mo_egbo_novelty,11,40,10,13386.046890287842,12,6.883678360453258,40,25,1,16862.250722434062,40,False,0
2,mAb_aggregation,L1,mo_egbo_novelty,12,40,10,14249.271208316308,11,5.6655534077294565,40,25,1,16862.250722434062,40,False,0
2,mAb_aggregation,L1,mo_egbo_novelty,13,40,10,14298.681367886496,11,4.502378540254549,40,35,0,16862.250722434062,40,False,0
2,mAb_aggregation,L1,mo_egbo_novelty,14,40,10,12518.430838131088,8,6.004470583748714,40,30,0,16862.250722434062,40,False,0
2,mAb_aggregation,L1,mo_egbo_novelty,15,40,10,12876.510204202006,14,4.320390388059323,40,35,0,16862.250722434062,40,False,0
2,mAb_aggregation,L1,mo_egbo_novelty,17,40,10,12511.58428993678,17,4.360412768377984,40,30,0,16862.250722434062,40,False,0
2,mAb_aggregation,L1,mo_egbo_novelty,16,40,10,13411.82101698645,7,5.648997361441992,40,35,1,16862.250722434062,40,False,0
2,mAb_aggregation,L1,mo_egbo_novelty,18,40,10,13653.781971034334,11,4.380263866000138,40,20,1,16862.250722434062,40,False,0
2,mAb_aggregation,L1,mo_egbo_novelty,20,40,10,13175.493470283767,10,5.507081869581024,40,30,1,16862.250722434062,40,False,0
2,mAb_aggregation,L1,mo_egbo_novelty,19,40,10,11045.596045612328,12,5.327906139195124,40,40,0,16862.250722434062,40,False,0
2,mAb_aggregation,L1,mo_egbo_novelty,21,40,10,13606.61722063204,11,5.438565233168577,40,20,0,16862.250722434062,40,False,0
2,mAb_aggregation,L1,mo_egbo_novelty,22,40,10,11530.412457422315,8,7.63307959082255,40,40,0,16862.250722434062,40,False,0
2,mAb_aggregation,L1,mo_egbo_novelty,23,40,10,10982.377275423154,12,6.654436288437579,40,40,0,16862.250722434062,40,False,0
2,mAb_aggregation,L1,mo_egbo_novelty,24,40,10,13389.421313628462,16,6.210978342984128,40,20,0,16862.250722434062,40,False,0
2,mAb_aggregation,L1,mo_ls_na_egbo,2,40,10,13098.0807162972,12,3.928494275221124,40,30,0,16862.250722434062,40,False,0
2,mAb_aggregation,L1,mo_ls_na_egbo,3,40,10,15222.7198758188,9,5.566976693153992,40,15,2,16862.250722434062,40,False,0
2,mAb_aggregation,L1,mo_ls_na_egbo,5,40,10,14788.96707638407,12,6.7908527298710615,40,15,1,16862.250722434062,40,False,0
2,mAb_aggregation,L1,mo_ls_na_egbo,1,40,10,11047.03617021342,15,5.414260400621254,40,40,0,16862.250722434062,40,False,1
2,mAb_aggregation,L1,mo_ls_na_egbo,7,40,10,12061.027588537509,14,4.300033380848838,40,40,0,16862.250722434062,40,False,0
2,mAb_aggregation,L1,mo_ls_na_egbo,0,40,10,13988.484012467849,13,4.416344712369274,40,25,1,16862.250722434062,40,False,2
2,mAb_aggregation,L1,mo_ls_na_egbo,4,40,10,13934.704981162446,11,5.645603126118302,40,25,1,16862.250722434062,40,False,1
2,mAb_aggregation,L1,mo_ls_na_egbo,9,40,10,12677.346292069304,12,5.431930290667104,40,25,0,16862.250722434062,40,False,1
2,mAb_aggregation,L1,mo_ls_na_egbo,6,40,10,14046.612454994076,5,11.05983115915744,40,30,3,16862.250722434062,40,True,2
2,mAb_aggregation,L1,mo_ls_na_egbo,8,40,10,13285.218910264251,8,8.201820203159311,40,25,0,16862.250722434062,40,True,2
2,mAb_aggregation,L1,mo_ls_na_egbo,12,40,10,14520.552801837111,11,8.119801158766279,40,15,1,16862.250722434062,40,False,0
2,mAb_aggregation,L1,mo_ls_na_egbo,10,40,10,13220.815314623624,11,5.804098320021673,40,20,0,16862.250722434062,40,True,2
2,mAb_aggregation,L1,mo_ls_na_egbo,11,40,10,14675.451950312188,7,7.405227757727393,40,20,2,16862.250722434062,40,False,1
2,mAb_aggregation,L1,mo_ls_na_egbo,16,40,10,15218.648078281278,4,9.771473076352247,30,30,3,16862.250722434062,40,False,0
2,mAb_aggregation,L1,mo_ls_na_egbo,15,40,10,13273.097971599058,11,5.315848254368884,40,40,1,16862.250722434062,40,False,1
2,mAb_aggregation,L1,mo_ls_na_egbo,13,40,10,13410.592173078598,9,5.37746047245355,40,15,2,16862.250722434062,40,False,2
2,mAb_aggregation,L1,mo_ls_na_egbo,14,40,10,11279.796933084346,11,6.610255834000002,40,40,0,16862.250722434062,40,False,2
2,mAb_aggregation,L1,mo_ls_na_egbo,18,40,10,11961.856089730343,9,7.431129449052925,40,20,3,16862.250722434062,40,False,1
2,mAb_aggregation,L1,mo_ls_na_egbo,20,40,10,14634.728194126255,9,6.467740327023437,40,20,1,16862.250722434062,40,False,0
2,mAb_aggregation,L1,mo_ls_na_egbo,19,40,10,13054.546292157464,15,5.717182596210645,40,20,0,16862.250722434062,40,False,0
2,mAb_aggregation,L1,mo_ls_na_egbo,17,40,10,11406.5397603337,11,5.185727168174131,40,40,0,16862.250722434062,40,True,2
2,mAb_aggregation,L1,mo_ls_na_egbo,21,40,10,10915.144190279832,14,5.202853227059002,40,40,0,16862.250722434062,40,False,0
2,mAb_aggregation,L1,mo_ls_na_egbo,24,40,10,10809.700455921104,10,4.6562270952173,40,40,0,16862.250722434062,40,False,0
2,mAb_aggregation,L1,mo_ls_na_egbo,22,40,10,11391.02211598331,12,5.036853690798971,40,40,1,16862.250722434062,40,False,1
2,mAb_aggregation,L1,mo_ls_na_egbo,23,40,10,15560.842359187516,12,4.773500380184987,40,25,0,16862.250722434062,40,False,1
2,mAb_aggregation,blank,mo_random,1,40,10,12626.855300804958,9,6.253030032572923,40,25,1,16862.250722434062,40,False,0
2,mAb_aggregation,blank,mo_random,2,40,10,11567.827829661712,7,6.3323954750889575,40,40,0,16862.250722434062,40,False,0
2,mAb_aggregation,blank,mo_random,3,40,10,7345.235527098343,8,9.074063239761085,40,40,1,16862.250722434062,40,False,0
2,mAb_aggregation,blank,mo_random,0,40,10,10174.794456037647,10,6.979322740202235,40,40,0,16862.250722434062,40,False,0
2,mAb_aggregation,blank,mo_random,4,40,10,14327.499116852396,6,8.465997188173922,40,25,1,16862.250722434062,40,False,0
2,mAb_aggregation,blank,mo_random,5,40,10,14369.109534470816,6,7.466777941972325,40,35,1,16862.250722434062,40,False,0
2,mAb_aggregation,blank,mo_random,6,40,10,10122.93349451616,9,6.489297968072653,40,40,1,16862.250722434062,40,False,0
2,mAb_aggregation,blank,mo_random,8,40,10,9957.544207778645,10,9.5839282866894,40,40,1,16862.250722434062,40,False,0
2,mAb_aggregation,blank,mo_random,9,40,10,9988.43443352674,12,6.12174078628213,40,40,0,16862.250722434062,40,False,0
2,mAb_aggregation,blank,mo_random,10,40,10,11252.116675792664,9,5.909142221551929,40,40,0,16862.250722434062,40,False,0
2,mAb_aggregation,blank,mo_random,7,40,10,10763.620715437732,15,5.397700950547741,40,40,0,16862.250722434062,40,False,0
2,mAb_aggregation,blank,mo_random,11,40,10,10341.104230456736,13,5.264576749558163,40,40,1,16862.250722434062,40,False,0
2,mAb_aggregation,blank,mo_random,12,40,10,10054.53369097395,12,8.530896082314227,40,40,2,16862.250722434062,40,False,0
2,mAb_aggregation,blank,mo_random,13,40,10,10315.45306653758,8,5.583464792351347,40,40,2,16862.250722434062,40,False,0
2,mAb_aggregation,blank,mo_random,15,40,10,12330.475816311247,11,5.844503317562019,40,40,0,16862.250722434062,40,False,0
2,mAb_aggregation,blank,mo_random,16,40,10,13046.663784743892,6,7.352814665917795,40,15,3,16862.250722434062,40,False,0
2,mAb_aggregation,blank,mo_random,17,40,10,13891.765703933235,9,6.077860500210664,40,15,1,16862.250722434062,40,False,0
2,mAb_aggregation,blank,mo_random,14,40,10,10655.82754846861,7,6.955893046442228,40,40,1,16862.250722434062,40,False,0
2,mAb_aggregation,blank,mo_random,18,40,10,11376.808926516032,8,6.7447463294651575,40,40,0,16862.250722434062,40,False,0
2,mAb_aggregation,blank,mo_random,19,40,10,10515.782082065496,12,5.489813101680874,40,40,1,16862.250722434062,40,False,0
2,mAb_aggregation,blank,mo_random,20,40,10,12620.817146702246,8,9.741056877691124,40,15,3,16862.250722434062,40,False,0
2,mAb_aggregation,blank,mo_random,22,40,10,5841.74849614114,9,11.230134500999176,40,40,1,16862.250722434062,40,False,0
2,mAb_aggregation,blank,mo_random,23,40,10,8305.292688446596,11,6.651090974062523,40,40,1,16862.250722434062,40,False,0
2,mAb_aggregation,blank,mo_random,24,40,10,11414.089543805696,10,5.034601409763248,40,40,1,16862.250722434062,40,False,0
2,mAb_aggregation,blank,mo_random,21,40,10,9947.422108542338,8,8.691922533059566,40,40,1,16862.250722434062,40,False,0
2,mAb_aggregation,blank,mo_egbo,0,40,10,11128.883554071936,11,4.978423256167457,40,40,0,16862.250722434062,40,False,0
2,mAb_aggregation,blank,mo_egbo,2,40,10,12775.765941234376,11,5.122163345165833,40,40,0,16862.250722434062,40,False,0
2,mAb_aggregation,blank,mo_egbo,1,40,10,16075.65865805542,5,10.653930589161645,25,25,1,16862.250722434062,40,False,0
2,mAb_aggregation,blank,mo_egbo,3,40,10,11119.887450689455,13,7.198354623618086,40,40,1,16862.250722434062,40,False,0
2,mAb_aggregation,blank,mo_egbo,4,40,10,16344.804619351751,8,8.446108120913353,40,20,1,16862.250722434062,40,False,0
2,mAb_aggregation,blank,mo_egbo,8,40,10,10816.888450394086,13,4.718122393488509,40,40,1,16862.250722434062,40,False,0
2,mAb_aggregation,blank,mo_egbo,5,40,10,12850.711388846938,10,4.995754682324011,40,15,1,16862.250722434062,40,False,0
2,mAb_aggregation,blank,mo_egbo,6,40,10,11618.523633272189,9,5.95994830308228,40,40,0,16862.250722434062,40,False,0
2,mAb_aggregation,blank,mo_egbo,7,40,10,12575.893558127733,11,5.3298310234442985,40,40,0,16862.250722434062,40,False,0
2,mAb_aggregation,blank,mo_egbo,9,40,10,12166.847978230937,11,5.6814704565782055,40,40,1,16862.250722434062,40,False,0
2,mAb_aggregation,blank,mo_egbo,13,40,10,15133.107925228644,13,5.438600788265816,40,20,1,16862.250722434062,40,False,0
2,mAb_aggregation,blank,mo_egbo,10,40,10,12709.515875865312,9,5.769641353396127,40,40,1,16862.250722434062,40,False,0
2,mAb_aggregation,blank,mo_egbo,11,40,10,15765.5204229486,11,6.099772717286144,35,20,1,16862.250722434062,40,False,0
2,mAb_aggregation,blank,mo_egbo,14,40,10,11058.279612861486,9,6.064605192978531,40,40,0,16862.250722434062,40,False,0
2,mAb_aggregation,blank,mo_egbo,12,40,10,16215.702310841443,7,7.401655510117419,30,30,2,16862.250722434062,40,False,0
2,mAb_aggregation,blank,mo_egbo,17,40,10,14697.930238627236,4,11.647924475867756,40,25,1,16862.250722434062,40,False,0
2,mAb_aggregation,blank,mo_egbo,15,40,10,14101.799797327994,9,11.889953976970824,40,30,0,16862.250722434062,40,False,0
2,mAb_aggregation,blank,mo_egbo,16,40,10,13055.642721318613,12,5.504541111023367,40,40,0,16862.250722434062,40,False,0
2,mAb_aggregation,blank,mo_egbo,18,40,10,15238.89324383738,9,8.053396239350812,35,25,0,16862.250722434062,40,False,0
2,mAb_aggregation,blank,mo_egbo,19,40,10,12942.75530135028,7,6.633338571201507,40,25,1,16862.250722434062,40,False,0
2,mAb_aggregation,blank,mo_egbo,22,40,10,14446.729277399756,6,9.234078350696052,40,40,0,16862.250722434062,40,False,0
2,mAb_aggregation,blank,mo_egbo,23,40,10,11586.991273529202,8,6.006011482966352,40,40,0,16862.250722434062,40,False,0
2,mAb_aggregation,blank,mo_egbo,20,40,10,13382.806071479996,11,4.973020570435618,40,30,0,16862.250722434062,40,False,0
2,mAb_aggregation,blank,mo_egbo,21,40,10,12703.712901082376,8,5.852994849826306,40,25,0,16862.250722434062,40,False,0
2,mAb_aggregation,blank,mo_egbo,24,40,10,14939.365861424343,8,6.188426598701439,40,20,1,16862.250722434062,40,False,0
2,mAb_aggregation,blank,mo_egbo_real,3,40,10,12023.136636345358,8,8.424386130195874,40,35,0,16862.250722434062,40,False,0
2,mAb_aggregation,blank,mo_egbo_real,1,40,10,14194.584406640048,7,6.443036653080012,40,40,0,16862.250722434062,40,False,0
2,mAb_aggregation,blank,mo_egbo_real,0,40,10,12671.13256009961,12,5.07028957490177,40,35,0,16862.250722434062,40,False,0
2,mAb_aggregation,blank,mo_egbo_real,2,40,10,13885.29690338594,7,8.38946173223059,40,15,1,16862.250722434062,40,False,0
2,mAb_aggregation,blank,mo_egbo_real,4,40,10,14370.378462903109,11,5.6930702413905,40,20,0,16862.250722434062,40,False,0
2,mAb_aggregation,blank,mo_egbo_real,5,40,10,12698.04866506514,13,4.886929725700815,40,40,1,16862.250722434062,40,False,0
2,mAb_aggregation,blank,mo_egbo_real,7,40,10,11509.933313680114,16,4.084186638291157,40,40,0,16862.250722434062,40,False,0
2,mAb_aggregation,blank,mo_egbo_real,6,40,10,13812.232185373943,17,5.3532567191014975,40,20,0,16862.250722434062,40,False,0
2,mAb_aggregation,blank,mo_egbo_real,8,40,10,12485.256687380404,9,4.944478182405606,40,35,0,16862.250722434062,40,False,0
2,mAb_aggregation,blank,mo_egbo_real,11,40,10,13342.514187196117,13,4.256663273266335,40,35,0,16862.250722434062,40,False,0
2,mAb_aggregation,blank,mo_egbo_real,10,40,10,11741.18475856869,11,5.519285595263377,40,40,0,16862.250722434062,40,False,0
2,mAb_aggregation,blank,mo_egbo_real,9,40,10,11351.333905213418,9,7.265896370191256,40,40,1,16862.250722434062,40,False,0
2,mAb_aggregation,blank,mo_egbo_real,12,40,10,14055.345271468545,15,4.597740674932353,40,20,0,16862.250722434062,40,False,0
2,mAb_aggregation,blank,mo_egbo_real,13,40,10,12360.36998790054,11,4.960430889695251,40,30,1,16862.250722434062,40,False,0
2,mAb_aggregation,blank,mo_egbo_real,14,40,10,13196.727290695882,9,6.976230451792019,40,35,0,16862.250722434062,40,False,0
2,mAb_aggregation,blank,mo_egbo_real,15,40,10,11938.302132452189,10,6.240461472037346,40,30,1,16862.250722434062,40,False,0
2,mAb_aggregation,blank,mo_egbo_real,16,40,10,11650.381279256531,10,6.901506887781469,40,40,1,16862.250722434062,40,False,0
2,mAb_aggregation,blank,mo_egbo_real,18,40,10,14565.017454039147,9,7.159375437226373,40,15,2,16862.250722434062,40,False,0
2,mAb_aggregation,blank,mo_egbo_real,17,40,10,13321.024715660147,6,6.203861094055744,40,20,1,16862.250722434062,40,False,0
2,mAb_aggregation,blank,mo_egbo_real,19,40,10,13539.30112869134,15,5.953044643533054,40,25,0,16862.250722434062,40,False,0
2,mAb_aggregation,blank,mo_egbo_real,20,40,10,12234.907472204644,14,4.43408174570793,40,35,0,16862.250722434062,40,False,0
2,mAb_aggregation,blank,mo_egbo_real,21,40,10,13118.844664798278,12,5.829417399918162,40,30,0,16862.250722434062,40,False,0
2,mAb_aggregation,blank,mo_egbo_real,23,40,10,13218.331345256196,11,6.30036873472874,40,40,0,16862.250722434062,40,False,0
2,mAb_aggregation,blank,mo_egbo_real,22,40,10,9757.402289637688,10,7.014538162103467,40,40,0,16862.250722434062,40,False,0
2,mAb_aggregation,blank,mo_egbo_real,24,40,10,13836.388332381195,6,7.052819383217815,40,25,3,16862.250722434062,40,False,0
2,mAb_aggregation,blank,mo_egbo_novelty,3,40,10,13371.006688030053,9,5.885934176406216,40,20,0,16862.250722434062,40,False,0
2,mAb_aggregation,blank,mo_egbo_novelty,1,40,10,13443.8465104118,9,8.941382090131196,40,25,1,16862.250722434062,40,False,0
2,mAb_aggregation,blank,mo_egbo_novelty,2,40,10,11862.380706547796,10,5.777792702832028,40,40,0,16862.250722434062,40,False,0
2,mAb_aggregation,blank,mo_egbo_novelty,0,40,10,10882.758050424853,10,5.357191287377398,40,40,1,16862.250722434062,40,False,0
2,mAb_aggregation,blank,mo_egbo_novelty,5,40,10,13098.782533532642,8,5.758530993395203,40,30,0,16862.250722434062,40,False,0
2,mAb_aggregation,blank,mo_egbo_novelty,4,40,10,12106.40193114712,9,7.146181570023051,40,40,0,16862.250722434062,40,False,0
2,mAb_aggregation,blank,mo_egbo_novelty,6,40,10,14946.794134275522,12,5.107433722831358,40,25,0,16862.250722434062,40,False,0
2,mAb_aggregation,blank,mo_egbo_novelty,7,40,10,11218.074736260616,16,4.938660694574214,40,40,0,16862.250722434062,40,False,0
2,mAb_aggregation,blank,mo_egbo_novelty,8,40,10,11493.403803354338,12,5.966914444757474,40,40,0,16862.250722434062,40,False,0
2,mAb_aggregation,blank,mo_egbo_novelty,9,40,10,12309.21430979396,11,6.751412510840042,40,30,0,16862.250722434062,40,False,0
2,mAb_aggregation,blank,mo_egbo_novelty,10,40,10,13873.04739663165,6,8.505568280976991,40,30,0,16862.250722434062,40,False,0
2,mAb_aggregation,blank,mo_egbo_novelty,11,40,10,14510.962791916038,15,3.856857802142837,40,15,1,16862.250722434062,40,False,0
2,mAb_aggregation,blank,mo_egbo_novelty,12,40,10,13354.3788640083,11,5.80189626003926,40,20,1,16862.250722434062,40,False,0
2,mAb_aggregation,blank,mo_egbo_novelty,13,40,10,11562.012321363982,13,7.33294992150745,40,40,0,16862.250722434062,40,False,0
2,mAb_aggregation,blank,mo_egbo_novelty,14,40,10,12506.59486274354,11,4.75737702158731,40,25,2,16862.250722434062,40,False,0
2,mAb_aggregation,blank,mo_egbo_novelty,15,40,10,10907.931687195984,13,5.315986541205192,40,40,0,16862.250722434062,40,False,0
2,mAb_aggregation,blank,mo_egbo_novelty,16,40,10,11619.786623056209,12,5.223916481963856,40,40,0,16862.250722434062,40,False,0
2,mAb_aggregation,blank,mo_egbo_novelty,17,40,10,14051.769643763111,9,6.716655266711329,40,30,0,16862.250722434062,40,False,0
2,mAb_aggregation,blank,mo_egbo_novelty,18,40,10,12874.56411430778,8,6.789625023907295,40,20,2,16862.250722434062,40,False,0
2,mAb_aggregation,blank,mo_egbo_novelty,19,40,10,9288.367972136186,15,7.010299512561153,40,40,0,16862.250722434062,40,False,0
2,mAb_aggregation,blank,mo_egbo_novelty,20,40,10,12822.603067362068,9,5.534878409952156,40,30,0,16862.250722434062,40,False,0
2,mAb_aggregation,blank,mo_egbo_novelty,21,40,10,12537.799730845116,4,9.581577221608978,40,25,2,16862.250722434062,40,False,0
2,mAb_aggregation,blank,mo_egbo_novelty,22,40,10,10505.685348382856,9,5.9444870814656925,40,40,1,16862.250722434062,40,False,0
2,mAb_aggregation,blank,mo_egbo_novelty,24,40,10,13489.522038608837,9,9.097545661544666,40,25,1,16862.250722434062,40,False,0
2,mAb_aggregation,blank,mo_egbo_novelty,23,40,10,12162.085180271291,12,6.189592408949814,40,35,0,16862.250722434062,40,False,0
2,mAb_aggregation,blank,mo_ls_na_egbo,2,40,10,13228.634297950352,12,4.717017768022207,40,25,0,16862.250722434062,40,False,0
2,mAb_aggregation,blank,mo_ls_na_egbo,3,40,10,13946.7754075429,9,5.450988963195005,40,15,2,16862.250722434062,40,False,0
2,mAb_aggregation,blank,mo_ls_na_egbo,5,40,10,15442.63098346393,14,6.4188741879972415,35,15,0,16862.250722434062,40,False,0
2,mAb_aggregation,blank,mo_ls_na_egbo,1,40,10,13397.26200091516,5,8.609251223289473,40,15,3,16862.250722434062,40,False,1
2,mAb_aggregation,blank,mo_ls_na_egbo,6,40,10,13618.219303045673,12,6.437076745018159,40,25,0,16862.250722434062,40,False,0
2,mAb_aggregation,blank,mo_ls_na_egbo,0,40,10,14025.11611131033,8,6.3061231677646825,40,25,0,16862.250722434062,40,True,2
2,mAb_aggregation,blank,mo_ls_na_egbo,4,40,10,12923.372938951505,8,6.702928641116286,40,35,0,16862.250722434062,40,False,2
2,mAb_aggregation,blank,mo_ls_na_egbo,7,40,10,13704.511299039064,6,7.301150335919137,40,40,1,16862.250722434062,40,False,1
2,mAb_aggregation,blank,mo_ls_na_egbo,11,40,10,14762.034369760351,7,7.224118326821652,40,30,0,16862.250722434062,40,False,0
2,mAb_aggregation,blank,mo_ls_na_egbo,8,40,10,14093.079967853471,12,7.468955888157256,40,20,0,16862.250722434062,40,True,2
2,mAb_aggregation,blank,mo_ls_na_egbo,9,40,10,13550.50722590605,4,17.761040292174847,40,20,1,16862.250722434062,40,True,2
2,mAb_aggregation,blank,mo_ls_na_egbo,10,40,10,15944.844788075789,9,12.592235867878475,30,20,0,16862.250722434062,40,False,2
2,mAb_aggregation,blank,mo_ls_na_egbo,13,40,10,12367.240163871533,9,5.44308128011844,40,25,1,16862.250722434062,40,False,0
2,mAb_aggregation,blank,mo_ls_na_egbo,15,40,10,12685.338653147362,6,6.565428093183509,40,25,0,16862.250722434062,40,False,0
2,mAb_aggregation,blank,mo_ls_na_egbo,12,40,10,14932.035028935094,5,6.350564638425839,40,15,2,16862.250722434062,40,True,2
2,mAb_aggregation,blank,mo_ls_na_egbo,16,40,10,15119.669103025908,9,5.649193449488372,40,25,1,16862.250722434062,40,False,1
2,mAb_aggregation,blank,mo_ls_na_egbo,14,40,10,13269.307759286714,12,5.955867285199396,40,25,0,16862.250722434062,40,True,2
2,mAb_aggregation,blank,mo_ls_na_egbo,17,40,10,11285.56238443329,11,6.26919584673783,40,40,0,16862.250722434062,40,False,1
2,mAb_aggregation,blank,mo_ls_na_egbo,18,40,10,13999.972247876924,8,8.224653428334733,40,15,1,16862.250722434062,40,False,1
2,mAb_aggregation,blank,mo_ls_na_egbo,20,40,10,14089.361228312351,12,5.231879092679393,40,20,0,16862.250722434062,40,False,1
2,mAb_aggregation,blank,mo_ls_na_egbo,19,40,10,14983.578100174082,7,6.266894501374729,40,40,0,16862.250722434062,40,True,2
2,mAb_aggregation,blank,mo_ls_na_egbo,21,40,10,13747.154791254005,10,5.757486254667413,40,35,0,16862.250722434062,40,True,2
2,mAb_aggregation,blank,mo_ls_na_egbo,24,40,10,11241.667729352845,14,5.462680169552645,40,40,0,16862.250722434062,40,False,0
2,mAb_aggregation,blank,mo_ls_na_egbo,22,40,10,12879.551712104296,8,6.01147460627464,40,35,0,16862.250722434062,40,True,2
2,mAb_aggregation,blank,mo_ls_na_egbo,23,40,10,14360.089821688516,10,10.209604258251025,40,30,0,16862.250722434062,40,True,2
2,mAb_aggregation,wrong,mo_random,0,40,10,10174.794456037647,10,6.979322740202235,40,40,0,16862.250722434062,40,False,0
2,mAb_aggregation,wrong,mo_random,3,40,10,7345.235527098343,8,9.074063239761085,40,40,1,16862.250722434062,40,False,0
2,mAb_aggregation,wrong,mo_random,2,40,10,11567.827829661712,7,6.3323954750889575,40,40,0,16862.250722434062,40,False,0
2,mAb_aggregation,wrong,mo_random,1,40,10,12626.855300804958,9,6.253030032572923,40,25,1,16862.250722434062,40,False,0
2,mAb_aggregation,wrong,mo_random,4,40,10,14327.499116852396,6,8.465997188173922,40,25,1,16862.250722434062,40,False,0
2,mAb_aggregation,wrong,mo_random,5,40,10,14369.109534470816,6,7.466777941972325,40,35,1,16862.250722434062,40,False,0
2,mAb_aggregation,wrong,mo_random,6,40,10,10122.93349451616,9,6.489297968072653,40,40,1,16862.250722434062,40,False,0
2,mAb_aggregation,wrong,mo_random,8,40,10,9957.544207778645,10,9.5839282866894,40,40,1,16862.250722434062,40,False,0
2,mAb_aggregation,wrong,mo_random,9,40,10,9988.43443352674,12,6.12174078628213,40,40,0,16862.250722434062,40,False,0
2,mAb_aggregation,wrong,mo_random,10,40,10,11252.116675792664,9,5.909142221551929,40,40,0,16862.250722434062,40,False,0
2,mAb_aggregation,wrong,mo_random,7,40,10,10763.620715437732,15,5.397700950547741,40,40,0,16862.250722434062,40,False,0
2,mAb_aggregation,wrong,mo_random,11,40,10,10341.104230456736,13,5.264576749558163,40,40,1,16862.250722434062,40,False,0
2,mAb_aggregation,wrong,mo_random,12,40,10,10054.53369097395,12,8.530896082314227,40,40,2,16862.250722434062,40,False,0
2,mAb_aggregation,wrong,mo_random,16,40,10,13046.663784743892,6,7.352814665917795,40,15,3,16862.250722434062,40,False,0
2,mAb_aggregation,wrong,mo_random,15,40,10,12330.475816311247,11,5.844503317562019,40,40,0,16862.250722434062,40,False,0
2,mAb_aggregation,wrong,mo_random,13,40,10,10315.45306653758,8,5.583464792351347,40,40,2,16862.250722434062,40,False,0
2,mAb_aggregation,wrong,mo_random,14,40,10,10655.82754846861,7,6.955893046442228,40,40,1,16862.250722434062,40,False,0
2,mAb_aggregation,wrong,mo_random,17,40,10,13891.765703933235,9,6.077860500210664,40,15,1,16862.250722434062,40,False,0
2,mAb_aggregation,wrong,mo_random,18,40,10,11376.808926516032,8,6.7447463294651575,40,40,0,16862.250722434062,40,False,0
2,mAb_aggregation,wrong,mo_random,21,40,10,9947.422108542338,8,8.691922533059566,40,40,1,16862.250722434062,40,False,0
2,mAb_aggregation,wrong,mo_random,19,40,10,10515.782082065496,12,5.489813101680874,40,40,1,16862.250722434062,40,False,0
2,mAb_aggregation,wrong,mo_random,22,40,10,5841.74849614114,9,11.230134500999176,40,40,1,16862.250722434062,40,False,0
2,mAb_aggregation,wrong,mo_random,20,40,10,12620.817146702246,8,9.741056877691124,40,15,3,16862.250722434062,40,False,0
2,mAb_aggregation,wrong,mo_random,23,40,10,8305.292688446596,11,6.651090974062523,40,40,1,16862.250722434062,40,False,0
2,mAb_aggregation,wrong,mo_random,24,40,10,11414.089543805696,10,5.034601409763248,40,40,1,16862.250722434062,40,False,0
2,mAb_aggregation,wrong,mo_egbo,2,40,10,12775.765941234376,11,5.122163345165833,40,40,0,16862.250722434062,40,False,0
2,mAb_aggregation,wrong,mo_egbo,0,40,10,11529.046805362985,10,5.402606367643878,40,40,0,16862.250722434062,40,False,0
2,mAb_aggregation,wrong,mo_egbo,1,40,10,15693.831040258588,7,6.40454191248561,25,25,2,16862.250722434062,40,False,0
2,mAb_aggregation,wrong,mo_egbo,5,40,10,13059.261737412784,11,5.187946409235733,40,25,1,16862.250722434062,40,False,0
2,mAb_aggregation,wrong,mo_egbo,4,40,10,16302.982124526345,9,8.343953415469626,30,20,2,16862.250722434062,40,False,0
2,mAb_aggregation,wrong,mo_egbo,3,40,10,11536.998201380084,13,5.633566289573395,40,40,0,16862.250722434062,40,False,0
2,mAb_aggregation,wrong,mo_egbo,6,40,10,11618.523633272189,9,5.95994830308228,40,40,0,16862.250722434062,40,False,0
2,mAb_aggregation,wrong,mo_egbo,8,40,10,10816.888450394086,13,4.718122393488509,40,40,1,16862.250722434062,40,False,0
2,mAb_aggregation,wrong,mo_egbo,7,40,10,14241.85943204772,12,4.206018099103014,40,25,0,16862.250722434062,40,False,0
2,mAb_aggregation,wrong,mo_egbo,10,40,10,11127.333679678775,11,5.5672631304484845,40,40,0,16862.250722434062,40,False,0
2,mAb_aggregation,wrong,mo_egbo,11,40,10,15765.5204229486,11,6.099772717286144,35,20,1,16862.250722434062,40,False,0
2,mAb_aggregation,wrong,mo_egbo,12,40,10,16215.702310841443,7,7.401655510117419,30,30,2,16862.250722434062,40,False,0
2,mAb_aggregation,wrong,mo_egbo,9,40,10,12166.847978230937,11,5.6814704565782055,40,40,1,16862.250722434062,40,False,0
2,mAb_aggregation,wrong,mo_egbo,13,40,10,12740.298091454712,12,6.78386250154356,40,15,1,16862.250722434062,40,False,0
2,mAb_aggregation,wrong,mo_egbo,15,40,10,14101.799797327994,9,11.889953976970824,40,30,0,16862.250722434062,40,False,0
2,mAb_aggregation,wrong,mo_egbo,14,40,10,11054.213066536253,8,5.699427989849016,40,40,1,16862.250722434062,40,False,0
2,mAb_aggregation,wrong,mo_egbo,17,40,10,14697.930238627236,4,11.647924475867756,40,25,1,16862.250722434062,40,False,0
2,mAb_aggregation,wrong,mo_egbo,18,40,10,15173.026935369213,6,8.45389232704217,40,30,2,16862.250722434062,40,False,0
2,mAb_aggregation,wrong,mo_egbo,19,40,10,12942.75530135028,7,6.633338571201507,40,25,1,16862.250722434062,40,False,0
2,mAb_aggregation,wrong,mo_egbo,16,40,10,14712.5806911275,11,6.338041326710292,40,30,0,16862.250722434062,40,False,0
2,mAb_aggregation,wrong,mo_egbo,20,40,10,13382.806071479996,11,4.973020570435618,40,30,0,16862.250722434062,40,False,0
2,mAb_aggregation,wrong,mo_egbo,22,40,10,12462.232060084603,11,8.520028922690246,40,40,0,16862.250722434062,40,False,0
2,mAb_aggregation,wrong,mo_egbo,21,40,10,12585.225774741508,9,5.606294132654392,40,35,1,16862.250722434062,40,False,0
2,mAb_aggregation,wrong,mo_egbo,24,40,10,15544.9986077984,7,6.754481754996944,30,20,1,16862.250722434062,40,False,0
2,mAb_aggregation,wrong,mo_egbo,23,40,10,11586.991273529202,8,6.006011482966352,40,40,0,16862.250722434062,40,False,0
2,mAb_aggregation,wrong,mo_egbo_real,1,40,10,13941.700201965416,7,7.134219212790245,40,15,3,16862.250722434062,40,False,0
2,mAb_aggregation,wrong,mo_egbo_real,3,40,10,12206.722241120622,8,9.335069801179346,40,40,1,16862.250722434062,40,False,0
2,mAb_aggregation,wrong,mo_egbo_real,0,40,10,12611.811255125378,12,4.755965736715577,40,40,0,16862.250722434062,40,False,0
2,mAb_aggregation,wrong,mo_egbo_real,2,40,10,13826.422448939931,10,5.706051902766263,40,25,0,16862.250722434062,40,False,0
2,mAb_aggregation,wrong,mo_egbo_real,6,40,10,14516.5963462623,14,6.2754963215436765,40,20,0,16862.250722434062,40,False,0
2,mAb_aggregation,wrong,mo_egbo_real,5,40,10,13090.085739390412,14,4.320190074518827,40,40,0,16862.250722434062,40,False,0
2,mAb_aggregation,wrong,mo_egbo_real,4,40,10,13623.04121525141,8,5.656469132506718,40,35,0,16862.250722434062,40,False,0
2,mAb_aggregation,wrong,mo_egbo_real,7,40,10,11386.207827381688,13,7.137075334050281,40,40,0,16862.250722434062,40,False,0
2,mAb_aggregation,wrong,mo_egbo_real,9,40,10,14546.723642713465,10,8.469234822287966,40,15,0,16862.250722434062,40,False,0
2,mAb_aggregation,wrong,mo_egbo_real,8,40,10,12758.57220476953,10,5.2406144781472905,40,25,0,16862.250722434062,40,False,0
2,mAb_aggregation,wrong,mo_egbo_real,10,40,10,13181.96231303351,10,5.436920931879233,40,25,0,16862.250722434062,40,False,0
2,mAb_aggregation,wrong,mo_egbo_real,11,40,10,16671.121239822485,1,27.03086971706581,30,30,2,16862.250722434062,40,False,0
2,mAb_aggregation,wrong,mo_egbo_real,12,40,10,14716.51508251919,9,4.796994572103176,40,20,0,16862.250722434062,40,False,0
2,mAb_aggregation,wrong,mo_egbo_real,13,40,10,12955.26962663373,11,5.042541210239912,40,30,2,16862.250722434062,40,False,0
2,mAb_aggregation,wrong,mo_egbo_real,14,40,10,11127.357050370145,12,5.955309018094615,40,40,0,16862.250722434062,40,False,0
2,mAb_aggregation,wrong,mo_egbo_real,15,40,10,11876.108565370649,12,7.179681444794107,40,35,0,16862.250722434062,40,False,0
2,mAb_aggregation,wrong,mo_egbo_real,16,40,10,14304.400985650384,9,5.14291035204691,40,25,0,16862.250722434062,40,False,0
2,mAb_aggregation,wrong,mo_egbo_real,17,40,10,12938.44368770726,4,8.82212908351853,40,20,1,16862.250722434062,40,False,0
2,mAb_aggregation,wrong,mo_egbo_real,18,40,10,14903.659538978662,6,10.700776798753894,40,15,3,16862.250722434062,40,False,0
2,mAb_aggregation,wrong,mo_egbo_real,19,40,10,14934.597684185816,11,10.641612901931587,40,25,0,16862.250722434062,40,False,0
2,mAb_aggregation,wrong,mo_egbo_real,20,40,10,12758.804264832816,11,8.496407517479508,40,30,0,16862.250722434062,40,False,0
2,mAb_aggregation,wrong,mo_egbo_real,21,40,10,12796.207644293278,11,6.455992225003837,40,35,0,16862.250722434062,40,False,0
2,mAb_aggregation,wrong,mo_egbo_real,22,40,10,14340.221763003476,9,7.529527078633916,40,35,1,16862.250722434062,40,False,0
2,mAb_aggregation,wrong,mo_egbo_real,23,40,10,11696.129526434785,10,4.889843790537936,40,40,0,16862.250722434062,40,False,0
2,mAb_aggregation,wrong,mo_egbo_real,24,40,10,12435.018185398663,10,5.641318677760647,40,25,0,16862.250722434062,40,False,0
2,mAb_aggregation,wrong,mo_egbo_novelty,3,40,10,13061.578801120266,8,6.978995113180543,40,25,1,16862.250722434062,40,False,0
2,mAb_aggregation,wrong,mo_egbo_novelty,1,40,10,13088.94927653876,8,6.408796850410112,40,25,2,16862.250722434062,40,False,0
2,mAb_aggregation,wrong,mo_egbo_novelty,0,40,10,12445.89337780517,15,4.680935135204159,40,30,1,16862.250722434062,40,False,0
2,mAb_aggregation,wrong,mo_egbo_novelty,2,40,10,11998.993493500133,8,5.654343199848581,40,40,2,16862.250722434062,40,False,0
2,mAb_aggregation,wrong,mo_egbo_novelty,4,40,10,12368.20137548597,7,6.701896307208105,40,35,0,16862.250722434062,40,False,0
2,mAb_aggregation,wrong,mo_egbo_novelty,5,40,10,10060.004328720212,12,6.156870872424655,40,40,0,16862.250722434062,40,False,0
2,mAb_aggregation,wrong,mo_egbo_novelty,6,40,10,15471.173117129742,13,5.603111120022755,35,20,0,16862.250722434062,40,False,0
2,mAb_aggregation,wrong,mo_egbo_novelty,7,40,10,12471.916962593365,12,5.21716926614234,40,40,0,16862.250722434062,40,False,0
2,mAb_aggregation,wrong,mo_egbo_novelty,8,40,10,13495.506282705912,14,4.532480335382448,40,25,0,16862.250722434062,40,False,0
2,mAb_aggregation,wrong,mo_egbo_novelty,9,40,10,12070.800476256942,11,5.359463311356191,40,40,0,16862.250722434062,40,False,0
2,mAb_aggregation,wrong,mo_egbo_novelty,10,40,10,12111.016366844804,8,9.755779237071604,40,25,1,16862.250722434062,40,False,0
2,mAb_aggregation,wrong,mo_egbo_novelty,11,40,10,15017.747282853084,12,5.005890868122562,40,15,1,16862.250722434062,40,False,0
2,mAb_aggregation,wrong,mo_egbo_novelty,13,40,10,11938.078965762184,9,6.888632755929055,40,35,0,16862.250722434062,40,False,0
2,mAb_aggregation,wrong,mo_egbo_novelty,12,40,10,13851.37171448182,10,5.610544135777878,40,25,1,16862.250722434062,40,False,0
2,mAb_aggregation,wrong,mo_egbo_novelty,14,40,10,12591.60834131083,6,7.118383019664192,40,40,0,16862.250722434062,40,False,0
2,mAb_aggregation,wrong,mo_egbo_novelty,15,40,10,11821.808956768356,10,5.26605986456855,40,40,0,16862.250722434062,40,False,0
2,mAb_aggregation,wrong,mo_egbo_novelty,16,40,10,13554.26818085307,5,12.062946376048853,40,30,0,16862.250722434062,40,False,0
2,mAb_aggregation,wrong,mo_egbo_novelty,17,40,10,14702.005072212238,12,4.914976224296787,40,20,0,16862.250722434062,40,False,0
2,mAb_aggregation,wrong,mo_egbo_novelty,18,40,10,12426.3452958751,12,7.69171154304755,40,15,1,16862.250722434062,40,False,0
2,mAb_aggregation,wrong,mo_egbo_novelty,19,40,10,12486.745447550544,9,5.738925244634727,40,40,1,16862.250722434062,40,False,0
2,mAb_aggregation,wrong,mo_egbo_novelty,20,40,10,11877.032147836324,8,5.124222182869848,40,35,1,16862.250722434062,40,False,0
2,mAb_aggregation,wrong,mo_egbo_novelty,21,40,10,13995.74890431073,9,5.656080845025957,40,25,1,16862.250722434062,40,False,0
2,mAb_aggregation,wrong,mo_egbo_novelty,22,40,10,11070.8236466239,7,6.677463795041184,40,40,0,16862.250722434062,40,False,0
2,mAb_aggregation,wrong,mo_egbo_novelty,23,40,10,11976.125764764822,13,5.635157981417955,40,40,0,16862.250722434062,40,False,0
2,mAb_aggregation,wrong,mo_egbo_novelty,24,40,10,13806.19736598223,13,5.572674824509249,40,20,0,16862.250722434062,40,False,0
2,mAb_aggregation,wrong,mo_ls_na_egbo,1,40,10,13245.391653326024,5,10.962180540453218,40,40,1,16862.250722434062,40,False,0
2,mAb_aggregation,wrong,mo_ls_na_egbo,3,40,10,14769.335459430962,12,5.168226534343871,40,25,0,16862.250722434062,40,False,2
2,mAb_aggregation,wrong,mo_ls_na_egbo,2,40,10,13215.745467706973,7,6.774809260710912,40,25,2,16862.250722434062,40,True,2
2,mAb_aggregation,wrong,mo_ls_na_egbo,0,40,10,13327.539157732584,12,5.569807074589679,40,30,0,16862.250722434062,40,True,2
2,mAb_aggregation,wrong,mo_ls_na_egbo,7,40,10,12589.86980277751,13,5.130045221005133,40,30,1,16862.250722434062,40,False,0
2,mAb_aggregation,wrong,mo_ls_na_egbo,4,40,10,15451.448925567218,7,6.74137974135805,30,15,1,16862.250722434062,40,True,2
2,mAb_aggregation,wrong,mo_ls_na_egbo,9,40,10,13571.457269628534,10,6.60044115630129,40,15,0,16862.250722434062,40,False,0
2,mAb_aggregation,wrong,mo_ls_na_egbo,5,40,10,12860.84726284153,9,7.012299769826006,40,20,0,16862.250722434062,40,True,2
2,mAb_aggregation,wrong,mo_ls_na_egbo,6,40,10,13055.0216753018,12,4.92397290177896,40,25,0,16862.250722434062,40,True,2
2,mAb_aggregation,wrong,mo_ls_na_egbo,10,40,10,12809.657572915929,9,5.9250465182565,40,25,0,16862.250722434062,40,False,1
2,mAb_aggregation,wrong,mo_ls_na_egbo,8,40,10,11234.049945132914,14,9.41386083259155,40,40,1,16862.250722434062,40,False,2
2,mAb_aggregation,wrong,mo_ls_na_egbo,14,40,10,10117.13535049419,13,5.181625104753798,40,40,1,16862.250722434062,40,False,0
2,mAb_aggregation,wrong,mo_ls_na_egbo,12,40,10,14305.454366138842,10,5.311769503664015,40,15,1,16862.250722434062,40,False,1
2,mAb_aggregation,wrong,mo_ls_na_egbo,13,40,10,12938.442528585232,16,4.791673033180996,40,20,0,16862.250722434062,40,False,1
2,mAb_aggregation,wrong,mo_ls_na_egbo,11,40,10,11873.58625964531,12,5.784485054511394,40,40,0,16862.250722434062,40,False,2
2,mAb_aggregation,wrong,mo_ls_na_egbo,16,40,10,10275.375779386006,9,8.094290406092359,40,40,0,16862.250722434062,40,False,0
2,mAb_aggregation,wrong,mo_ls_na_egbo,15,40,10,14711.467905956457,15,4.238867917920603,40,20,0,16862.250722434062,40,False,1
2,mAb_aggregation,wrong,mo_ls_na_egbo,19,40,10,12686.394961868456,7,6.373023602959851,40,25,2,16862.250722434062,40,False,0
2,mAb_aggregation,wrong,mo_ls_na_egbo,17,40,10,13406.898294398688,11,6.440867614470395,40,15,0,16862.250722434062,40,True,2
2,mAb_aggregation,wrong,mo_ls_na_egbo,18,40,10,13346.702015010069,12,4.945438908091368,40,35,0,16862.250722434062,40,True,2
2,mAb_aggregation,wrong,mo_ls_na_egbo,20,40,10,14682.006946075158,10,9.282455942069644,40,15,1,16862.250722434062,40,True,2
2,mAb_aggregation,wrong,mo_ls_na_egbo,23,40,10,14086.226936655274,13,4.9230784137590415,40,20,0,16862.250722434062,40,False,0
2,mAb_aggregation,wrong,mo_ls_na_egbo,21,40,10,10825.291243003432,7,9.258093620259231,40,40,1,16862.250722434062,40,True,2
2,mAb_aggregation,wrong,mo_ls_na_egbo,22,40,10,11959.144626725129,8,7.234076962282737,40,30,1,16862.250722434062,40,True,2
2,mAb_aggregation,wrong,mo_ls_na_egbo,24,40,10,10903.72652643755,11,6.754600086716673,40,40,0,16862.250722434062,40,True,2
2,mAb_oxidation,L1,mo_random,2,40,10,2057.6509333849936,11,4.467507377748053,40,40,0,3588.062609251266,40,False,0
2,mAb_oxidation,L1,mo_random,3,40,10,1458.461906112494,11,5.585124318342419,40,40,0,3588.062609251266,40,False,0
2,mAb_oxidation,L1,mo_random,1,40,10,2720.4739113324754,13,3.450864702668868,40,25,1,3588.062609251266,40,False,0
2,mAb_oxidation,L1,mo_random,0,40,10,1704.651060931093,11,5.817328926088477,40,40,0,3588.062609251266,40,False,0
2,mAb_oxidation,L1,mo_random,4,40,10,3039.131825281802,7,5.2002282466222765,40,25,1,3588.062609251266,40,False,0
2,mAb_oxidation,L1,mo_random,6,40,10,2249.049405581179,12,4.330181478310375,40,40,0,3588.062609251266,40,False,0
2,mAb_oxidation,L1,mo_random,5,40,10,3138.4561440229822,7,4.033843279617099,40,35,2,3588.062609251266,40,False,0
2,mAb_oxidation,L1,mo_random,7,40,10,2277.331315102944,17,3.5059709032349047,40,40,0,3588.062609251266,40,False,0
2,mAb_oxidation,L1,mo_random,8,40,10,2267.569537215852,16,5.522526097553339,40,40,0,3588.062609251266,40,False,0
2,mAb_oxidation,L1,mo_random,9,40,10,2098.1644354157643,14,4.4939811168364265,40,40,0,3588.062609251266,40,False,0
2,mAb_oxidation,L1,mo_random,10,40,10,2279.2962738599963,11,4.135442954885489,40,40,0,3588.062609251266,40,False,0
2,mAb_oxidation,L1,mo_random,12,40,10,2480.525559005161,11,4.916625813033383,40,40,0,3588.062609251266,40,False,0
2,mAb_oxidation,L1,mo_random,13,40,10,2054.7165903447803,11,3.582699178996505,40,40,1,3588.062609251266,40,False,0
2,mAb_oxidation,L1,mo_random,14,40,10,2465.0978338418863,14,5.633619421971948,40,40,0,3588.062609251266,40,False,0
2,mAb_oxidation,L1,mo_random,11,40,10,1825.1431519932385,11,4.291328084424432,40,40,0,3588.062609251266,40,False,0
2,mAb_oxidation,L1,mo_random,15,40,10,2273.129947209974,19,4.3231154737653785,40,40,0,3588.062609251266,40,False,0
2,mAb_oxidation,L1,mo_random,16,40,10,3093.0075666208604,10,3.692907616368702,40,15,2,3588.062609251266,40,False,0
2,mAb_oxidation,L1,mo_random,17,40,10,3639.127271385905,12,4.0658052414604375,20,15,0,3588.062609251266,40,False,0
2,mAb_oxidation,L1,mo_random,18,40,10,2254.7441871055044,12,3.825221273668279,40,40,0,3588.062609251266,40,False,0
2,mAb_oxidation,L1,mo_random,19,40,10,2254.299618696769,13,3.984904559891596,40,40,1,3588.062609251266,40,False,0
2,mAb_oxidation,L1,mo_random,20,40,10,2836.885676949511,5,7.439001850001334,40,15,3,3588.062609251266,40,False,0
2,mAb_oxidation,L1,mo_random,21,40,10,2496.0140203642904,9,4.53624343991591,40,40,1,3588.062609251266,40,False,0
2,mAb_oxidation,L1,mo_random,23,40,10,1661.456533219817,13,5.136442833878486,40,40,0,3588.062609251266,40,False,0
2,mAb_oxidation,L1,mo_random,24,40,10,2191.882192890985,14,3.758768823210893,40,40,0,3588.062609251266,40,False,0
2,mAb_oxidation,L1,mo_random,22,40,10,1433.942958377314,11,6.2194300687402935,40,40,1,3588.062609251266,40,False,0
2,mAb_oxidation,L1,mo_egbo,2,40,10,2064.078121982629,14,4.247054804661613,40,40,0,3588.062609251266,40,False,0
2,mAb_oxidation,L1,mo_egbo,1,40,10,3727.3770951389633,6,4.804203814236175,15,15,3,3588.062609251266,40,False,0
2,mAb_oxidation,L1,mo_egbo,3,40,10,2655.025402257839,15,3.993192249214453,40,35,0,3588.062609251266,40,False,0
2,mAb_oxidation,L1,mo_egbo,0,40,10,1515.3244436077878,19,6.243296760166851,40,40,0,3588.062609251266,40,False,0
2,mAb_oxidation,L1,mo_egbo,4,40,10,2094.1548529134843,16,3.868667755507484,40,40,0,3588.062609251266,40,False,0
2,mAb_oxidation,L1,mo_egbo,5,40,10,2129.8995717806706,9,5.446207609917122,40,40,1,3588.062609251266,40,False,0
2,mAb_oxidation,L1,mo_egbo,9,40,10,2009.8897488539408,14,4.537148981067435,40,40,0,3588.062609251266,40,False,0
2,mAb_oxidation,L1,mo_egbo,8,40,10,2758.719287845507,15,2.796463355379737,40,35,0,3588.062609251266,40,False,0
2,mAb_oxidation,L1,mo_egbo,6,40,10,2627.198075254308,9,4.376406834515802,40,35,0,3588.062609251266,40,False,0
2,mAb_oxidation,L1,mo_egbo,7,40,10,2176.864374639113,14,5.083409320405539,40,40,0,3588.062609251266,40,False,0
2,mAb_oxidation,L1,mo_egbo,13,40,10,2958.039869312119,15,3.499380835464441,40,20,0,3588.062609251266,40,False,0
2,mAb_oxidation,L1,mo_egbo,10,40,10,2539.960946315728,9,4.809229707392339,40,35,0,3588.062609251266,40,False,0
2,mAb_oxidation,L1,mo_egbo,12,40,10,1988.4846598117103,17,5.323081223271456,40,40,1,3588.062609251266,40,False,0
2,mAb_oxidation,L1,mo_egbo,11,40,10,2796.7525714690164,12,3.3450770013581543,40,30,0,3588.062609251266,40,False,0
2,mAb_oxidation,L1,mo_egbo,16,40,10,2166.9756305782644,15,3.487176576118342,40,40,0,3588.062609251266,40,False,0
2,mAb_oxidation,L1,mo_egbo,14,40,10,2000.6231219133003,16,3.9082606986053134,40,40,0,3588.062609251266,40,False,0
2,mAb_oxidation,L1,mo_egbo,18,40,10,2311.487144926653,14,3.51360810178506,40,40,0,3588.062609251266,40,False,0
2,mAb_oxidation,L1,mo_egbo,19,40,10,2094.307936687676,9,4.8904846278758685,40,40,1,3588.062609251266,40,False,0
2,mAb_oxidation,L1,mo_egbo,15,40,10,2607.5195242833856,7,5.087805010976769,40,40,0,3588.062609251266,40,False,0
2,mAb_oxidation,L1,mo_egbo,20,40,10,3150.35610929328,10,4.110650912030712,40,15,0,3588.062609251266,40,False,0
2,mAb_oxidation,L1,mo_egbo,17,40,10,2903.018135416953,12,3.802308339664505,40,15,1,3588.062609251266,40,False,0
2,mAb_oxidation,L1,mo_egbo,21,40,10,3034.5769039757474,12,3.40491887877842,40,15,1,3588.062609251266,40,False,0
2,mAb_oxidation,L1,mo_egbo,23,40,10,2062.95200833987,14,3.688123058692271,40,40,0,3588.062609251266,40,False,0
2,mAb_oxidation,L1,mo_egbo,22,40,10,1785.4921715586115,11,5.694187411054469,40,40,0,3588.062609251266,40,False,0
2,mAb_oxidation,L1,mo_egbo,24,40,10,2740.3034518620343,11,3.832307005629308,40,30,1,3588.062609251266,40,False,0
2,mAb_oxidation,L1,mo_egbo_real,3,40,10,1901.50554684557,17,5.443070299178141,40,40,0,3588.062609251266,40,False,0
2,mAb_oxidation,L1,mo_egbo_real,2,40,10,2763.6504141064665,12,4.095144080934816,40,25,0,3588.062609251266,40,False,0
2,mAb_oxidation,L1,mo_egbo_real,1,40,10,3227.157827987125,5,5.444706661038051,40,20,3,3588.062609251266,40,False,0
2,mAb_oxidation,L1,mo_egbo_real,0,40,10,2188.025867460812,14,3.9192986729743975,40,40,0,3588.062609251266,40,False,0
2,mAb_oxidation,L1,mo_egbo_real,6,40,10,3002.687927701939,13,3.640048004641829,40,25,0,3588.062609251266,40,False,0
2,mAb_oxidation,L1,mo_egbo_real,5,40,10,2636.5220039125443,17,3.7891842862934726,40,25,0,3588.062609251266,40,False,0
2,mAb_oxidation,L1,mo_egbo_real,4,40,10,2858.367313580096,13,3.349180265018998,40,30,0,3588.062609251266,40,False,0
2,mAb_oxidation,L1,mo_egbo_real,7,40,10,2034.063855233828,17,4.173073589640775,40,40,0,3588.062609251266,40,False,0
2,mAb_oxidation,L1,mo_egbo_real,9,40,10,2761.945231004844,14,3.880715407945444,40,35,0,3588.062609251266,40,False,0
2,mAb_oxidation,L1,mo_egbo_real,10,40,10,2381.746259600146,14,3.594908588756097,40,40,0,3588.062609251266,40,False,0
2,mAb_oxidation,L1,mo_egbo_real,8,40,10,2638.034766671152,17,3.4712443000869446,40,35,0,3588.062609251266,40,False,0
2,mAb_oxidation,L1,mo_egbo_real,11,40,10,2540.462102242765,11,3.7738496438995455,40,35,1,3588.062609251266,40,False,0
2,mAb_oxidation,L1,mo_egbo_real,13,40,10,2595.74363130352,6,4.540274478714172,40,40,1,3588.062609251266,40,False,0
2,mAb_oxidation,L1,mo_egbo_real,12,40,10,2637.6444297156845,15,3.8143789720404033,40,30,1,3588.062609251266,40,False,0
2,mAb_oxidation,L1,mo_egbo_real,14,40,10,1983.5798609101253,12,4.323749181105957,40,40,0,3588.062609251266,40,False,0
2,mAb_oxidation,L1,mo_egbo_real,15,40,10,2659.691109856057,6,4.926074199065397,40,35,0,3588.062609251266,40,False,0
2,mAb_oxidation,L1,mo_egbo_real,16,40,10,2774.547302487105,13,3.608046865588992,40,30,0,3588.062609251266,40,False,0
2,mAb_oxidation,L1,mo_egbo_real,17,40,10,3949.2608622336415,7,5.865171571863711,20,20,1,3588.062609251266,40,False,0
2,mAb_oxidation,L1,mo_egbo_real,18,40,10,2967.040901054068,9,5.305404884247646,40,20,2,3588.062609251266,40,False,0
2,mAb_oxidation,L1,mo_egbo_real,19,40,10,2755.536425986373,12,4.460126768186918,40,25,0,3588.062609251266,40,False,0
2,mAb_oxidation,L1,mo_egbo_real,20,40,10,2268.425674084081,17,2.986269580547336,40,40,0,3588.062609251266,40,False,0
2,mAb_oxidation,L1,mo_egbo_real,21,40,10,2793.3470354017018,9,4.361574603672733,40,30,1,3588.062609251266,40,False,0
2,mAb_oxidation,L1,mo_egbo_real,22,40,10,2433.78413952751,8,6.094900208672891,40,40,0,3588.062609251266,40,False,0
2,mAb_oxidation,L1,mo_egbo_real,23,40,10,2467.833015078212,15,3.891286329483562,40,40,0,3588.062609251266,40,False,0
2,mAb_oxidation,L1,mo_egbo_real,24,40,10,3274.497732536638,10,3.784149645125753,40,25,0,3588.062609251266,40,False,0
2,mAb_oxidation,L1,mo_egbo_novelty,3,40,10,3270.1806833617748,7,4.763186680140302,35,20,0,3588.062609251266,40,False,0
2,mAb_oxidation,L1,mo_egbo_novelty,2,40,10,2087.000861062691,12,3.7797078191835047,40,40,0,3588.062609251266,40,False,0
2,mAb_oxidation,L1,mo_egbo_novelty,1,40,10,2228.491156159995,18,3.422284690102164,40,40,0,3588.062609251266,40,False,0
2,mAb_oxidation,L1,mo_egbo_novelty,0,40,10,3401.5207083804407,7,5.190289842846067,20,20,1,3588.062609251266,40,False,0
2,mAb_oxidation,L1,mo_egbo_novelty,4,40,10,2835.9851065856874,10,5.021241629095264,40,20,0,3588.062609251266,40,False,0
2,mAb_oxidation,L1,mo_egbo_novelty,5,40,10,3103.525808099055,9,4.014919702371791,40,30,1,3588.062609251266,40,False,0
2,mAb_oxidation,L1,mo_egbo_novelty,6,40,10,3423.8178879009624,16,3.355807641123978,25,15,0,3588.062609251266,40,False,0
2,mAb_oxidation,L1,mo_egbo_novelty,7,40,10,2192.2082864074164,12,4.16102404355263,40,40,0,3588.062609251266,40,False,0
2,mAb_oxidation,L1,mo_egbo_novelty,8,40,10,3107.3801243120743,13,3.910532976120575,40,30,0,3588.062609251266,40,False,0
2,mAb_oxidation,L1,mo_egbo_novelty,9,40,10,2072.101464571041,11,4.579374578990324,40,40,0,3588.062609251266,40,False,0
2,mAb_oxidation,L1,mo_egbo_novelty,10,40,10,2500.032027085093,12,4.126613470530363,40,40,0,3588.062609251266,40,False,0
2,mAb_oxidation,L1,mo_egbo_novelty,11,40,10,2980.3970783301525,20,2.6804353496036355,40,30,0,3588.062609251266,40,False,0
2,mAb_oxidation,L1,mo_egbo_novelty,12,40,10,2663.149040974788,14,3.088795464953636,40,25,1,3588.062609251266,40,False,0
2,mAb_oxidation,L1,mo_egbo_novelty,13,40,10,2552.416987209184,10,3.84365144936653,40,35,0,3588.062609251266,40,False,0
2,mAb_oxidation,L1,mo_egbo_novelty,14,40,10,1656.3687184475843,12,4.0815127841171055,40,40,0,3588.062609251266,40,False,0
2,mAb_oxidation,L1,mo_egbo_novelty,15,40,10,2294.181857870461,7,5.284722705094643,40,40,0,3588.062609251266,40,False,0
2,mAb_oxidation,L1,mo_egbo_novelty,16,40,10,2218.389798609552,16,4.073983595894455,40,40,1,3588.062609251266,40,False,0
2,mAb_oxidation,L1,mo_egbo_novelty,17,40,10,2763.27053035934,13,3.9461235219361366,40,25,1,3588.062609251266,40,False,0
2,mAb_oxidation,L1,mo_egbo_novelty,18,40,10,2989.1710916255083,13,3.8890637537466977,40,20,1,3588.062609251266,40,False,0
2,mAb_oxidation,L1,mo_egbo_novelty,19,40,10,2417.1767280422523,10,4.944747568514645,40,40,0,3588.062609251266,40,False,0
2,mAb_oxidation,L1,mo_egbo_novelty,20,40,10,2853.472106619586,7,4.273945630998422,40,30,1,3588.062609251266,40,False,0
2,mAb_oxidation,L1,mo_egbo_novelty,21,40,10,2694.32158963135,12,4.005434485020678,40,30,1,3588.062609251266,40,False,0
2,mAb_oxidation,L1,mo_egbo_novelty,22,40,10,1398.0893333719089,13,6.298649561867067,40,40,0,3588.062609251266,40,False,0
2,mAb_oxidation,L1,mo_egbo_novelty,23,40,10,1850.5610754754312,13,4.69242681450432,40,40,1,3588.062609251266,40,False,0
2,mAb_oxidation,L1,mo_egbo_novelty,24,40,10,2850.1520987592125,12,3.847264689820018,40,30,1,3588.062609251266,40,False,0
2,mAb_oxidation,L1,mo_ls_na_egbo,2,40,10,2306.45519849701,11,4.086553119115181,40,40,0,3588.062609251266,40,False,0
2,mAb_oxidation,L1,mo_ls_na_egbo,0,40,10,2707.5478121539595,11,4.616815873056445,40,25,3,3588.062609251266,40,False,0
2,mAb_oxidation,L1,mo_ls_na_egbo,5,40,10,2988.7599038792378,9,4.290132560631412,40,25,1,3588.062609251266,40,False,0
2,mAb_oxidation,L1,mo_ls_na_egbo,3,40,10,3098.3736979635046,10,4.619944766299875,40,25,1,3588.062609251266,40,False,2
2,mAb_oxidation,L1,mo_ls_na_egbo,1,40,10,2470.917015888909,19,2.856552610880488,40,40,0,3588.062609251266,40,True,2
2,mAb_oxidation,L1,mo_ls_na_egbo,7,40,10,2146.7375703777857,20,4.105231960744508,40,40,0,3588.062609251266,40,False,0
2,mAb_oxidation,L1,mo_ls_na_egbo,6,40,10,2154.502108192057,12,5.220794255470876,40,40,0,3588.062609251266,40,False,1
2,mAb_oxidation,L1,mo_ls_na_egbo,8,40,10,2946.018229974404,7,5.318657457429211,40,40,0,3588.062609251266,40,False,0
2,mAb_oxidation,L1,mo_ls_na_egbo,4,40,10,3419.1499951381347,9,4.448479136249068,40,15,1,3588.062609251266,40,True,2
2,mAb_oxidation,L1,mo_ls_na_egbo,11,40,10,3254.617177686421,11,3.9015445943045166,40,25,1,3588.062609251266,40,False,1
2,mAb_oxidation,L1,mo_ls_na_egbo,9,40,10,2648.3413763398103,7,5.985691958913268,40,40,1,3588.062609251266,40,False,2
2,mAb_oxidation,L1,mo_ls_na_egbo,10,40,10,2825.577077148279,10,3.7827322822914335,40,30,0,3588.062609251266,40,False,2
2,mAb_oxidation,L1,mo_ls_na_egbo,12,40,10,3005.0600327425814,10,4.495198405852277,40,20,1,3588.062609251266,40,True,2
2,mAb_oxidation,L1,mo_ls_na_egbo,13,40,10,2785.0412316162683,17,3.363607461980407,40,25,0,3588.062609251266,40,False,1
2,mAb_oxidation,L1,mo_ls_na_egbo,14,40,10,2713.381622782019,12,3.726413179614688,40,35,0,3588.062609251266,40,False,1
2,mAb_oxidation,L1,mo_ls_na_egbo,15,40,10,2428.821212544261,10,4.292444555066519,40,40,1,3588.062609251266,40,False,1
2,mAb_oxidation,L1,mo_ls_na_egbo,16,40,10,2197.475533659925,8,4.671091495540629,40,40,0,3588.062609251266,40,False,1
2,mAb_oxidation,L1,mo_ls_na_egbo,20,40,10,2629.9764780515898,16,3.840661950667664,40,35,0,3588.062609251266,40,False,0
2,mAb_oxidation,L1,mo_ls_na_egbo,17,40,10,2456.9100599576163,8,4.946420969452954,40,40,0,3588.062609251266,40,False,2
2,mAb_oxidation,L1,mo_ls_na_egbo,19,40,10,2448.5119041938706,12,4.1367803157917225,40,40,0,3588.062609251266,40,False,1
2,mAb_oxidation,L1,mo_ls_na_egbo,18,40,10,3295.718938400513,13,3.7786294778616254,30,25,2,3588.062609251266,40,True,2
2,mAb_oxidation,L1,mo_ls_na_egbo,22,40,10,3065.572998404753,9,4.045155880656361,40,35,0,3588.062609251266,40,False,0
2,mAb_oxidation,L1,mo_ls_na_egbo,24,40,10,2346.3279022511865,13,4.023255434763401,40,40,1,3588.062609251266,40,False,0
2,mAb_oxidation,L1,mo_ls_na_egbo,21,40,10,2258.935166322949,10,6.307382462354632,40,40,1,3588.062609251266,40,True,2
2,mAb_oxidation,L1,mo_ls_na_egbo,23,40,10,2740.4339343107104,9,3.950626503480101,40,35,0,3588.062609251266,40,False,2
2,mAb_oxidation,blank,mo_random,3,40,10,1458.461906112494,11,5.585124318342419,40,40,0,3588.062609251266,40,False,0
2,mAb_oxidation,blank,mo_random,0,40,10,1704.651060931093,11,5.817328926088477,40,40,0,3588.062609251266,40,False,0
2,mAb_oxidation,blank,mo_random,1,40,10,2720.4739113324754,13,3.450864702668868,40,25,1,3588.062609251266,40,False,0
2,mAb_oxidation,blank,mo_random,2,40,10,2057.6509333849936,11,4.467507377748053,40,40,0,3588.062609251266,40,False,0
2,mAb_oxidation,blank,mo_random,4,40,10,3039.131825281802,7,5.2002282466222765,40,25,1,3588.062609251266,40,False,0
2,mAb_oxidation,blank,mo_random,5,40,10,3138.4561440229822,7,4.033843279617099,40,35,2,3588.062609251266,40,False,0
2,mAb_oxidation,blank,mo_random,7,40,10,2277.331315102944,17,3.5059709032349047,40,40,0,3588.062609251266,40,False,0
2,mAb_oxidation,blank,mo_random,8,40,10,2267.569537215852,16,5.522526097553339,40,40,0,3588.062609251266,40,False,0
2,mAb_oxidation,blank,mo_random,6,40,10,2249.049405581179,12,4.330181478310375,40,40,0,3588.062609251266,40,False,0
2,mAb_oxidation,blank,mo_random,9,40,10,2098.1644354157643,14,4.4939811168364265,40,40,0,3588.062609251266,40,False,0
2,mAb_oxidation,blank,mo_random,11,40,10,1825.1431519932385,11,4.291328084424432,40,40,0,3588.062609251266,40,False,0
2,mAb_oxidation,blank,mo_random,10,40,10,2279.2962738599963,11,4.135442954885489,40,40,0,3588.062609251266,40,False,0
2,mAb_oxidation,blank,mo_random,13,40,10,2054.7165903447803,11,3.582699178996505,40,40,1,3588.062609251266,40,False,0
2,mAb_oxidation,blank,mo_random,12,40,10,2480.525559005161,11,4.916625813033383,40,40,0,3588.062609251266,40,False,0
2,mAb_oxidation,blank,mo_random,14,40,10,2465.0978338418863,14,5.633619421971948,40,40,0,3588.062609251266,40,False,0
2,mAb_oxidation,blank,mo_random,18,40,10,2254.7441871055044,12,3.825221273668279,40,40,0,3588.062609251266,40,False,0
2,mAb_oxidation,blank,mo_random,16,40,10,3093.0075666208604,10,3.692907616368702,40,15,2,3588.062609251266,40,False,0
2,mAb_oxidation,blank,mo_random,15,40,10,2273.129947209974,19,4.3231154737653785,40,40,0,3588.062609251266,40,False,0
2,mAb_oxidation,blank,mo_random,17,40,10,3639.127271385905,12,4.0658052414604375,20,15,0,3588.062609251266,40,False,0
2,mAb_oxidation,blank,mo_random,19,40,10,2254.299618696769,13,3.984904559891596,40,40,1,3588.062609251266,40,False,0
2,mAb_oxidation,blank,mo_random,23,40,10,1661.456533219817,13,5.136442833878486,40,40,0,3588.062609251266,40,False,0
2,mAb_oxidation,blank,mo_random,21,40,10,2496.0140203642904,9,4.53624343991591,40,40,1,3588.062609251266,40,False,0
2,mAb_oxidation,blank,mo_random,20,40,10,2836.885676949511,5,7.439001850001334,40,15,3,3588.062609251266,40,False,0
2,mAb_oxidation,blank,mo_random,22,40,10,1433.942958377314,11,6.2194300687402935,40,40,1,3588.062609251266,40,False,0
2,mAb_oxidation,blank,mo_random,24,40,10,2191.882192890985,14,3.758768823210893,40,40,0,3588.062609251266,40,False,0
2,mAb_oxidation,blank,mo_egbo,0,40,10,1657.0859690461425,13,4.336454613987354,40,40,0,3588.062609251266,40,False,0
2,mAb_oxidation,blank,mo_egbo,2,40,10,2099.791907740112,8,4.703578943461143,40,40,0,3588.062609251266,40,False,0
2,mAb_oxidation,blank,mo_egbo,3,40,10,2692.817522570388,13,4.148386759399156,40,30,0,3588.062609251266,40,False,0
2,mAb_oxidation,blank,mo_egbo,4,40,10,2371.401604709916,13,3.4308032389122367,40,40,0,3588.062609251266,40,False,0
2,mAb_oxidation,blank,mo_egbo,1,40,10,3727.3770951389633,6,4.804203814236175,15,15,3,3588.062609251266,40,False,0
2,mAb_oxidation,blank,mo_egbo,5,40,10,2626.3834545441746,7,3.9318102509322337,40,30,2,3588.062609251266,40,False,0
2,mAb_oxidation,blank,mo_egbo,6,40,10,2279.428645917585,13,3.389782300534857,40,40,1,3588.062609251266,40,False,0
2,mAb_oxidation,blank,mo_egbo,7,40,10,3801.850972302928,11,5.334140302491551,35,35,1,3588.062609251266,40,False,0
2,mAb_oxidation,blank,mo_egbo,9,40,10,1790.2677868739574,11,4.469017970480873,40,40,0,3588.062609251266,40,False,0
2,mAb_oxidation,blank,mo_egbo,10,40,10,1774.608018473008,13,4.158964921299983,40,40,1,3588.062609251266,40,False,0
2,mAb_oxidation,blank,mo_egbo,11,40,10,2796.7525714690164,12,3.3450770013581543,40,30,0,3588.062609251266,40,False,0
2,mAb_oxidation,blank,mo_egbo,8,40,10,2101.730765548852,18,3.359411428060397,40,40,0,3588.062609251266,40,False,0
2,mAb_oxidation,blank,mo_egbo,12,40,10,3341.272062413812,12,3.8901489963875098,35,30,0,3588.062609251266,40,False,0
2,mAb_oxidation,blank,mo_egbo,13,40,10,2793.1207226424094,16,3.4914943038860766,40,25,0,3588.062609251266,40,False,0
2,mAb_oxidation,blank,mo_egbo,14,40,10,2000.6231219133003,16,3.9082606986053134,40,40,0,3588.062609251266,40,False,0
2,mAb_oxidation,blank,mo_egbo,16,40,10,2602.5813144582057,17,4.015887332052334,40,35,1,3588.062609251266,40,False,0
2,mAb_oxidation,blank,mo_egbo,17,40,10,2919.457370555506,14,3.705402335897111,40,15,0,3588.062609251266,40,False,0
2,mAb_oxidation,blank,mo_egbo,18,40,10,2311.487144926653,14,3.51360810178506,40,40,0,3588.062609251266,40,False,0
2,mAb_oxidation,blank,mo_egbo,15,40,10,1796.6012868645998,10,5.758722687252582,40,40,0,3588.062609251266,40,False,0
2,mAb_oxidation,blank,mo_egbo,19,40,10,2066.297261229247,17,4.974320655899904,40,40,0,3588.062609251266,40,False,0
2,mAb_oxidation,blank,mo_egbo,20,40,10,3070.008469637344,11,3.750563481802117,40,20,0,3588.062609251266,40,False,0
2,mAb_oxidation,blank,mo_egbo,21,40,10,3027.8034161970822,11,4.098010874027844,40,15,1,3588.062609251266,40,False,0
2,mAb_oxidation,blank,mo_egbo,23,40,10,2350.376939835599,14,3.6521037923404975,40,40,0,3588.062609251266,40,False,0
2,mAb_oxidation,blank,mo_egbo,24,40,10,2753.589239096578,5,5.738998952284146,40,30,0,3588.062609251266,40,False,0
2,mAb_oxidation,blank,mo_egbo,22,40,10,2489.4983768605302,11,3.803053873870183,40,40,0,3588.062609251266,40,False,0
2,mAb_oxidation,blank,mo_egbo_real,3,40,10,2132.153724880398,13,4.217656662297859,40,40,0,3588.062609251266,40,False,0
2,mAb_oxidation,blank,mo_egbo_real,1,40,10,3368.06263704803,6,5.226016933028902,35,25,0,3588.062609251266,40,False,0
2,mAb_oxidation,blank,mo_egbo_real,2,40,10,2105.234481591627,7,4.593046760404473,40,40,1,3588.062609251266,40,False,0
2,mAb_oxidation,blank,mo_egbo_real,0,40,10,1772.2609774638795,15,4.666287174780966,40,40,1,3588.062609251266,40,False,0
2,mAb_oxidation,blank,mo_egbo_real,5,40,10,2722.342196289803,13,3.78368940386741,40,35,0,3588.062609251266,40,False,0
2,mAb_oxidation,blank,mo_egbo_real,4,40,10,2137.551560330659,17,4.426192770087006,40,40,1,3588.062609251266,40,False,0
2,mAb_oxidation,blank,mo_egbo_real,6,40,10,2552.841008421819,16,3.754207652320863,40,35,0,3588.062609251266,40,False,0
2,mAb_oxidation,blank,mo_egbo_real,7,40,10,2217.583774044818,15,4.344064772106253,40,40,0,3588.062609251266,40,False,0
2,mAb_oxidation,blank,mo_egbo_real,8,40,10,2766.180367249296,13,3.282423598694281,40,30,1,3588.062609251266,40,False,0
2,mAb_oxidation,blank,mo_egbo_real,9,40,10,2142.953567042249,19,3.406106346273198,40,40,0,3588.062609251266,40,False,0
2,mAb_oxidation,blank,mo_egbo_real,10,40,10,2942.858932768376,13,3.461841600802624,40,35,0,3588.062609251266,40,False,0
2,mAb_oxidation,blank,mo_egbo_real,11,40,10,3354.595517746456,3,8.660465777318162,30,30,2,3588.062609251266,40,False,0
2,mAb_oxidation,blank,mo_egbo_real,12,40,10,2849.3425447847017,22,4.155700678283898,40,25,0,3588.062609251266,40,False,0
2,mAb_oxidation,blank,mo_egbo_real,13,40,10,2380.8789458229685,12,3.720424087328777,40,40,0,3588.062609251266,40,False,0
2,mAb_oxidation,blank,mo_egbo_real,14,40,10,2394.555055402092,13,4.07095897472928,40,40,0,3588.062609251266,40,False,0
2,mAb_oxidation,blank,mo_egbo_real,15,40,10,1496.8009023850898,17,6.057714166147914,40,40,0,3588.062609251266,40,False,0
2,mAb_oxidation,blank,mo_egbo_real,16,40,10,2522.3423910296847,11,3.840980792353165,40,40,0,3588.062609251266,40,False,0
2,mAb_oxidation,blank,mo_egbo_real,17,40,10,2310.211322120018,14,4.100426488161734,40,40,0,3588.062609251266,40,False,0
2,mAb_oxidation,blank,mo_egbo_real,18,40,10,3330.8235922959,9,4.654380035723075,35,30,1,3588.062609251266,40,False,0
2,mAb_oxidation,blank,mo_egbo_real,19,40,10,2531.207377016721,11,4.646798296733865,40,40,0,3588.062609251266,40,False,0
2,mAb_oxidation,blank,mo_egbo_real,21,40,10,3215.0467387704207,12,4.250388858051249,40,30,1,3588.062609251266,40,False,0
2,mAb_oxidation,blank,mo_egbo_real,20,40,10,3143.012129623344,17,3.0760965285699524,40,35,0,3588.062609251266,40,False,0
2,mAb_oxidation,blank,mo_egbo_real,22,40,10,2247.567720883271,12,5.434670716954492,40,40,0,3588.062609251266,40,False,0
2,mAb_oxidation,blank,mo_egbo_real,23,40,10,2156.179568488205,14,4.568765686952097,40,40,0,3588.062609251266,40,False,0
2,mAb_oxidation,blank,mo_egbo_real,24,40,10,2382.443012106788,12,3.953811583758021,40,40,1,3588.062609251266,40,False,0
2,mAb_oxidation,blank,mo_egbo_novelty,3,40,10,2739.7378577586514,13,4.060026895766054,40,20,0,3588.062609251266,40,False,0
2,mAb_oxidation,blank,mo_egbo_novelty,1,40,10,2326.693972087685,13,4.093208394025919,40,40,0,3588.062609251266,40,False,0
2,mAb_oxidation,blank,mo_egbo_novelty,2,40,10,1818.6636240811345,18,3.722329798839855,40,40,0,3588.062609251266,40,False,0
2,mAb_oxidation,blank,mo_egbo_novelty,0,40,10,2150.822647187153,12,4.4661137427839765,40,40,1,3588.062609251266,40,False,0
2,mAb_oxidation,blank,mo_egbo_novelty,4,40,10,2031.66243739458,21,4.279700648780788,40,40,0,3588.062609251266,40,False,0
2,mAb_oxidation,blank,mo_egbo_novelty,5,40,10,2332.8430779482646,14,4.549233286094288,40,40,0,3588.062609251266,40,False,0
2,mAb_oxidation,blank,mo_egbo_novelty,7,40,10,2288.832079851516,13,4.407558389820895,40,40,1,3588.062609251266,40,False,0
2,mAb_oxidation,blank,mo_egbo_novelty,6,40,10,3679.3780934942215,16,3.102476195815561,35,15,0,3588.062609251266,40,False,0
2,mAb_oxidation,blank,mo_egbo_novelty,9,40,10,2887.507011644734,15,3.070367840983534,40,35,0,3588.062609251266,40,False,0
2,mAb_oxidation,blank,mo_egbo_novelty,8,40,10,2679.622961146721,10,4.179687210583357,40,35,0,3588.062609251266,40,False,0
2,mAb_oxidation,blank,mo_egbo_novelty,10,40,10,2357.847786819349,13,4.649606231009878,40,40,0,3588.062609251266,40,False,0
2,mAb_oxidation,blank,mo_egbo_novelty,11,40,10,2915.9762901652075,12,3.22841979855586,40,25,0,3588.062609251266,40,False,0
2,mAb_oxidation,blank,mo_egbo_novelty,12,40,10,2357.0336479576013,16,3.240691220458404,40,40,0,3588.062609251266,40,False,0
2,mAb_oxidation,blank,mo_egbo_novelty,13,40,10,1779.2827826829491,10,5.32385680804109,40,40,0,3588.062609251266,40,False,0
2,mAb_oxidation,blank,mo_egbo_novelty,14,40,10,2212.008160262662,11,3.8119456375735288,40,40,0,3588.062609251266,40,False,0
2,mAb_oxidation,blank,mo_egbo_novelty,15,40,10,2663.074931990792,8,3.7748375994560734,40,35,0,3588.062609251266,40,False,0
2,mAb_oxidation,blank,mo_egbo_novelty,17,40,10,2854.116928395635,13,4.1190085893852615,40,20,0,3588.062609251266,40,False,0
2,mAb_oxidation,blank,mo_egbo_novelty,16,40,10,2179.6729290876374,16,3.832421908319063,40,40,0,3588.062609251266,40,False,0
2,mAb_oxidation,blank,mo_egbo_novelty,19,40,10,1950.3385633303672,19,4.130121828551873,40,40,0,3588.062609251266,40,False,0
2,mAb_oxidation,blank,mo_egbo_novelty,18,40,10,2599.0171400287268,13,3.516163749739972,40,40,2,3588.062609251266,40,False,0
2,mAb_oxidation,blank,mo_egbo_novelty,20,40,10,2303.318737042333,11,3.979467521710332,40,40,1,3588.062609251266,40,False,0
2,mAb_oxidation,blank,mo_egbo_novelty,21,40,10,2710.336883580033,8,4.317261228249598,40,25,1,3588.062609251266,40,False,0
2,mAb_oxidation,blank,mo_egbo_novelty,23,40,10,1840.595083291936,17,4.594830707857665,40,40,1,3588.062609251266,40,False,0
2,mAb_oxidation,blank,mo_egbo_novelty,22,40,10,1586.0622127260854,16,5.765721195867068,40,40,0,3588.062609251266,40,False,0
2,mAb_oxidation,blank,mo_egbo_novelty,24,40,10,2781.7702550475697,13,3.5575511955104195,40,25,0,3588.062609251266,40,False,0
2,mAb_oxidation,blank,mo_ls_na_egbo,0,40,10,2856.5121554180173,17,3.536311599770188,40,25,0,3588.062609251266,40,False,1
2,mAb_oxidation,blank,mo_ls_na_egbo,2,40,10,2243.960203893528,15,4.341526947501749,40,40,0,3588.062609251266,40,False,1
2,mAb_oxidation,blank,mo_ls_na_egbo,3,40,10,3168.030349622935,11,3.832627035367327,40,25,2,3588.062609251266,40,True,2
2,mAb_oxidation,blank,mo_ls_na_egbo,1,40,10,2373.395192441192,16,3.164697227416647,40,40,0,3588.062609251266,40,True,2
2,mAb_oxidation,blank,mo_ls_na_egbo,7,40,10,2250.923170601243,18,3.473531095316256,40,40,0,3588.062609251266,40,False,0
2,mAb_oxidation,blank,mo_ls_na_egbo,6,40,10,2190.1131606510744,19,3.640572230179094,40,40,0,3588.062609251266,40,False,0
2,mAb_oxidation,blank,mo_ls_na_egbo,4,40,10,3115.221972910373,6,5.900556469696604,40,15,3,3588.062609251266,40,True,2
2,mAb_oxidation,blank,mo_ls_na_egbo,8,40,10,3027.3311442516083,14,3.586083476310411,40,30,0,3588.062609251266,40,False,0
2,mAb_oxidation,blank,mo_ls_na_egbo,5,40,10,2425.597840685129,17,3.406729822664083,40,40,0,3588.062609251266,40,False,2
2,mAb_oxidation,blank,mo_ls_na_egbo,11,40,10,3261.328222004788,13,3.1121182610212688,40,20,0,3588.062609251266,40,False,0
2,mAb_oxidation,blank,mo_ls_na_egbo,10,40,10,2861.567552472011,17,2.9503002572108628,40,30,0,3588.062609251266,40,False,0
2,mAb_oxidation,blank,mo_ls_na_egbo,12,40,10,2208.630815447327,16,3.855166870387776,40,40,0,3588.062609251266,40,False,0
2,mAb_oxidation,blank,mo_ls_na_egbo,15,40,10,2373.701583007379,12,4.813560397018594,40,40,0,3588.062609251266,40,False,0
2,mAb_oxidation,blank,mo_ls_na_egbo,9,40,10,3110.3394454159734,6,5.461782940116434,40,15,1,3588.062609251266,40,True,2
2,mAb_oxidation,blank,mo_ls_na_egbo,14,40,10,2247.466677305277,13,4.581600542181919,40,40,1,3588.062609251266,40,False,1
2,mAb_oxidation,blank,mo_ls_na_egbo,17,40,10,3210.001285142793,12,3.672117073218921,40,15,1,3588.062609251266,40,False,0
2,mAb_oxidation,blank,mo_ls_na_egbo,13,40,10,2452.721209513189,13,4.090802740570093,40,40,1,3588.062609251266,40,False,2
2,mAb_oxidation,blank,mo_ls_na_egbo,19,40,10,2429.5981605162174,9,4.603849439238807,40,40,0,3588.062609251266,40,False,0
2,mAb_oxidation,blank,mo_ls_na_egbo,16,40,10,2626.719230057303,8,3.828393067612629,40,35,1,3588.062609251266,40,False,2
2,mAb_oxidation,blank,mo_ls_na_egbo,21,40,10,2123.855894761494,14,3.321717696086913,40,40,0,3588.062609251266,40,False,0
2,mAb_oxidation,blank,mo_ls_na_egbo,18,40,10,2739.1135118920115,16,3.577508347024536,40,20,0,3588.062609251266,40,True,2
2,mAb_oxidation,blank,mo_ls_na_egbo,20,40,10,2612.306817844509,15,4.384829915166197,40,40,1,3588.062609251266,40,True,2
2,mAb_oxidation,blank,mo_ls_na_egbo,23,40,10,2635.6177366365296,13,3.379562270477175,40,35,0,3588.062609251266,40,False,1
2,mAb_oxidation,blank,mo_ls_na_egbo,22,40,10,2583.961168984524,14,3.683318852276211,40,40,0,3588.062609251266,40,False,2
2,mAb_oxidation,blank,mo_ls_na_egbo,24,40,10,2285.823357707133,10,4.442962628222019,40,40,0,3588.062609251266,40,False,1
2,mAb_oxidation,wrong,mo_random,2,40,10,2057.6509333849936,11,4.467507377748053,40,40,0,3588.062609251266,40,False,0
2,mAb_oxidation,wrong,mo_random,3,40,10,1458.461906112494,11,5.585124318342419,40,40,0,3588.062609251266,40,False,0
2,mAb_oxidation,wrong,mo_random,0,40,10,1704.651060931093,11,5.817328926088477,40,40,0,3588.062609251266,40,False,0
2,mAb_oxidation,wrong,mo_random,1,40,10,2720.4739113324754,13,3.450864702668868,40,25,1,3588.062609251266,40,False,0
2,mAb_oxidation,wrong,mo_random,5,40,10,3138.4561440229822,7,4.033843279617099,40,35,2,3588.062609251266,40,False,0
2,mAb_oxidation,wrong,mo_random,4,40,10,3039.131825281802,7,5.2002282466222765,40,25,1,3588.062609251266,40,False,0
2,mAb_oxidation,wrong,mo_random,6,40,10,2249.049405581179,12,4.330181478310375,40,40,0,3588.062609251266,40,False,0
2,mAb_oxidation,wrong,mo_random,7,40,10,2277.331315102944,17,3.5059709032349047,40,40,0,3588.062609251266,40,False,0
2,mAb_oxidation,wrong,mo_random,10,40,10,2279.2962738599963,11,4.135442954885489,40,40,0,3588.062609251266,40,False,0
2,mAb_oxidation,wrong,mo_random,11,40,10,1825.1431519932385,11,4.291328084424432,40,40,0,3588.062609251266,40,False,0
2,mAb_oxidation,wrong,mo_random,8,40,10,2267.569537215852,16,5.522526097553339,40,40,0,3588.062609251266,40,False,0
2,mAb_oxidation,wrong,mo_random,9,40,10,2098.1644354157643,14,4.4939811168364265,40,40,0,3588.062609251266,40,False,0
2,mAb_oxidation,wrong,mo_random,12,40,10,2480.525559005161,11,4.916625813033383,40,40,0,3588.062609251266,40,False,0
2,mAb_oxidation,wrong,mo_random,13,40,10,2054.7165903447803,11,3.582699178996505,40,40,1,3588.062609251266,40,False,0
2,mAb_oxidation,wrong,mo_random,16,40,10,3093.0075666208604,10,3.692907616368702,40,15,2,3588.062609251266,40,False,0
2,mAb_oxidation,wrong,mo_random,14,40,10,2465.0978338418863,14,5.633619421971948,40,40,0,3588.062609251266,40,False,0
2,mAb_oxidation,wrong,mo_random,17,40,10,3639.127271385905,12,4.0658052414604375,20,15,0,3588.062609251266,40,False,0
2,mAb_oxidation,wrong,mo_random,15,40,10,2273.129947209974,19,4.3231154737653785,40,40,0,3588.062609251266,40,False,0
2,mAb_oxidation,wrong,mo_random,18,40,10,2254.7441871055044,12,3.825221273668279,40,40,0,3588.062609251266,40,False,0
2,mAb_oxidation,wrong,mo_random,20,40,10,2836.885676949511,5,7.439001850001334,40,15,3,3588.062609251266,40,False,0
2,mAb_oxidation,wrong,mo_random,19,40,10,2254.299618696769,13,3.984904559891596,40,40,1,3588.062609251266,40,False,0
2,mAb_oxidation,wrong,mo_random,22,40,10,1433.942958377314,11,6.2194300687402935,40,40,1,3588.062609251266,40,False,0
2,mAb_oxidation,wrong,mo_random,21,40,10,2496.0140203642904,9,4.53624343991591,40,40,1,3588.062609251266,40,False,0
2,mAb_oxidation,wrong,mo_random,23,40,10,1661.456533219817,13,5.136442833878486,40,40,0,3588.062609251266,40,False,0
2,mAb_oxidation,wrong,mo_random,24,40,10,2191.882192890985,14,3.758768823210893,40,40,0,3588.062609251266,40,False,0
2,mAb_oxidation,wrong,mo_egbo,0,40,10,2167.7058695169726,13,4.290710047911823,40,40,0,3588.062609251266,40,False,0
2,mAb_oxidation,wrong,mo_egbo,1,40,10,3727.3770951389633,6,4.804203814236175,15,15,3,3588.062609251266,40,False,0
2,mAb_oxidation,wrong,mo_egbo,4,40,10,2154.6267349970803,16,3.620038424444109,40,40,1,3588.062609251266,40,False,0
2,mAb_oxidation,wrong,mo_egbo,5,40,10,2626.3834545441746,7,3.9318102509322337,40,30,2,3588.062609251266,40,False,0
2,mAb_oxidation,wrong,mo_egbo,3,40,10,2775.242951647964,11,4.203123825137804,40,25,0,3588.062609251266,40,False,0
2,mAb_oxidation,wrong,mo_egbo,2,40,10,2330.3088682634425,9,5.119675591346746,40,40,0,3588.062609251266,40,False,0
2,mAb_oxidation,wrong,mo_egbo,6,40,10,2279.428645917585,13,3.389782300534857,40,40,1,3588.062609251266,40,False,0
2,mAb_oxidation,wrong,mo_egbo,7,40,10,2320.154387004909,13,4.032325272190165,40,40,0,3588.062609251266,40,False,0
2,mAb_oxidation,wrong,mo_egbo,11,40,10,2789.9772782535224,13,3.1339338627494686,40,25,0,3588.062609251266,40,False,0
2,mAb_oxidation,wrong,mo_egbo,8,40,10,2101.730765548852,18,3.359411428060397,40,40,0,3588.062609251266,40,False,0
2,mAb_oxidation,wrong,mo_egbo,9,40,10,2009.8897488539408,14,4.537148981067435,40,40,0,3588.062609251266,40,False,0
2,mAb_oxidation,wrong,mo_egbo,12,40,10,3347.694827326905,8,4.107866611593552,35,30,0,3588.062609251266,40,False,0
2,mAb_oxidation,wrong,mo_egbo,10,40,10,1887.3461942995464,10,4.3338326024303,40,40,0,3588.062609251266,40,False,0
2,mAb_oxidation,wrong,mo_egbo,15,40,10,2716.319221329644,6,5.111726907127565,40,40,1,3588.062609251266,40,False,0
2,mAb_oxidation,wrong,mo_egbo,13,40,10,2793.1207226424094,16,3.4914943038860766,40,25,0,3588.062609251266,40,False,0
2,mAb_oxidation,wrong,mo_egbo,17,40,10,2896.3858163016025,14,4.080012886465251,40,15,1,3588.062609251266,40,False,0
2,mAb_oxidation,wrong,mo_egbo,14,40,10,2000.6231219133003,16,3.9082606986053134,40,40,0,3588.062609251266,40,False,0
2,mAb_oxidation,wrong,mo_egbo,16,40,10,2644.431052174349,14,4.556552572896171,40,35,1,3588.062609251266,40,False,0
2,mAb_oxidation,wrong,mo_egbo,19,40,10,2276.1414722476343,16,4.362937143492097,40,40,0,3588.062609251266,40,False,0
2,mAb_oxidation,wrong,mo_egbo,18,40,10,2311.487144926653,14,3.51360810178506,40,40,0,3588.062609251266,40,False,0
2,mAb_oxidation,wrong,mo_egbo,20,40,10,3056.5212752528087,12,3.6569632473266425,40,20,0,3588.062609251266,40,False,0
2,mAb_oxidation,wrong,mo_egbo,21,40,10,3151.2228205579468,10,4.154587580641484,40,15,0,3588.062609251266,40,False,0
2,mAb_oxidation,wrong,mo_egbo,22,40,10,2376.505854904688,7,4.262140777330113,40,40,0,3588.062609251266,40,False,0
2,mAb_oxidation,wrong,mo_egbo,23,40,10,2369.3758694459907,16,3.584918374696572,40,40,0,3588.062609251266,40,False,0
2,mAb_oxidation,wrong,mo_egbo,24,40,10,2746.962616210819,4,6.3214275596892895,40,30,1,3588.062609251266,40,False,0
2,mAb_oxidation,wrong,mo_egbo_real,3,40,10,1960.8296894288696,12,5.37026473120891,40,40,1,3588.062609251266,40,False,0
2,mAb_oxidation,wrong,mo_egbo_real,2,40,10,2957.8853154887515,9,4.611011625507071,40,20,1,3588.062609251266,40,False,0
2,mAb_oxidation,wrong,mo_egbo_real,1,40,10,3439.909874256902,12,4.326824489848059,35,20,0,3588.062609251266,40,False,0
2,mAb_oxidation,wrong,mo_egbo_real,0,40,10,1647.4411429650052,14,5.628544185756913,40,40,1,3588.062609251266,40,False,0
2,mAb_oxidation,wrong,mo_egbo_real,4,40,10,2465.737582220076,10,5.029842174871297,40,40,1,3588.062609251266,40,False,0
2,mAb_oxidation,wrong,mo_egbo_real,5,40,10,2905.927134009185,10,4.850331564882363,40,30,0,3588.062609251266,40,False,0
2,mAb_oxidation,wrong,mo_egbo_real,6,40,10,2673.218099488065,19,3.5114400248593007,40,25,0,3588.062609251266,40,False,0
2,mAb_oxidation,wrong,mo_egbo_real,7,40,10,2113.2043862093465,12,4.678345920543361,40,40,0,3588.062609251266,40,False,0
2,mAb_oxidation,wrong,mo_egbo_real,9,40,10,2976.716212599827,10,3.671004904039537,40,40,0,3588.062609251266,40,False,0
2,mAb_oxidation,wrong,mo_egbo_real,8,40,10,2519.215347469468,13,3.4147592431710727,40,40,1,3588.062609251266,40,False,0
2,mAb_oxidation,wrong,mo_egbo_real,11,40,10,3339.667427211713,1,14.20221226210932,40,40,0,3588.062609251266,40,False,0
2,mAb_oxidation,wrong,mo_egbo_real,10,40,10,2705.7258239248463,14,3.694557864416583,40,40,0,3588.062609251266,40,False,0
2,mAb_oxidation,wrong,mo_egbo_real,13,40,10,2483.557762271008,12,3.764110858099608,40,40,0,3588.062609251266,40,False,0
2,mAb_oxidation,wrong,mo_egbo_real,12,40,10,2253.1505180388367,17,4.489489214747194,40,40,0,3588.062609251266,40,False,0
2,mAb_oxidation,wrong,mo_egbo_real,14,40,10,2499.5489712482345,10,3.9473692930567545,40,40,0,3588.062609251266,40,False,0
2,mAb_oxidation,wrong,mo_egbo_real,15,40,10,2206.4247341782457,8,4.56602333644484,40,40,2,3588.062609251266,40,False,0
2,mAb_oxidation,wrong,mo_egbo_real,16,40,10,2605.084430842948,14,3.0485166997845856,40,35,0,3588.062609251266,40,False,0
2,mAb_oxidation,wrong,mo_egbo_real,17,40,10,2057.714512153225,16,4.465542195200742,40,40,0,3588.062609251266,40,False,0
2,mAb_oxidation,wrong,mo_egbo_real,18,40,10,2685.2973205568046,13,4.432963172796697,40,40,0,3588.062609251266,40,False,0
2,mAb_oxidation,wrong,mo_egbo_real,19,40,10,2387.431610499471,11,5.056887336745425,40,40,0,3588.062609251266,40,False,0
2,mAb_oxidation,wrong,mo_egbo_real,20,40,10,2646.656387538809,15,3.2160123223640715,40,30,0,3588.062609251266,40,False,0
2,mAb_oxidation,wrong,mo_egbo_real,21,40,10,2778.921962453413,9,4.649564805982411,40,40,0,3588.062609251266,40,False,0
2,mAb_oxidation,wrong,mo_egbo_real,22,40,10,2059.031422601064,15,4.250138692557723,40,40,0,3588.062609251266,40,False,0
2,mAb_oxidation,wrong,mo_egbo_real,23,40,10,2119.1317178463646,18,4.128566941010872,40,40,0,3588.062609251266,40,False,0
2,mAb_oxidation,wrong,mo_egbo_real,24,40,10,2386.9044982567884,13,3.638327134001531,40,40,0,3588.062609251266,40,False,0
2,mAb_oxidation,wrong,mo_egbo_novelty,3,40,10,2810.616735272252,12,3.6330301414385366,40,35,0,3588.062609251266,40,False,0
2,mAb_oxidation,wrong,mo_egbo_novelty,2,40,10,2001.619932763287,17,4.627471660930207,40,40,0,3588.062609251266,40,False,0
2,mAb_oxidation,wrong,mo_egbo_novelty,1,40,10,2442.005226523808,13,3.8475402558106486,40,40,0,3588.062609251266,40,False,0
2,mAb_oxidation,wrong,mo_egbo_novelty,0,40,10,2386.6408236205493,16,3.613428782922296,40,40,0,3588.062609251266,40,False,0
2,mAb_oxidation,wrong,mo_egbo_novelty,4,40,10,2649.4453252271483,10,3.977575325284307,40,40,0,3588.062609251266,40,False,0
2,mAb_oxidation,wrong,mo_egbo_novelty,5,40,10,2689.962246162196,12,3.535566812207708,40,35,0,3588.062609251266,40,False,0
2,mAb_oxidation,wrong,mo_egbo_novelty,7,40,10,2773.8544382556333,9,4.218392004132093,40,20,1,3588.062609251266,40,False,0
2,mAb_oxidation,wrong,mo_egbo_novelty,6,40,10,3559.691766480993,14,3.5766547709905345,35,15,0,3588.062609251266,40,False,0
2,mAb_oxidation,wrong,mo_egbo_novelty,11,40,10,2957.777942540104,15,2.8970773782011525,40,20,1,3588.062609251266,40,False,0
2,mAb_oxidation,wrong,mo_egbo_novelty,9,40,10,2084.141338517695,14,4.019705484348244,40,40,0,3588.062609251266,40,False,0
2,mAb_oxidation,wrong,mo_egbo_novelty,8,40,10,2328.7275229767674,16,3.945230269650212,40,40,0,3588.062609251266,40,False,0
2,mAb_oxidation,wrong,mo_egbo_novelty,10,40,10,2022.6670453976787,11,3.974755879876581,40,40,0,3588.062609251266,40,False,0
2,mAb_oxidation,wrong,mo_egbo_novelty,12,40,10,2780.5672500767146,16,2.8974654194038867,40,20,0,3588.062609251266,40,False,0
2,mAb_oxidation,wrong,mo_egbo_novelty,13,40,10,3008.7750934690403,12,3.865877547997636,40,35,0,3588.062609251266,40,False,0
2,mAb_oxidation,wrong,mo_egbo_novelty,14,40,10,2147.9860913699727,10,4.408025293119485,40,40,0,3588.062609251266,40,False,0
2,mAb_oxidation,wrong,mo_egbo_novelty,15,40,10,2683.890814890485,11,3.422139528852832,40,25,1,3588.062609251266,40,False,0
2,mAb_oxidation,wrong,mo_egbo_novelty,17,40,10,3044.8414159253684,12,3.8501125092237793,40,15,0,3588.062609251266,40,False,0
2,mAb_oxidation,wrong,mo_egbo_novelty,16,40,10,2322.123973855209,13,3.422761405813537,40,40,0,3588.062609251266,40,False,0
2,mAb_oxidation,wrong,mo_egbo_novelty,18,40,10,2509.8941912138607,12,3.4207161704817053,40,40,1,3588.062609251266,40,False,0
2,mAb_oxidation,wrong,mo_egbo_novelty,19,40,10,1868.2232122963148,13,5.236287353932472,40,40,1,3588.062609251266,40,False,0
2,mAb_oxidation,wrong,mo_egbo_novelty,20,40,10,2565.803310453261,15,3.5078750849133007,40,40,0,3588.062609251266,40,False,0
2,mAb_oxidation,wrong,mo_egbo_novelty,21,40,10,2821.254834094608,8,4.131590407305189,40,30,1,3588.062609251266,40,False,0
2,mAb_oxidation,wrong,mo_egbo_novelty,23,40,10,2029.961174539999,22,3.808511181384517,40,40,0,3588.062609251266,40,False,0
2,mAb_oxidation,wrong,mo_egbo_novelty,22,40,10,1934.7819179398568,6,6.241990165807041,40,40,2,3588.062609251266,40,False,0
2,mAb_oxidation,wrong,mo_egbo_novelty,24,40,10,2273.8122220254463,5,5.454091948341041,40,40,1,3588.062609251266,40,False,0
2,mAb_oxidation,wrong,mo_ls_na_egbo,0,40,10,3462.432608731922,15,4.422596376477633,40,15,0,3588.062609251266,40,False,1
2,mAb_oxidation,wrong,mo_ls_na_egbo,4,40,10,3118.193491633918,7,4.568532305859572,40,30,1,3588.062609251266,40,False,0
2,mAb_oxidation,wrong,mo_ls_na_egbo,3,40,10,2360.228095862813,10,6.224073832211681,40,40,1,3588.062609251266,40,True,2
2,mAb_oxidation,wrong,mo_ls_na_egbo,1,40,10,2246.4992574134394,14,4.173947672288144,40,40,0,3588.062609251266,40,True,2
2,mAb_oxidation,wrong,mo_ls_na_egbo,2,40,10,3054.4124764210624,9,3.80656602180161,40,25,0,3588.062609251266,40,True,2
2,mAb_oxidation,wrong,mo_ls_na_egbo,6,40,10,2465.6041244860003,17,4.331243289859876,40,40,0,3588.062609251266,40,False,0
2,mAb_oxidation,wrong,mo_ls_na_egbo,7,40,10,2703.75629889295,17,4.301845774381974,40,30,0,3588.062609251266,40,False,0
2,mAb_oxidation,wrong,mo_ls_na_egbo,9,40,10,2313.2930390178494,10,5.348941088077513,40,40,0,3588.062609251266,40,False,0
2,mAb_oxidation,wrong,mo_ls_na_egbo,5,40,10,3160.0240550465383,10,3.9494327442205375,40,15,3,3588.062609251266,40,True,2
2,mAb_oxidation,wrong,mo_ls_na_egbo,8,40,10,2806.483962450479,14,4.835951706269117,40,15,1,3588.062609251266,40,True,2
2,mAb_oxidation,wrong,mo_ls_na_egbo,13,40,10,2982.496029212396,12,3.503356705005829,40,25,0,3588.062609251266,40,False,0
2,mAb_oxidation,wrong,mo_ls_na_egbo,10,40,10,2611.8939648302107,13,3.996281034386113,40,25,0,3588.062609251266,40,True,2
2,mAb_oxidation,wrong,mo_ls_na_egbo,12,40,10,2980.109301257254,12,3.7914220959089255,40,25,0,3588.062609251266,40,False,1
2,mAb_oxidation,wrong,mo_ls_na_egbo,11,40,10,3096.909615414549,6,4.535643668595408,40,25,1,3588.062609251266,40,False,2
2,mAb_oxidation,wrong,mo_ls_na_egbo,14,40,10,2686.719512712468,10,3.481358878899359,40,25,0,3588.062609251266,40,False,0
2,mAb_oxidation,wrong,mo_ls_na_egbo,17,40,10,2938.515488818188,7,3.899251625307348,40,35,0,3588.062609251266,40,False,0
2,mAb_oxidation,wrong,mo_ls_na_egbo,18,40,10,2173.116193300938,11,4.844352818511088,40,40,1,3588.062609251266,40,False,1
2,mAb_oxidation,wrong,mo_ls_na_egbo,15,40,10,2665.4951952723995,15,3.975847890912549,40,30,0,3588.062609251266,40,False,2
2,mAb_oxidation,wrong,mo_ls_na_egbo,16,40,10,2714.501286691552,12,4.016933641552878,40,40,1,3588.062609251266,40,False,2
2,mAb_oxidation,wrong,mo_ls_na_egbo,20,40,10,2842.15306774787,14,3.8562094722695455,40,15,2,3588.062609251266,40,False,0
2,mAb_oxidation,wrong,mo_ls_na_egbo,21,40,10,2197.164299313092,12,4.79239296856095,40,40,0,3588.062609251266,40,False,0
2,mAb_oxidation,wrong,mo_ls_na_egbo,24,40,10,1965.5215852359547,16,4.133743470715341,40,40,1,3588.062609251266,40,False,0
2,mAb_oxidation,wrong,mo_ls_na_egbo,19,40,10,3042.844598370973,13,3.278215589317066,40,30,0,3588.062609251266,40,True,2
2,mAb_oxidation,wrong,mo_ls_na_egbo,22,40,10,2342.595339794544,9,3.959447441809172,40,40,1,3588.062609251266,40,True,2
2,mAb_oxidation,wrong,mo_ls_na_egbo,23,40,10,3339.5367655637137,11,4.326239802315868,40,35,0,3588.062609251266,40,False,2
2,mAb_aggregation,L1,mo_llm_candidate_gen,3,40,10,9483.318991297994,8,5.440631414544233,40,40,1,16862.250722434062,40,False,0
2,mAb_aggregation,L1,mo_llm_candidate_gen,0,40,10,9289.662048182596,14,6.379447339723551,40,40,0,16862.250722434062,40,False,0
2,mAb_aggregation,L1,mo_llm_candidate_gen,2,40,10,13692.732239722807,14,4.619503561776042,40,30,0,16862.250722434062,40,False,0
2,mAb_aggregation,L1,mo_llm_candidate_gen,1,40,10,15075.491815542962,12,5.527654256372093,40,15,1,16862.250722434062,40,False,0
2,mAb_aggregation,L1,mo_llm_candidate_gen,4,40,10,12162.838881346144,10,6.230305856662488,40,40,0,16862.250722434062,40,False,0
2,mAb_aggregation,L1,mo_llm_candidate_gen,5,40,10,16117.831228096891,10,5.434104043931196,20,15,0,16862.250722434062,40,False,0
2,mAb_aggregation,L1,mo_llm_candidate_gen,6,40,10,11137.86391962552,12,8.362119350391831,40,40,0,16862.250722434062,40,False,0
2,mAb_aggregation,L1,mo_llm_candidate_gen,9,40,10,12106.67606085374,11,5.853944845274621,40,35,0,16862.250722434062,40,False,0
2,mAb_aggregation,L1,mo_llm_candidate_gen,7,40,10,14241.80779164624,8,9.071079197187176,40,25,0,16862.250722434062,40,False,0
2,mAb_aggregation,L1,mo_llm_candidate_gen,10,40,10,9947.049555838055,12,6.583144763296076,40,40,1,16862.250722434062,40,False,0
2,mAb_aggregation,L1,mo_llm_candidate_gen,8,40,10,13069.059306919911,12,5.467497845063308,40,35,0,16862.250722434062,40,False,0
2,mAb_aggregation,L1,mo_llm_candidate_gen,12,40,10,15183.891470272154,10,5.261862627797747,40,20,0,16862.250722434062,40,False,0
2,mAb_aggregation,L1,mo_llm_candidate_gen,13,40,10,13884.21747743805,9,5.365858427125528,40,20,0,16862.250722434062,40,False,0
2,mAb_aggregation,L1,mo_llm_candidate_gen,11,40,10,11817.692024662589,8,5.301875610169929,40,40,0,16862.250722434062,40,False,0
2,mAb_aggregation,L1,mo_llm_candidate_gen,14,40,10,13484.207943047555,9,9.115428339711215,40,25,0,16862.250722434062,40,False,0
2,mAb_aggregation,L1,mo_llm_candidate_gen,16,40,10,14994.493580704906,12,8.711255507026365,40,30,0,16862.250722434062,40,False,0
2,mAb_aggregation,L1,mo_llm_candidate_gen,17,40,10,12673.319267946576,14,4.566948956134603,40,35,0,16862.250722434062,40,False,0
2,mAb_aggregation,L1,mo_llm_candidate_gen,15,40,10,11875.311719082236,13,4.537489750135507,40,35,0,16862.250722434062,40,False,0
2,mAb_aggregation,L1,mo_llm_candidate_gen,18,40,10,12208.796871621958,10,5.224591386292859,40,25,2,16862.250722434062,40,False,0
2,mAb_aggregation,L1,mo_llm_candidate_gen,21,40,10,13230.480781248034,9,6.215524891036118,40,15,0,16862.250722434062,40,False,0
2,mAb_aggregation,L1,mo_llm_candidate_gen,19,40,10,10756.741671533126,17,4.602082801055287,40,40,0,16862.250722434062,40,False,0
2,mAb_aggregation,L1,mo_llm_candidate_gen,20,40,10,13357.193931793174,8,10.42999261847385,40,35,0,16862.250722434062,40,False,0
2,mAb_aggregation,L1,mo_llm_candidate_gen,22,40,10,13040.007365681218,8,8.363261920012018,40,40,1,16862.250722434062,40,False,0
2,mAb_aggregation,L1,mo_llm_candidate_gen,23,40,10,12272.565637269634,17,4.069238193368286,40,35,0,16862.250722434062,40,False,0
2,mAb_aggregation,L1,mo_llm_candidate_gen,24,40,10,13308.559504117746,11,5.416915476734348,40,25,0,16862.250722434062,40,False,0
2,mAb_aggregation,blank,mo_llm_candidate_gen,0,40,10,10611.506734803324,10,5.878949791730077,40,40,0,16862.250722434062,40,False,0
2,mAb_aggregation,blank,mo_llm_candidate_gen,2,40,10,14054.87026318195,10,5.776135882296372,40,20,0,16862.250722434062,40,False,0
2,mAb_aggregation,blank,mo_llm_candidate_gen,3,40,10,10273.801367695836,11,4.724436650735079,40,40,1,16862.250722434062,40,False,0
2,mAb_aggregation,blank,mo_llm_candidate_gen,1,40,10,15681.089841390396,10,4.667770165854547,25,20,1,16862.250722434062,40,False,0
2,mAb_aggregation,blank,mo_llm_candidate_gen,6,40,10,10682.03798085376,15,5.312226504666159,40,40,1,16862.250722434062,40,False,0
2,mAb_aggregation,blank,mo_llm_candidate_gen,7,40,10,13297.495530700304,10,9.094458851189849,40,25,1,16862.250722434062,40,False,0
2,mAb_aggregation,blank,mo_llm_candidate_gen,5,40,10,13544.664425323605,12,5.512402607645355,40,25,0,16862.250722434062,40,False,0
2,mAb_aggregation,blank,mo_llm_candidate_gen,4,40,10,14078.360263164615,10,5.472248837778729,40,30,0,16862.250722434062,40,False,0
2,mAb_aggregation,blank,mo_llm_candidate_gen,10,40,10,11510.611989526433,12,5.06292671042945,40,40,1,16862.250722434062,40,False,0
2,mAb_aggregation,blank,mo_llm_candidate_gen,9,40,10,10968.516088051556,10,5.679124758879191,40,40,0,16862.250722434062,40,False,0
2,mAb_aggregation,blank,mo_llm_candidate_gen,11,40,10,11467.234326890832,10,8.509786788792605,40,40,0,16862.250722434062,40,False,0
2,mAb_aggregation,blank,mo_llm_candidate_gen,8,40,10,10195.457971422997,12,7.27167111106333,40,40,1,16862.250722434062,40,False,0
2,mAb_aggregation,blank,mo_llm_candidate_gen,13,40,10,13497.535917666984,9,7.177064487283871,40,30,0,16862.250722434062,40,False,0
2,mAb_aggregation,blank,mo_llm_candidate_gen,12,40,10,10586.850433005731,8,7.574048864609858,40,40,1,16862.250722434062,40,False,0
2,mAb_aggregation,blank,mo_llm_candidate_gen,14,40,10,12592.980482280767,9,6.700042316549615,40,35,0,16862.250722434062,40,False,0
2,mAb_aggregation,blank,mo_llm_candidate_gen,15,40,10,11612.70445818285,6,7.527762796118976,40,40,1,16862.250722434062,40,False,0
2,mAb_aggregation,blank,mo_llm_candidate_gen,16,40,10,14038.052674835992,10,9.37989327621811,40,25,0,16862.250722434062,40,False,0
2,mAb_aggregation,blank,mo_llm_candidate_gen,17,40,10,13939.249896177009,13,4.942777720050053,40,25,0,16862.250722434062,40,False,0
2,mAb_aggregation,blank,mo_llm_candidate_gen,18,40,10,12129.236736004155,11,5.550097877227967,40,40,1,16862.250722434062,40,False,0
2,mAb_aggregation,blank,mo_llm_candidate_gen,19,40,10,12186.584532138872,5,7.365689806789586,40,40,0,16862.250722434062,40,False,0
2,mAb_aggregation,blank,mo_llm_candidate_gen,20,40,10,13708.713832909636,8,5.157867854113271,40,40,1,16862.250722434062,40,False,0
2,mAb_aggregation,blank,mo_llm_candidate_gen,21,40,10,13778.00937595283,9,6.01947901371272,40,20,2,16862.250722434062,40,False,0
2,mAb_aggregation,blank,mo_llm_candidate_gen,24,40,10,12195.623782042654,12,5.810516951534607,40,30,0,16862.250722434062,40,False,0
2,mAb_aggregation,blank,mo_llm_candidate_gen,22,40,10,9232.045241748538,7,7.899469456448968,40,40,1,16862.250722434062,40,False,0
2,mAb_aggregation,blank,mo_llm_candidate_gen,23,40,10,10896.670998918951,11,5.801248233381875,40,40,1,16862.250722434062,40,False,0
2,mAb_aggregation,wrong,mo_llm_candidate_gen,2,40,10,13171.002980993091,12,5.970488711200485,40,35,0,16862.250722434062,40,False,0
2,mAb_aggregation,wrong,mo_llm_candidate_gen,1,40,10,15977.101847032478,10,5.491883707084358,35,20,0,16862.250722434062,40,False,0
2,mAb_aggregation,wrong,mo_llm_candidate_gen,0,40,10,11703.676349521043,14,4.969608140883166,40,40,0,16862.250722434062,40,False,0
2,mAb_aggregation,wrong,mo_llm_candidate_gen,3,40,10,9215.048516198673,11,5.456556419527099,40,40,0,16862.250722434062,40,False,0
2,mAb_aggregation,wrong,mo_llm_candidate_gen,6,40,10,12230.344275590278,7,6.744777470335101,40,35,1,16862.250722434062,40,False,0
2,mAb_aggregation,wrong,mo_llm_candidate_gen,4,40,10,12902.33005061771,12,5.167068439349828,40,20,1,16862.250722434062,40,False,0
2,mAb_aggregation,wrong,mo_llm_candidate_gen,5,40,10,11957.82349017516,12,7.026989249599034,40,40,1,16862.250722434062,40,False,0
2,mAb_aggregation,wrong,mo_llm_candidate_gen,7,40,10,11356.517743310744,11,5.5644782404687865,40,40,0,16862.250722434062,40,False,0
2,mAb_aggregation,wrong,mo_llm_candidate_gen,10,40,10,12531.008895805096,9,6.273409606107359,40,35,1,16862.250722434062,40,False,0
2,mAb_aggregation,wrong,mo_llm_candidate_gen,8,40,10,12924.485639977154,14,4.913571440199461,40,20,1,16862.250722434062,40,False,0
2,mAb_aggregation,wrong,mo_llm_candidate_gen,11,40,10,11056.957290756704,11,5.380404962005153,40,40,0,16862.250722434062,40,False,0
2,mAb_aggregation,wrong,mo_llm_candidate_gen,9,40,10,12915.635371570088,10,4.863214294798999,40,25,0,16862.250722434062,40,False,0
2,mAb_aggregation,wrong,mo_llm_candidate_gen,12,40,10,15385.289087206458,10,6.185856343673666,40,20,1,16862.250722434062,40,False,0
2,mAb_aggregation,wrong,mo_llm_candidate_gen,13,40,10,12619.539770693842,12,6.401122722810369,40,35,0,16862.250722434062,40,False,0
2,mAb_aggregation,wrong,mo_llm_candidate_gen,14,40,10,12993.011284493345,10,9.668827301641498,40,30,0,16862.250722434062,40,False,0
2,mAb_aggregation,wrong,mo_llm_candidate_gen,15,40,10,13467.922374801748,9,5.390768904088104,40,25,1,16862.250722434062,40,False,0
2,mAb_aggregation,wrong,mo_llm_candidate_gen,19,40,10,12326.514866710317,19,4.170015217087384,40,25,0,16862.250722434062,40,False,0
2,mAb_aggregation,wrong,mo_llm_candidate_gen,16,40,10,14624.763083245156,10,10.196445589339437,40,25,0,16862.250722434062,40,False,0
2,mAb_aggregation,wrong,mo_llm_candidate_gen,18,40,10,13223.247492548246,9,5.637422338027167,40,20,1,16862.250722434062,40,False,0
2,mAb_aggregation,wrong,mo_llm_candidate_gen,17,40,10,14015.924452543406,13,4.515138485415825,40,20,0,16862.250722434062,40,False,0
2,mAb_aggregation,wrong,mo_llm_candidate_gen,20,40,10,11472.6778944649,9,5.665531354592317,40,40,0,16862.250722434062,40,False,0
2,mAb_aggregation,wrong,mo_llm_candidate_gen,22,40,10,11336.08291366812,9,5.530874003491059,40,40,0,16862.250722434062,40,False,0
2,mAb_aggregation,wrong,mo_llm_candidate_gen,23,40,10,9766.209860254688,18,5.213749724600783,40,40,0,16862.250722434062,40,False,0
2,mAb_aggregation,wrong,mo_llm_candidate_gen,24,40,10,14175.983595778504,11,5.2167504328270535,40,30,1,16862.250722434062,40,False,0
2,mAb_aggregation,wrong,mo_llm_candidate_gen,21,40,10,13934.47763817364,10,7.36411721883833,40,15,0,16862.250722434062,40,False,0
2,mAb_oxidation,L1,mo_llm_candidate_gen,0,40,10,1594.252105191357,14,4.284293626808898,40,40,0,3588.062609251266,40,False,0
2,mAb_oxidation,L1,mo_llm_candidate_gen,1,40,10,3387.2195130949945,8,5.163263938514165,30,30,0,3588.062609251266,40,False,0
2,mAb_oxidation,L1,mo_llm_candidate_gen,2,40,10,2558.807259406556,8,5.340842291990361,40,40,0,3588.062609251266,40,False,0
2,mAb_oxidation,L1,mo_llm_candidate_gen,3,40,10,2154.631814265763,15,3.4168253977949923,40,40,1,3588.062609251266,40,False,0
2,mAb_oxidation,L1,mo_llm_candidate_gen,4,40,10,3482.099833864307,12,4.389611487719871,30,30,0,3588.062609251266,40,False,0
2,mAb_oxidation,L1,mo_llm_candidate_gen,7,40,10,2449.7572170348003,15,4.490080306595718,40,40,0,3588.062609251266,40,False,0
2,mAb_oxidation,L1,mo_llm_candidate_gen,6,40,10,1969.7401110654632,14,4.253265296698522,40,40,0,3588.062609251266,40,False,0
2,mAb_oxidation,L1,mo_llm_candidate_gen,5,40,10,2736.533161410101,13,4.188832570224785,40,20,1,3588.062609251266,40,False,0
2,mAb_oxidation,L1,mo_llm_candidate_gen,8,40,10,2032.0930394797333,20,4.9467396256645015,40,40,0,3588.062609251266,40,False,0
2,mAb_oxidation,L1,mo_llm_candidate_gen,9,40,10,2420.7925628069365,14,4.221238160602073,40,40,0,3588.062609251266,40,False,0
2,mAb_oxidation,L1,mo_llm_candidate_gen,13,40,10,2631.327275261615,10,4.049283755815007,40,25,0,3588.062609251266,40,False,0
2,mAb_oxidation,L1,mo_llm_candidate_gen,11,40,10,2384.0454570395773,14,3.4538173072263523,40,40,0,3588.062609251266,40,False,0
2,mAb_oxidation,L1,mo_llm_candidate_gen,10,40,10,1819.6508250611168,16,4.625229425599086,40,40,0,3588.062609251266,40,False,0
2,mAb_oxidation,L1,mo_llm_candidate_gen,12,40,10,2754.964491977182,13,4.582039062751928,40,30,0,3588.062609251266,40,False,0
2,mAb_oxidation,L1,mo_llm_candidate_gen,14,40,10,2529.9964192441003,6,4.860959044921444,40,25,2,3588.062609251266,40,False,0
2,mAb_oxidation,L1,mo_llm_candidate_gen,15,40,10,2495.1552503825487,10,4.61465542577393,40,40,0,3588.062609251266,40,False,0
2,mAb_oxidation,L1,mo_llm_candidate_gen,17,40,10,2530.473656647343,14,4.381346021632576,40,40,1,3588.062609251266,40,False,0
2,mAb_oxidation,L1,mo_llm_candidate_gen,16,40,10,3215.5264698596334,7,6.707473114133814,40,15,2,3588.062609251266,40,False,0
2,mAb_oxidation,L1,mo_llm_candidate_gen,19,40,10,2951.711497346553,8,3.617546089903624,40,30,0,3588.062609251266,40,False,0
2,mAb_oxidation,L1,mo_llm_candidate_gen,20,40,10,2047.5583446144085,16,4.341491559433415,40,40,0,3588.062609251266,40,False,0
2,mAb_oxidation,L1,mo_llm_candidate_gen,21,40,10,2762.885768056617,14,3.289798062476184,40,30,0,3588.062609251266,40,False,0
2,mAb_oxidation,L1,mo_llm_candidate_gen,22,40,10,1973.9489347873557,11,4.2759362855933,40,40,0,3588.062609251266,40,False,0
2,mAb_oxidation,L1,mo_llm_candidate_gen,18,40,10,2760.1935159239065,12,3.7286475355437023,40,40,0,3588.062609251266,40,False,0
2,mAb_oxidation,L1,mo_llm_candidate_gen,23,40,10,2269.1726821623683,11,4.885736093144956,40,40,0,3588.062609251266,40,False,0
2,mAb_oxidation,L1,mo_llm_candidate_gen,24,40,10,2397.2819045063143,16,4.435710397504639,40,40,0,3588.062609251266,40,False,0
2,mAb_oxidation,blank,mo_llm_candidate_gen,1,40,10,3099.0397267244307,16,3.164884201788703,40,25,0,3588.062609251266,40,False,0
2,mAb_oxidation,blank,mo_llm_candidate_gen,2,40,10,2095.294345242719,19,4.221164677605319,40,40,0,3588.062609251266,40,False,0
2,mAb_oxidation,blank,mo_llm_candidate_gen,3,40,10,2347.395475821473,8,4.42143642011209,40,40,0,3588.062609251266,40,False,0
2,mAb_oxidation,blank,mo_llm_candidate_gen,0,40,10,2359.937250109308,12,3.41417511331976,40,40,0,3588.062609251266,40,False,0
2,mAb_oxidation,blank,mo_llm_candidate_gen,4,40,10,3884.2851303032776,10,4.457903030440883,30,20,0,3588.062609251266,40,False,0
2,mAb_oxidation,blank,mo_llm_candidate_gen,5,40,10,3579.5100719817665,8,4.018926149145883,35,30,1,3588.062609251266,40,False,0
2,mAb_oxidation,blank,mo_llm_candidate_gen,6,40,10,2153.599134647832,13,4.012822406124061,40,40,0,3588.062609251266,40,False,0
2,mAb_oxidation,blank,mo_llm_candidate_gen,7,40,10,2484.80043158002,14,3.621014552739641,40,40,0,3588.062609251266,40,False,0
2,mAb_oxidation,blank,mo_llm_candidate_gen,8,40,10,3046.139553581323,12,4.1002337600402745,40,20,0,3588.062609251266,40,False,0
2,mAb_oxidation,blank,mo_llm_candidate_gen,9,40,10,2100.768633407516,7,4.952706731370001,40,40,2,3588.062609251266,40,False,0
2,mAb_oxidation,blank,mo_llm_candidate_gen,11,40,10,1896.574739547222,15,3.4044142037684417,40,40,0,3588.062609251266,40,False,0
2,mAb_oxidation,blank,mo_llm_candidate_gen,10,40,10,2393.593499500669,11,4.315263781586663,40,40,1,3588.062609251266,40,False,0
2,mAb_oxidation,blank,mo_llm_candidate_gen,12,40,10,2695.3311191808325,13,4.373385044850908,40,40,0,3588.062609251266,40,False,0
2,mAb_oxidation,blank,mo_llm_candidate_gen,13,40,10,2792.537126219964,13,3.7198204367130416,40,20,0,3588.062609251266,40,False,0
2,mAb_oxidation,blank,mo_llm_candidate_gen,15,40,10,2429.330728580522,5,6.2143018804480485,40,40,2,3588.062609251266,40,False,0
2,mAb_oxidation,blank,mo_llm_candidate_gen,16,40,10,3185.164231876404,8,5.0493926206667,40,15,2,3588.062609251266,40,False,0
2,mAb_oxidation,blank,mo_llm_candidate_gen,14,40,10,2490.685118346347,12,3.526876406075125,40,40,1,3588.062609251266,40,False,0
2,mAb_oxidation,blank,mo_llm_candidate_gen,17,40,10,3166.971515023718,13,4.292629537628972,40,25,0,3588.062609251266,40,False,0
2,mAb_oxidation,blank,mo_llm_candidate_gen,19,40,10,1887.785724184149,14,5.50725991125234,40,40,0,3588.062609251266,40,False,0
2,mAb_oxidation,blank,mo_llm_candidate_gen,18,40,10,2395.286079193712,16,3.0498245796103625,40,40,0,3588.062609251266,40,False,0
2,mAb_oxidation,blank,mo_llm_candidate_gen,20,40,10,1868.7971523484257,15,4.434822615409392,40,40,0,3588.062609251266,40,False,0
2,mAb_oxidation,blank,mo_llm_candidate_gen,21,40,10,2650.8640146568346,13,3.614763614339,40,30,1,3588.062609251266,40,False,0
2,mAb_oxidation,blank,mo_llm_candidate_gen,22,40,10,2442.990966239118,13,5.047087080141627,40,40,0,3588.062609251266,40,False,0
2,mAb_oxidation,blank,mo_llm_candidate_gen,23,40,10,2547.925991695644,13,3.491194380776744,40,35,1,3588.062609251266,40,False,0
2,mAb_oxidation,blank,mo_llm_candidate_gen,24,40,10,2612.6152601959,13,4.243046608830044,40,40,0,3588.062609251266,40,False,0
2,mAb_oxidation,wrong,mo_llm_candidate_gen,3,40,10,2263.4940103256927,12,4.005970088144035,40,40,1,3588.062609251266,40,False,0
2,mAb_oxidation,wrong,mo_llm_candidate_gen,1,40,10,3274.408408813581,16,3.523727976219971,40,30,0,3588.062609251266,40,False,0
2,mAb_oxidation,wrong,mo_llm_candidate_gen,2,40,10,2728.235659896257,12,4.165062884080959,40,30,2,3588.062609251266,40,False,0
2,mAb_oxidation,wrong,mo_llm_candidate_gen,0,40,10,1957.6003236497716,11,4.280033655509214,40,40,0,3588.062609251266,40,False,0
2,mAb_oxidation,wrong,mo_llm_candidate_gen,4,40,10,3948.674104165096,11,3.797726530340708,35,35,0,3588.062609251266,40,False,0
2,mAb_oxidation,wrong,mo_llm_candidate_gen,7,40,10,2125.708090746541,11,5.287700181231815,40,40,0,3588.062609251266,40,False,0
2,mAb_oxidation,wrong,mo_llm_candidate_gen,6,40,10,2050.095934171808,19,3.856461156061319,40,40,0,3588.062609251266,40,False,0
2,mAb_oxidation,wrong,mo_llm_candidate_gen,5,40,10,3293.350850597327,10,4.360026451916774,40,25,0,3588.062609251266,40,False,0
2,mAb_oxidation,wrong,mo_llm_candidate_gen,8,40,10,2295.19237623031,8,4.918067608955045,40,40,1,3588.062609251266,40,False,0
2,mAb_oxidation,wrong,mo_llm_candidate_gen,9,40,10,1952.2488191183352,15,3.983854587826991,40,40,0,3588.062609251266,40,False,0
2,mAb_oxidation,wrong,mo_llm_candidate_gen,11,40,10,2271.4893386814915,15,3.982129400763454,40,40,0,3588.062609251266,40,False,0
2,mAb_oxidation,wrong,mo_llm_candidate_gen,10,40,10,2528.606931165872,13,3.911733993923725,40,35,0,3588.062609251266,40,False,0
2,mAb_oxidation,wrong,mo_llm_candidate_gen,12,40,10,2946.2930502689537,14,3.4099534796250195,40,20,0,3588.062609251266,40,False,0
2,mAb_oxidation,wrong,mo_llm_candidate_gen,13,40,10,2537.7773426457925,9,4.1802273418655,40,35,1,3588.062609251266,40,False,0
2,mAb_oxidation,wrong,mo_llm_candidate_gen,14,40,10,2531.7259843178085,8,4.721911938708927,40,40,0,3588.062609251266,40,False,0
2,mAb_oxidation,wrong,mo_llm_candidate_gen,15,40,10,2519.7277772608045,10,4.534931217586835,40,40,0,3588.062609251266,40,False,0
2,mAb_oxidation,wrong,mo_llm_candidate_gen,16,40,10,3252.897922054609,6,6.99749028359911,25,15,3,3588.062609251266,40,False,0
2,mAb_oxidation,wrong,mo_llm_candidate_gen,17,40,10,2583.484569651152,12,4.190319483958827,40,35,0,3588.062609251266,40,False,0
2,mAb_oxidation,wrong,mo_llm_candidate_gen,18,40,10,2138.1938836393083,18,3.450780992942907,40,40,0,3588.062609251266,40,False,0
2,mAb_oxidation,wrong,mo_llm_candidate_gen,20,40,10,2407.84901131871,17,2.692121896556972,40,40,0,3588.062609251266,40,False,0
2,mAb_oxidation,wrong,mo_llm_candidate_gen,22,40,10,1682.6435869779816,6,6.863103364149898,40,40,0,3588.062609251266,40,False,0
2,mAb_oxidation,wrong,mo_llm_candidate_gen,19,40,10,2429.645519916311,18,3.7843020801771865,40,40,0,3588.062609251266,40,False,0
2,mAb_oxidation,wrong,mo_llm_candidate_gen,23,40,10,2621.799715191831,11,3.2814369625973696,40,40,0,3588.062609251266,40,False,0
2,mAb_oxidation,wrong,mo_llm_candidate_gen,24,40,10,3528.178321091701,9,4.738009466469251,25,25,1,3588.062609251266,40,False,0
2,mAb_oxidation,wrong,mo_llm_candidate_gen,21,40,10,2432.691334355639,10,4.845327489505761,40,40,1,3588.062609251266,40,False,0
2,mAb_aggregation,L1,mo_ls_egbo,3,30,10,11049.604247778816,8,7.6674761504313365,30,30,0,16862.250722434062,30,False,0
2,mAb_aggregation,L1,mo_ls_egbo,0,30,10,10535.063395783342,12,10.486368642249495,30,30,0,16862.250722434062,30,False,0
2,mAb_aggregation,L1,mo_ls_egbo,1,30,10,15746.613315244953,4,11.910790151127093,30,20,1,16862.250722434062,30,False,1
2,mAb_aggregation,L1,mo_ls_egbo,2,30,10,14042.750299185695,10,5.705845500860395,30,30,0,16862.250722434062,30,False,2
2,mAb_aggregation,L1,mo_ls_egbo,7,30,10,12505.492290337135,9,6.836176058595359,30,30,0,16862.250722434062,30,False,0
2,mAb_aggregation,L1,mo_ls_egbo,4,30,10,10328.40148613378,9,5.709723717324768,30,30,0,16862.250722434062,30,False,2
2,mAb_aggregation,L1,mo_ls_egbo,5,30,10,15561.446994526923,8,11.264550861769033,30,20,0,16862.250722434062,30,False,2
2,mAb_aggregation,L1,mo_ls_egbo,9,30,10,13288.58619268335,8,10.580150371192723,30,25,0,16862.250722434062,30,False,0
2,mAb_aggregation,L1,mo_ls_egbo,6,30,10,10432.542399584367,10,6.08089595707787,30,30,1,16862.250722434062,30,False,2
2,mAb_aggregation,L1,mo_ls_egbo,10,30,10,8927.838372586975,5,9.329513446490855,30,30,0,16862.250722434062,30,False,0
2,mAb_aggregation,L1,mo_ls_egbo,8,30,10,11392.393651460294,10,5.979851296495603,30,30,0,16862.250722434062,30,False,1
2,mAb_aggregation,L1,mo_ls_egbo,11,30,10,9454.941773871718,12,5.3235798075349905,30,30,0,16862.250722434062,30,False,0
2,mAb_aggregation,L1,mo_ls_egbo,15,30,10,13037.77808927764,12,4.790365351551942,30,25,0,16862.250722434062,30,False,0
2,mAb_aggregation,L1,mo_ls_egbo,12,30,10,15018.894184276785,8,7.824545943291921,30,15,0,16862.250722434062,30,False,1
2,mAb_aggregation,L1,mo_ls_egbo,16,30,10,14015.872239932574,7,9.565271013648232,30,15,0,16862.250722434062,30,False,0
2,mAb_aggregation,L1,mo_ls_egbo,17,30,10,13695.585345222571,10,5.153005075003636,30,20,0,16862.250722434062,30,False,0
2,mAb_aggregation,L1,mo_ls_egbo,13,30,10,11421.233153502906,10,8.595894867724526,30,30,0,16862.250722434062,30,True,2
2,mAb_aggregation,L1,mo_ls_egbo,14,30,10,14292.09630716714,10,10.524157972133905,30,20,0,16862.250722434062,30,False,2
2,mAb_aggregation,L1,mo_ls_egbo,18,30,10,11089.762807795769,7,6.315472758293715,30,30,1,16862.250722434062,30,False,0
2,mAb_aggregation,L1,mo_ls_egbo,21,30,10,11594.671526542117,10,4.653854433170733,30,30,0,16862.250722434062,30,False,1
2,mAb_aggregation,L1,mo_ls_egbo,19,30,10,12825.34088417635,9,4.599515894287873,30,30,0,16862.250722434062,30,True,2
2,mAb_aggregation,L1,mo_ls_egbo,20,30,10,12072.344226253408,7,5.8510501022008325,30,25,0,16862.250722434062,30,False,2
2,mAb_aggregation,L1,mo_ls_egbo,23,30,10,12930.132162195625,11,4.5162275913373096,30,25,0,16862.250722434062,30,False,0
2,mAb_aggregation,L1,mo_ls_egbo,22,30,10,13235.657789212448,8,5.655361320407561,30,20,0,16862.250722434062,30,False,2
2,mAb_aggregation,L1,mo_ls_egbo,24,30,10,11195.036146558868,18,4.993254265948375,30,30,0,16862.250722434062,30,False,0
2,mAb_aggregation,blank,mo_ls_egbo,0,30,10,12755.486439951243,10,6.60974626980926,30,30,0,16862.250722434062,30,False,0
2,mAb_aggregation,blank,mo_ls_egbo,1,30,10,14919.92055293229,10,5.511923272849098,30,20,0,16862.250722434062,30,False,0
2,mAb_aggregation,blank,mo_ls_egbo,5,30,10,14973.181021664266,12,4.857861198660904,30,15,0,16862.250722434062,30,False,1
2,mAb_aggregation,blank,mo_ls_egbo,2,30,10,16881.06163083111,6,6.706370531960866,25,15,0,16862.250722434062,30,False,2
2,mAb_aggregation,blank,mo_ls_egbo,3,30,10,8865.145968388922,10,7.70977388903246,30,30,1,16862.250722434062,30,True,2
2,mAb_aggregation,blank,mo_ls_egbo,4,30,10,14570.40017704366,5,8.42048621601177,30,30,0,16862.250722434062,30,False,2
2,mAb_aggregation,blank,mo_ls_egbo,9,30,10,12994.65630512859,8,5.121602477633296,30,30,0,16862.250722434062,30,False,0
2,mAb_aggregation,blank,mo_ls_egbo,7,30,10,10480.49719900284,7,6.128743186547638,30,30,1,16862.250722434062,30,False,1
2,mAb_aggregation,blank,mo_ls_egbo,8,30,10,13556.42079961871,11,4.980026341271818,30,20,0,16862.250722434062,30,False,1
2,mAb_aggregation,blank,mo_ls_egbo,6,30,10,9872.551618422698,9,6.786605129556351,30,30,0,16862.250722434062,30,False,2
2,mAb_aggregation,blank,mo_ls_egbo,10,30,10,12766.343245723016,11,10.260534776519643,30,25,0,16862.250722434062,30,False,0
2,mAb_aggregation,blank,mo_ls_egbo,13,30,10,11788.109927055893,10,4.314516679163414,30,30,0,16862.250722434062,30,False,0
2,mAb_aggregation,blank,mo_ls_egbo,11,30,10,12622.245390827682,10,6.47418317773118,30,30,0,16862.250722434062,30,False,1
2,mAb_aggregation,blank,mo_ls_egbo,14,30,10,10995.179250195702,7,10.522344299574561,30,30,0,16862.250722434062,30,False,1
2,mAb_aggregation,blank,mo_ls_egbo,12,30,10,14888.322564368458,11,4.503845072427772,30,15,0,16862.250722434062,30,True,2
2,mAb_aggregation,blank,mo_ls_egbo,15,30,10,14895.823275843377,12,4.86359223251081,30,15,0,16862.250722434062,30,False,1
2,mAb_aggregation,blank,mo_ls_egbo,17,30,10,13141.945768637872,7,6.455855528428814,30,20,0,16862.250722434062,30,False,0
2,mAb_aggregation,blank,mo_ls_egbo,18,30,10,10778.814434860893,9,10.72065839314108,30,30,0,16862.250722434062,30,False,0
2,mAb_aggregation,blank,mo_ls_egbo,19,30,10,13525.008303456476,10,6.255857256942262,30,30,0,16862.250722434062,30,False,0
2,mAb_aggregation,blank,mo_ls_egbo,16,30,10,12123.197458944976,7,7.921957663853156,30,30,0,16862.250722434062,30,False,2
2,mAb_aggregation,blank,mo_ls_egbo,20,30,10,12284.197976459849,9,5.5693416321194045,30,20,0,16862.250722434062,30,True,2
2,mAb_aggregation,blank,mo_ls_egbo,21,30,10,11991.861228528905,10,6.610259430029206,30,20,0,16862.250722434062,30,True,2
2,mAb_aggregation,blank,mo_ls_egbo,22,30,10,12416.864868892322,5,7.084860766574491,30,15,1,16862.250722434062,30,True,2
2,mAb_aggregation,blank,mo_ls_egbo,23,30,10,14213.709485889849,10,4.559357784710639,30,25,0,16862.250722434062,30,True,2
2,mAb_aggregation,blank,mo_ls_egbo,24,30,10,12338.69549442202,9,7.5757155049930365,30,30,0,16862.250722434062,30,True,2
2,mAb_oxidation,L1,mo_ls_egbo,0,30,10,2352.2558145983876,8,4.746763251983548,30,30,0,3588.062609251266,30,False,0
2,mAb_oxidation,L1,mo_ls_egbo,2,30,10,2686.8443332105962,10,5.492430919995803,30,15,1,3588.062609251266,30,False,1
2,mAb_oxidation,L1,mo_ls_egbo,1,30,10,2695.40798726921,10,4.529626852596503,30,25,0,3588.062609251266,30,False,1
2,mAb_oxidation,L1,mo_ls_egbo,3,30,10,1804.8662743438344,15,5.048215559014499,30,30,0,3588.062609251266,30,False,2
2,mAb_oxidation,L1,mo_ls_egbo,4,30,10,2013.7123742840809,12,4.868821183294505,30,30,0,3588.062609251266,30,False,1
2,mAb_oxidation,L1,mo_ls_egbo,7,30,10,2693.1455246129976,12,3.368240222505727,30,30,0,3588.062609251266,30,False,0
2,mAb_oxidation,L1,mo_ls_egbo,6,30,10,2393.839761505693,8,4.5891834916324195,30,30,0,3588.062609251266,30,False,2
2,mAb_oxidation,L1,mo_ls_egbo,5,30,10,2051.590039352987,11,4.036707650601591,30,30,0,3588.062609251266,30,True,2
2,mAb_oxidation,L1,mo_ls_egbo,8,30,10,1746.1160397001088,10,6.2546461925671695,30,30,0,3588.062609251266,30,False,1
2,mAb_oxidation,L1,mo_ls_egbo,9,30,10,2808.4360042738067,6,4.560962671946237,30,25,0,3588.062609251266,30,False,1
2,mAb_oxidation,L1,mo_ls_egbo,11,30,10,2098.251003384716,9,4.334916229201854,30,30,0,3588.062609251266,30,False,0
2,mAb_oxidation,L1,mo_ls_egbo,12,30,10,3287.5240243426488,7,4.031479960483397,30,25,0,3588.062609251266,30,False,0
2,mAb_oxidation,L1,mo_ls_egbo,13,30,10,1952.5816954369277,12,4.594717718163828,30,30,1,3588.062609251266,30,False,0
2,mAb_oxidation,L1,mo_ls_egbo,15,30,10,2736.0705651335143,7,4.207013750918192,30,25,0,3588.062609251266,30,False,0
2,mAb_oxidation,L1,mo_ls_egbo,17,30,10,3210.590502844134,13,3.8520254550388584,30,15,0,3588.062609251266,30,False,0
2,mAb_oxidation,L1,mo_ls_egbo,10,30,10,2444.748924729522,14,3.8930424867605193,30,30,0,3588.062609251266,30,True,2
2,mAb_oxidation,L1,mo_ls_egbo,16,30,10,3170.4476405171613,8,4.493846840557363,30,25,0,3588.062609251266,30,False,1
2,mAb_oxidation,L1,mo_ls_egbo,18,30,10,2704.6182815096035,7,5.242764798989992,30,25,0,3588.062609251266,30,False,0
2,mAb_oxidation,L1,mo_ls_egbo,14,30,10,1954.8565986285137,14,4.704318304233881,30,30,0,3588.062609251266,30,True,2
2,mAb_oxidation,L1,mo_ls_egbo,20,30,10,2202.107926676801,11,5.1869738292454475,30,30,0,3588.062609251266,30,False,0
2,mAb_oxidation,L1,mo_ls_egbo,22,30,10,1421.8816311463793,9,6.216855086050152,30,30,0,3588.062609251266,30,False,0
2,mAb_oxidation,L1,mo_ls_egbo,19,30,10,1699.4644888572338,9,5.361038800505404,30,30,1,3588.062609251266,30,True,2
2,mAb_oxidation,L1,mo_ls_egbo,23,30,10,2908.794438550496,12,3.3760206564298776,30,15,0,3588.062609251266,30,False,1
2,mAb_oxidation,L1,mo_ls_egbo,21,30,10,2599.893547119679,10,4.039413884776926,30,30,0,3588.062609251266,30,False,2
2,mAb_oxidation,L1,mo_ls_egbo,24,30,10,2103.277578213278,8,6.079213112968525,30,30,1,3588.062609251266,30,False,1
2,mAb_oxidation,blank,mo_ls_egbo,2,30,10,4428.121649816919,9,4.851209911529245,15,15,1,3588.062609251266,30,False,0
2,mAb_oxidation,blank,mo_ls_egbo,0,30,10,3094.6055791207946,10,4.4621014655535145,30,30,0,3588.062609251266,30,False,1
2,mAb_oxidation,blank,mo_ls_egbo,1,30,10,2577.473783149391,8,5.30843479261812,30,20,0,3588.062609251266,30,False,1
2,mAb_oxidation,blank,mo_ls_egbo,3,30,10,1685.5349107719312,12,5.492113277630373,30,30,0,3588.062609251266,30,False,1
2,mAb_oxidation,blank,mo_ls_egbo,5,30,10,3269.013279171791,8,4.663101856736866,30,25,0,3588.062609251266,30,False,0
2,mAb_oxidation,blank,mo_ls_egbo,8,30,10,2820.0974440126456,11,4.026638657652208,30,25,0,3588.062609251266,30,False,0
2,mAb_oxidation,blank,mo_ls_egbo,6,30,10,2249.838309909899,9,4.578493550701676,30,30,0,3588.062609251266,30,False,1
2,mAb_oxidation,blank,mo_ls_egbo,4,30,10,2514.833492611563,15,3.053909974118358,30,30,0,3588.062609251266,30,False,2
2,mAb_oxidation,blank,mo_ls_egbo,7,30,10,1977.0025730766058,12,4.9195466821487965,30,30,0,3588.062609251266,30,True,2
2,mAb_oxidation,blank,mo_ls_egbo,9,30,10,2304.2087606223495,7,5.20721502001049,30,30,0,3588.062609251266,30,False,1
2,mAb_oxidation,blank,mo_ls_egbo,11,30,10,1863.2955954577267,13,3.8662349086924035,30,30,0,3588.062609251266,30,False,2
2,mAb_oxidation,blank,mo_ls_egbo,10,30,10,2272.496104871859,11,4.16207980105492,30,30,0,3588.062609251266,30,True,2
2,mAb_oxidation,blank,mo_ls_egbo,13,30,10,2019.0853385378214,12,4.258267138340879,30,30,0,3588.062609251266,30,False,1
2,mAb_oxidation,blank,mo_ls_egbo,12,30,10,2918.447881410983,9,3.679669368443904,30,30,0,3588.062609251266,30,False,2
2,mAb_oxidation,blank,mo_ls_egbo,14,30,10,2882.197446997166,17,3.196455904385173,30,25,0,3588.062609251266,30,True,2
2,mAb_oxidation,blank,mo_ls_egbo,15,30,10,2408.1270533661177,9,4.84858800531435,30,30,1,3588.062609251266,30,True,2
2,mAb_oxidation,blank,mo_ls_egbo,16,30,10,2140.0026632981335,8,5.400791402685176,30,30,0,3588.062609251266,30,False,2
2,mAb_oxidation,blank,mo_ls_egbo,17,30,10,3627.8035664774966,12,5.06107323440136,15,15,0,3588.062609251266,30,True,2
2,mAb_oxidation,blank,mo_ls_egbo,21,30,10,1995.6818292487997,8,4.893909989231872,30,30,0,3588.062609251266,30,False,0
2,mAb_oxidation,blank,mo_ls_egbo,18,30,10,2558.345260396624,9,4.469556606656615,30,25,0,3588.062609251266,30,False,1
2,mAb_oxidation,blank,mo_ls_egbo,23,30,10,1951.1788058271923,10,4.913409305501904,30,30,0,3588.062609251266,30,False,0
2,mAb_oxidation,blank,mo_ls_egbo,19,30,10,2083.6428564595035,11,3.8420310220701763,30,30,0,3588.062609251266,30,False,2
2,mAb_oxidation,blank,mo_ls_egbo,20,30,10,3494.949712738231,7,4.895900832490748,20,15,1,3588.062609251266,30,True,2
2,mAb_oxidation,blank,mo_ls_egbo,24,30,10,2501.177886026238,9,4.87260900988416,30,30,1,3588.062609251266,30,False,0
2,mAb_oxidation,blank,mo_ls_egbo,22,30,10,2306.703859803387,9,4.516322430064633,30,30,0,3588.062609251266,30,True,2
