dataset,condition,seed,global_best,global_min,auc_best,final_best,final_best_normalised,steps_to_90pct,switch_count,switch_frequency,failure_count
coatings,fixed_random,0,4081245.0762726846,0.0,0.9587849566026904,4019112.594109251,0.9847760962641876,6,0,0.0,0
coatings,fixed_random,1,4081245.0762726846,0.0,0.9734250387864614,3972786.146667793,0.9734250387864615,0,0,0.0,0
coatings,fixed_random,2,4081245.0762726846,0.0,0.8198828202272457,3972786.146667793,0.9734250387864615,40,0,0.0,0
coatings,fixed_random,3,4081245.0762726846,0.0,0.7140047568071347,4019112.594109251,0.9847760962641876,80,0,0.0,0
coatings,fixed_random,4,4081245.0762726846,0.0,0.9807845156126795,4019112.594109251,0.9847760962641876,0,0,0.0,0
coatings,fixed_random,5,4081245.0762726846,0.0,0.9537887644219482,3972786.146667793,0.9734250387864615,0,0,0.0,0
coatings,fixed_random,6,4081245.0762726846,0.0,0.89755266033767,4019112.594109251,0.9847760962641876,44,0,0.0,0
coatings,fixed_random,7,4081245.0762726846,0.0,0.9696421587889045,4019112.594109251,0.9847760962641876,10,0,0.0,0
coatings,fixed_random,8,4081245.0762726846,0.0,0.9303018407757605,4019112.594109251,0.9847760962641876,7,0,0.0,0
coatings,fixed_random,9,4081245.0762726846,0.0,0.8413023835678116,4081245.0762726846,1.0,35,0,0.0,0
coatings,fixed_random,10,4081245.0762726846,0.0,0.8911841064027717,4019112.594109251,0.9847760962641876,38,0,0.0,0
coatings,fixed_random,11,4081245.0762726846,0.0,0.777751515121849,3849179.6928702956,0.9431385817157716,70,0,0.0,0
coatings,fixed_random,12,4081245.0762726846,0.0,0.8660420521383758,3972786.146667793,0.9734250387864615,50,0,0.0,0
coatings,fixed_random,13,4081245.0762726846,0.0,0.95258153384624,3972786.146667793,0.9734250387864615,13,0,0.0,0
coatings,fixed_random,14,4081245.0762726846,0.0,0.994813834991097,4081245.0762726846,1.0,0,0,0.0,0
coatings,fixed_random,15,4081245.0762726846,0.0,0.9368312694035599,3972786.146667793,0.9734250387864615,20,0,0.0,0
coatings,fixed_random,16,4081245.0762726846,0.0,0.9283096510784756,4081245.0762726846,1.0,27,0,0.0,0
coatings,fixed_random,17,4081245.0762726846,0.0,0.885618945254388,3972786.146667793,0.9734250387864615,47,0,0.0,0
coatings,fixed_random,18,4081245.0762726846,0.0,0.8921054556293051,3640900.9983031014,0.8921054556293051,-1,0,0.0,0
coatings,fixed_random,19,4081245.0762726846,0.0,0.8794653112634178,4019112.594109251,0.9847760962641876,46,0,0.0,0
coatings,fixed_ucb_low,0,4081245.0762726846,0.0,0.859870855339079,4019112.594109251,0.9847760962641876,60,0,0.0,0
coatings,fixed_ucb_low,1,4081245.0762726846,0.0,0.9829050428337931,4019112.594109251,0.9847760962641876,0,0,0.0,0
coatings,fixed_ucb_low,2,4081245.0762726846,0.0,0.9558183444807534,4081245.0762726846,1.0,9,0,0.0,0
coatings,fixed_ucb_low,3,4081245.0762726846,0.0,0.7089831352247101,3457048.293078129,0.8470572652391115,-1,0,0.0,0
coatings,fixed_ucb_low,4,4081245.0762726846,0.0,0.983279253519872,4019112.594109251,0.9847760962641876,0,0,0.0,0
coatings,fixed_ucb_low,5,4081245.0762726846,0.0,0.9774149410404884,4019112.594109251,0.9847760962641876,0,0,0.0,0
coatings,fixed_ucb_low,6,4081245.0762726846,0.0,0.944245622933329,4081245.0762726846,1.0,17,0,0.0,0
coatings,fixed_ucb_low,7,4081245.0762726846,0.0,0.9801740515136673,4081245.0762726846,1.0,11,0,0.0,0
coatings,fixed_ucb_low,8,4081245.0762726846,0.0,0.9508142464960381,4081245.0762726846,1.0,21,0,0.0,0
coatings,fixed_ucb_low,9,4081245.0762726846,0.0,0.8878489236368687,4019112.594109251,0.9847760962641876,34,0,0.0,0
coatings,fixed_ucb_low,10,4081245.0762726846,0.0,0.9273821203403849,4081245.0762726846,1.0,27,0,0.0,0
coatings,fixed_ucb_low,11,4081245.0762726846,0.0,0.790960024500181,4081245.0762726846,1.0,52,0,0.0,0
coatings,fixed_ucb_low,12,4081245.0762726846,0.0,0.9511583550137063,4081245.0762726846,1.0,14,0,0.0,0
coatings,fixed_ucb_low,13,4081245.0762726846,0.0,0.9630140268029597,4019112.594109251,0.9847760962641876,6,0,0.0,0
coatings,fixed_ucb_low,14,4081245.0762726846,0.0,0.9847760962641876,4019112.594109251,0.9847760962641876,0,0,0.0,0
coatings,fixed_ucb_low,15,4081245.0762726846,0.0,0.9445853828608854,4081245.0762726846,1.0,20,0,0.0,0
coatings,fixed_ucb_low,16,4081245.0762726846,0.0,0.95053591805894,4081245.0762726846,1.0,18,0,0.0,0
coatings,fixed_ucb_low,17,4081245.0762726846,0.0,0.9496672750315709,4019112.594109251,0.9847760962641876,14,0,0.0,0
coatings,fixed_ucb_low,18,4081245.0762726846,0.0,0.9937796957904724,4081245.0762726846,1.0,5,0,0.0,0
coatings,fixed_ucb_low,19,4081245.0762726846,0.0,0.9324726285665508,4081245.0762726846,1.0,19,0,0.0,0
coatings,fixed_ucb_high,0,4081245.0762726846,0.0,0.9279170040908802,3972786.146667793,0.9734250387864615,15,0,0.0,0
coatings,fixed_ucb_high,1,4081245.0762726846,0.0,0.9734250387864614,3972786.146667793,0.9734250387864615,0,0,0.0,0
coatings,fixed_ucb_high,2,4081245.0762726846,0.0,0.844562126835955,3849179.6928702956,0.9431385817157716,50,0,0.0,0
coatings,fixed_ucb_high,3,4081245.0762726846,0.0,0.8995723221352933,3860644.472341896,0.9459477194316744,9,0,0.0,0
coatings,fixed_ucb_high,4,4081245.0762726846,0.0,0.9734250387864614,3972786.146667793,0.9734250387864615,0,0,0.0,0
coatings,fixed_ucb_high,5,4081245.0762726846,0.0,0.9717609477386212,3972786.146667793,0.9734250387864615,0,0,0.0,0
coatings,fixed_ucb_high,6,4081245.0762726846,0.0,0.9641306518573397,4019112.594109251,0.9847760962641876,9,0,0.0,0
coatings,fixed_ucb_high,7,4081245.0762726846,0.0,0.9331654759473811,3972786.146667793,0.9734250387864615,23,0,0.0,0
coatings,fixed_ucb_high,8,4081245.0762726846,0.0,0.9557882269139664,3972786.146667793,0.9734250387864615,11,0,0.0,0
coatings,fixed_ucb_high,9,4081245.0762726846,0.0,0.8342362971727383,3849179.6928702956,0.9431385817157716,76,0,0.0,0
coatings,fixed_ucb_high,10,4081245.0762726846,0.0,0.8874025441781384,4019112.594109251,0.9847760962641876,36,0,0.0,0
coatings,fixed_ucb_high,11,4081245.0762726846,0.0,0.8215076511450429,3849179.6928702956,0.9431385817157716,56,0,0.0,0
coatings,fixed_ucb_high,12,4081245.0762726846,0.0,0.9149077599583189,3972786.146667793,0.9734250387864615,16,0,0.0,0
coatings,fixed_ucb_high,13,4081245.0762726846,0.0,0.8657596222948701,3849179.6928702956,0.9431385817157716,68,0,0.0,0
coatings,fixed_ucb_high,14,4081245.0762726846,0.0,0.9847760962641876,4019112.594109251,0.9847760962641876,0,0,0.0,0
coatings,fixed_ucb_high,15,4081245.0762726846,0.0,0.9305399589265415,4019112.594109251,0.9847760962641876,20,0,0.0,0
coatings,fixed_ucb_high,16,4081245.0762726846,0.0,0.886210703678275,3849179.6928702956,0.9431385817157716,31,0,0.0,0
coatings,fixed_ucb_high,17,4081245.0762726846,0.0,0.9618367135899123,4019112.594109251,0.9847760962641876,10,0,0.0,0
coatings,fixed_ucb_high,18,4081245.0762726846,0.0,0.8943486699627762,3849179.6928702956,0.9431385817157716,87,0,0.0,0
coatings,fixed_ucb_high,19,4081245.0762726846,0.0,0.914590427781854,3849179.6928702956,0.9431385817157716,8,0,0.0,0
coatings,fixed_ei,0,4081245.0762726846,0.0,0.8890251757565747,4019112.594109251,0.9847760962641876,41,0,0.0,0
coatings,fixed_ei,1,4081245.0762726846,0.0,0.9792876728683639,4019112.594109251,0.9847760962641876,0,0,0.0,0
coatings,fixed_ei,2,4081245.0762726846,0.0,0.9465587447186687,4081245.0762726846,1.0,13,0,0.0,0
coatings,fixed_ei,3,4081245.0762726846,0.0,0.8811588266465207,4081245.0762726846,1.0,20,0,0.0,0
coatings,fixed_ei,4,4081245.0762726846,0.0,0.9821566214616354,4019112.594109251,0.9847760962641876,0,0,0.0,0
coatings,fixed_ei,5,4081245.0762726846,0.0,0.9808342140300081,4081245.0762726846,1.0,0,0,0.0,0
coatings,fixed_ei,6,4081245.0762726846,0.0,0.9621945830290134,4081245.0762726846,1.0,11,0,0.0,0
coatings,fixed_ei,7,4081245.0762726846,0.0,0.8915032104954512,3727653.643350795,0.9133618720969294,30,0,0.0,0
coatings,fixed_ei,8,4081245.0762726846,0.0,0.9496431769778986,4081245.0762726846,1.0,21,0,0.0,0
coatings,fixed_ei,9,4081245.0762726846,0.0,0.8692651203003776,3972786.146667793,0.9734250387864615,48,0,0.0,0
coatings,fixed_ei,10,4081245.0762726846,0.0,0.9166979367157306,4081245.0762726846,1.0,26,0,0.0,0
coatings,fixed_ei,11,4081245.0762726846,0.0,0.776406296791002,4081245.0762726846,1.0,54,0,0.0,0
coatings,fixed_ei,12,4081245.0762726846,0.0,0.9498643365976035,4019112.594109251,0.9847760962641876,9,0,0.0,0
coatings,fixed_ei,13,4081245.0762726846,0.0,0.9821065589925085,4081245.0762726846,1.0,9,0,0.0,0
coatings,fixed_ei,14,4081245.0762726846,0.0,0.9847760962641876,4019112.594109251,0.9847760962641876,0,0,0.0,0
coatings,fixed_ei,15,4081245.0762726846,0.0,0.9671456229034738,4019112.594109251,0.9847760962641876,6,0,0.0,0
coatings,fixed_ei,16,4081245.0762726846,0.0,0.9573651040039539,4081245.0762726846,1.0,17,0,0.0,0
coatings,fixed_ei,17,4081245.0762726846,0.0,0.9819348843826254,4081245.0762726846,1.0,7,0,0.0,0
coatings,fixed_ei,18,4081245.0762726846,0.0,0.9844536983954462,4081245.0762726846,1.0,5,0,0.0,0
coatings,fixed_ei,19,4081245.0762726846,0.0,0.9454191872995849,4081245.0762726846,1.0,16,0,0.0,0
coatings,fixed_lhs,0,4081245.0762726846,0.0,0.8124214269118538,3849179.6928702956,0.9431385817157716,69,0,0.0,0
coatings,fixed_lhs,1,4081245.0762726846,0.0,0.9775134943577751,4081245.0762726846,1.0,0,0,0.0,0
coatings,fixed_lhs,2,4081245.0762726846,0.0,0.8975072427026328,3972786.146667793,0.9734250387864615,9,0,0.0,0
coatings,fixed_lhs,3,4081245.0762726846,0.0,0.8217763560651845,3972786.146667793,0.9734250387864615,53,0,0.0,0
coatings,fixed_lhs,4,4081245.0762726846,0.0,0.9734250387864614,3972786.146667793,0.9734250387864615,0,0,0.0,0
coatings,fixed_lhs,5,4081245.0762726846,0.0,0.9431385817157717,3849179.6928702956,0.9431385817157716,0,0,0.0,0
coatings,fixed_lhs,6,4081245.0762726846,0.0,0.9473946223216464,3972786.146667793,0.9734250387864615,12,0,0.0,0
coatings,fixed_lhs,7,4081245.0762726846,0.0,0.9289384292938173,4081245.0762726846,1.0,17,0,0.0,0
coatings,fixed_lhs,8,4081245.0762726846,0.0,0.9114070224826861,3972786.146667793,0.9734250387864615,31,0,0.0,0
coatings,fixed_lhs,9,4081245.0762726846,0.0,0.8268788370131669,3849179.6928702956,0.9431385817157716,35,0,0.0,0
coatings,fixed_lhs,10,4081245.0762726846,0.0,0.9218733944341468,3849179.6928702956,0.9431385817157716,8,0,0.0,0
coatings,fixed_lhs,11,4081245.0762726846,0.0,0.9092334215880428,3972786.146667793,0.9734250387864615,14,0,0.0,0
coatings,fixed_lhs,12,4081245.0762726846,0.0,0.8886371436733812,3972786.146667793,0.9734250387864615,22,0,0.0,0
coatings,fixed_lhs,13,4081245.0762726846,0.0,0.8756209002208076,3972786.146667793,0.9734250387864615,61,0,0.0,0
coatings,fixed_lhs,14,4081245.0762726846,0.0,0.9847760962641876,4019112.594109251,0.9847760962641876,0,0,0.0,0
coatings,fixed_lhs,15,4081245.0762726846,0.0,0.9191950044847637,3972786.146667793,0.9734250387864615,25,0,0.0,0
coatings,fixed_lhs,16,4081245.0762726846,0.0,0.8648209422116566,3972786.146667793,0.9734250387864615,73,0,0.0,0
coatings,fixed_lhs,17,4081245.0762726846,0.0,0.8274464424782786,3849179.6928702956,0.9431385817157716,63,0,0.0,0
coatings,fixed_lhs,18,4081245.0762726846,0.0,0.9291184921315777,3849179.6928702956,0.9431385817157716,25,0,0.0,0
coatings,fixed_lhs,19,4081245.0762726846,0.0,0.864701275514745,3972786.146667793,0.9734250387864615,84,0,0.0,0
coatings,mock_approach_a,0,4081245.0762726846,0.0,0.9297771987392148,4019112.594109251,0.9847760962641876,15,0,0.0,0
coatings,mock_approach_a,1,4081245.0762726846,0.0,0.9829050428337931,4019112.594109251,0.9847760962641876,0,0,0.0,0
coatings,mock_approach_a,2,4081245.0762726846,0.0,0.9558183444807534,4081245.0762726846,1.0,9,0,0.0,0
coatings,mock_approach_a,3,4081245.0762726846,0.0,0.9310533207080545,4081245.0762726846,1.0,9,0,0.0,0
coatings,mock_approach_a,4,4081245.0762726846,0.0,0.9734250387864614,3972786.146667793,0.9734250387864615,0,0,0.0,0
coatings,mock_approach_a,5,4081245.0762726846,0.0,0.9789560682742978,4081245.0762726846,1.0,0,0,0.0,0
coatings,mock_approach_a,6,4081245.0762726846,0.0,0.8994489880072304,4019112.594109251,0.9847760962641876,36,0,0.0,0
coatings,mock_approach_a,7,4081245.0762726846,0.0,0.9620751900512631,4019112.594109251,0.9847760962641876,15,0,0.0,0
coatings,mock_approach_a,8,4081245.0762726846,0.0,0.9411990463479758,3972786.146667793,0.9734250387864615,17,0,0.0,0
coatings,mock_approach_a,9,4081245.0762726846,0.0,0.8583260850265422,3972786.146667793,0.9734250387864615,32,0,0.0,0
coatings,mock_approach_a,10,4081245.0762726846,0.0,0.9103419268524138,4019112.594109251,0.9847760962641876,26,0,0.0,0
coatings,mock_approach_a,11,4081245.0762726846,0.0,0.81970351625043,4019112.594109251,0.9847760962641876,38,0,0.0,0
coatings,mock_approach_a,12,4081245.0762726846,0.0,0.9652605642474584,4081245.0762726846,1.0,7,0,0.0,0
coatings,mock_approach_a,13,4081245.0762726846,0.0,0.9645108695472753,4019112.594109251,0.9847760962641876,6,0,0.0,0
coatings,mock_approach_a,14,4081245.0762726846,0.0,0.9847760962641876,4019112.594109251,0.9847760962641876,0,0,0.0,0
coatings,mock_approach_a,15,4081245.0762726846,0.0,0.9152394988301137,4019112.594109251,0.9847760962641876,35,0,0.0,0
coatings,mock_approach_a,16,4081245.0762726846,0.0,0.8941983407079075,3972786.146667793,0.9734250387864615,31,0,0.0,0
coatings,mock_approach_a,17,4081245.0762726846,0.0,0.9693650176350942,4081245.0762726846,1.0,10,0,0.0,0
coatings,mock_approach_a,18,4081245.0762726846,0.0,0.9542253356153253,4019112.594109251,0.9847760962641876,30,0,0.0,0
coatings,mock_approach_a,19,4081245.0762726846,0.0,0.9558696295997872,4081245.0762726846,1.0,8,0,0.0,0
coatings,mock_approach_b,0,4081245.0762726846,0.0,0.812910774690655,4081245.0762726846,1.0,59,2,0.2197802197802198,0
coatings,mock_approach_b,1,4081245.0762726846,0.0,0.9802488879909662,4081245.0762726846,1.0,0,2,0.2197802197802198,0
coatings,mock_approach_b,2,4081245.0762726846,0.0,0.9149357291663944,4019112.594109251,0.9847760962641876,9,2,0.2197802197802198,0
coatings,mock_approach_b,3,4081245.0762726846,0.0,0.8689287974534797,4081245.0762726846,1.0,34,2,0.2197802197802198,0
coatings,mock_approach_b,4,4081245.0762726846,0.0,0.9734250387864614,3972786.146667793,0.9734250387864615,0,2,0.2197802197802198,0
coatings,mock_approach_b,5,4081245.0762726846,0.0,0.9624420378707168,3972786.146667793,0.9734250387864615,0,2,0.2197802197802198,0
coatings,mock_approach_b,6,4081245.0762726846,0.0,0.9473946223216464,3972786.146667793,0.9734250387864615,12,2,0.2197802197802198,0
coatings,mock_approach_b,7,4081245.0762726846,0.0,0.9418302352699612,3972786.146667793,0.9734250387864615,17,2,0.2197802197802198,0
coatings,mock_approach_b,8,4081245.0762726846,0.0,0.9038698853573426,4019112.594109251,0.9847760962641876,35,2,0.2197802197802198,0
coatings,mock_approach_b,9,4081245.0762726846,0.0,0.8733401703713681,4081245.0762726846,1.0,30,2,0.2197802197802198,0
coatings,mock_approach_b,10,4081245.0762726846,0.0,0.9464571926707073,4019112.594109251,0.9847760962641876,8,2,0.2197802197802198,0
coatings,mock_approach_b,11,4081245.0762726846,0.0,0.9248358831462326,4081245.0762726846,1.0,14,2,0.2197802197802198,0
coatings,mock_approach_b,12,4081245.0762726846,0.0,0.895415447430966,4019112.594109251,0.9847760962641876,22,2,0.2197802197802198,0
coatings,mock_approach_b,13,4081245.0762726846,0.0,0.9322569578277771,4081245.0762726846,1.0,32,2,0.2197802197802198,0
coatings,mock_approach_b,14,4081245.0762726846,0.0,0.993810061118406,4081245.0762726846,1.0,0,2,0.2197802197802198,0
coatings,mock_approach_b,15,4081245.0762726846,0.0,0.9327869789426647,4081245.0762726846,1.0,25,2,0.2197802197802198,0
coatings,mock_approach_b,16,4081245.0762726846,0.0,0.9077613059771472,4081245.0762726846,1.0,34,2,0.2197802197802198,0
coatings,mock_approach_b,17,4081245.0762726846,0.0,0.9133216857445451,4081245.0762726846,1.0,32,2,0.2197802197802198,0
coatings,mock_approach_b,18,4081245.0762726846,0.0,0.95641154776518,4081245.0762726846,1.0,25,2,0.2197802197802198,0
coatings,mock_approach_b,19,4081245.0762726846,0.0,0.9242435192564533,4081245.0762726846,1.0,32,2,0.2197802197802198,0
coatings,mock_approach_c,0,4081245.0762726846,0.0,0.9340066722017801,4019112.594109251,0.9847760962641876,13,0,0.0,0
coatings,mock_approach_c,1,4081245.0762726846,0.0,0.9734250387864614,3972786.146667793,0.9734250387864615,0,0,0.0,0
coatings,mock_approach_c,2,4081245.0762726846,0.0,0.8892526971926328,4081245.0762726846,1.0,33,0,0.0,0
coatings,mock_approach_c,3,4081245.0762726846,0.0,0.9191990403163844,4081245.0762726846,1.0,7,0,0.0,0
coatings,mock_approach_c,4,4081245.0762726846,0.0,0.9776660932286888,4019112.594109251,0.9847760962641876,0,0,0.0,0
coatings,mock_approach_c,5,4081245.0762726846,0.0,0.9715500690952776,4019112.594109251,0.9847760962641876,0,0,0.0,0
coatings,mock_approach_c,6,4081245.0762726846,0.0,0.969765097706026,4019112.594109251,0.9847760962641876,6,0,0.0,0
coatings,mock_approach_c,7,4081245.0762726846,0.0,0.9394033257021979,4019112.594109251,0.9847760962641876,28,0,0.0,0
coatings,mock_approach_c,8,4081245.0762726846,0.0,0.9286714576108058,4081245.0762726846,1.0,40,0,0.0,0
coatings,mock_approach_c,9,4081245.0762726846,0.0,0.8394470190919145,3849179.6928702956,0.9431385817157716,50,0,0.0,0
coatings,mock_approach_c,10,4081245.0762726846,0.0,0.9638870092336285,4081245.0762726846,1.0,11,0,0.0,0
coatings,mock_approach_c,11,4081245.0762726846,0.0,0.8580581375358376,3972786.146667793,0.9734250387864615,34,0,0.0,0
coatings,mock_approach_c,12,4081245.0762726846,0.0,0.8707278551919269,4081245.0762726846,1.0,40,0,0.0,0
coatings,mock_approach_c,13,4081245.0762726846,0.0,0.9552010086487923,4019112.594109251,0.9847760962641876,13,0,0.0,0
coatings,mock_approach_c,14,4081245.0762726846,0.0,0.9847760962641876,4019112.594109251,0.9847760962641876,0,0,0.0,0
coatings,mock_approach_c,15,4081245.0762726846,0.0,0.9102999389311736,4019112.594109251,0.9847760962641876,54,0,0.0,0
coatings,mock_approach_c,16,4081245.0762726846,0.0,0.9009099365178774,4019112.594109251,0.9847760962641876,40,0,0.0,0
coatings,mock_approach_c,17,4081245.0762726846,0.0,0.8970406725863408,4081245.0762726846,1.0,38,0,0.0,0
coatings,mock_approach_c,18,4081245.0762726846,0.0,0.966922168188041,4019112.594109251,0.9847760962641876,13,0,0.0,0
coatings,mock_approach_c,19,4081245.0762726846,0.0,0.9263617681693231,4019112.594109251,0.9847760962641876,23,0,0.0,0
coatings,ada_original,0,4081245.0762726846,0.0,0.9587849566026904,4019112.594109251,0.9847760962641876,6,1,0.1098901098901099,0
coatings,ada_original,1,4081245.0762726846,0.0,0.9734250387864614,3972786.146667793,0.9734250387864615,0,1,0.1098901098901099,0
coatings,ada_original,2,4081245.0762726846,0.0,0.8198828202272457,3972786.146667793,0.9734250387864615,40,1,0.1098901098901099,0
coatings,ada_original,3,4081245.0762726846,0.0,0.6973574255843233,3457048.293078129,0.8470572652391115,-1,1,0.1098901098901099,0
coatings,ada_original,4,4081245.0762726846,0.0,0.9807845156126795,4019112.594109251,0.9847760962641876,0,1,0.1098901098901099,0
coatings,ada_original,5,4081245.0762726846,0.0,0.9537887644219482,3972786.146667793,0.9734250387864615,0,1,0.1098901098901099,0
coatings,ada_original,6,4081245.0762726846,0.0,0.896928975860872,3972786.146667793,0.9734250387864615,44,1,0.1098901098901099,0
coatings,ada_original,7,4081245.0762726846,0.0,0.9696421587889045,4019112.594109251,0.9847760962641876,10,1,0.1098901098901099,0
coatings,ada_original,8,4081245.0762726846,0.0,0.9303018407757605,4019112.594109251,0.9847760962641876,7,1,0.1098901098901099,0
coatings,ada_original,9,4081245.0762726846,0.0,0.8413023835678116,4081245.0762726846,1.0,35,1,0.1098901098901099,0
coatings,ada_original,10,4081245.0762726846,0.0,0.8911841064027717,4019112.594109251,0.9847760962641876,38,1,0.1098901098901099,0
coatings,ada_original,11,4081245.0762726846,0.0,0.777751515121849,3849179.6928702956,0.9431385817157716,70,1,0.1098901098901099,0
coatings,ada_original,12,4081245.0762726846,0.0,0.8660420521383758,3972786.146667793,0.9734250387864615,50,1,0.1098901098901099,0
coatings,ada_original,13,4081245.0762726846,0.0,0.95258153384624,3972786.146667793,0.9734250387864615,13,1,0.1098901098901099,0
coatings,ada_original,14,4081245.0762726846,0.0,0.994813834991097,4081245.0762726846,1.0,0,1,0.1098901098901099,0
coatings,ada_original,15,4081245.0762726846,0.0,0.9368312694035599,3972786.146667793,0.9734250387864615,20,1,0.1098901098901099,0
coatings,ada_original,16,4081245.0762726846,0.0,0.9283096510784756,4081245.0762726846,1.0,27,1,0.1098901098901099,0
coatings,ada_original,17,4081245.0762726846,0.0,0.885618945254388,3972786.146667793,0.9734250387864615,47,1,0.1098901098901099,0
coatings,ada_original,18,4081245.0762726846,0.0,0.8921054556293051,3640900.9983031014,0.8921054556293051,-1,1,0.1098901098901099,0
coatings,ada_original,19,4081245.0762726846,0.0,0.8794653112634178,4019112.594109251,0.9847760962641876,46,1,0.1098901098901099,0
pareto_20201218,fixed_random,0,5.44426438452636,-1.9304201262287157,0.6037074502891929,5.44426438452636,0.9999999999998163,57,0,0.0,0
pareto_20201218,fixed_random,1,5.44426438452636,-1.9304201262287157,0.8477524884705564,5.44426438452636,0.9999999999998163,30,0,0.0,0
pareto_20201218,fixed_random,2,5.44426438452636,-1.9304201262287157,0.5244070338662313,2.1685893784688846,0.39832550833351,-1,0,0.0,0
pareto_20201218,fixed_random,3,5.44426438452636,-1.9304201262287157,1.0,5.44426438452636,0.9999999999998163,0,0,0.0,0
pareto_20201218,fixed_random,4,5.44426438452636,-1.9304201262287157,1.0,5.44426438452636,0.9999999999998163,0,0,0.0,0
pareto_20201218,fixed_random,5,5.44426438452636,-1.9304201262287157,0.9318306855754303,5.44426438452636,0.9999999999998163,6,0,0.0,0
pareto_20201218,fixed_random,6,5.44426438452636,-1.9304201262287157,0.8447826711263275,5.44426438452636,0.9999999999998163,17,0,0.0,0
pareto_20201218,fixed_random,7,5.44426438452636,-1.9304201262287157,0.6613280254844205,3.31642191643393,0.6091588655869149,-1,0,0.0,0
pareto_20201218,fixed_random,8,5.44426438452636,-1.9304201262287157,0.8673534246122961,5.44426438452636,0.9999999999998163,13,0,0.0,0
pareto_20201218,fixed_random,9,5.44426438452636,-1.9304201262287157,0.9124767502125531,5.44426438452636,0.9999999999998163,10,0,0.0,0
pareto_20201218,fixed_random,10,5.44426438452636,-1.9304201262287157,1.0,5.44426438452636,0.9999999999998163,0,0,0.0,0
pareto_20201218,fixed_random,11,5.44426438452636,-1.9304201262287157,0.8398862959344838,5.44426438452636,0.9999999999998163,25,0,0.0,0
pareto_20201218,fixed_random,12,5.44426438452636,-1.9304201262287157,0.8913374050531994,5.44426438452636,0.9999999999998163,12,0,0.0,0
pareto_20201218,fixed_random,13,5.44426438452636,-1.9304201262287157,0.8793998464243227,5.44426438452636,0.9999999999998163,15,0,0.0,0
pareto_20201218,fixed_random,14,5.44426438452636,-1.9304201262287157,1.0,5.44426438452636,0.9999999999998163,0,0,0.0,0
pareto_20201218,fixed_random,15,5.44426438452636,-1.9304201262287157,0.7446148587103942,5.44426438452636,0.9999999999998163,35,0,0.0,0
pareto_20201218,fixed_random,16,5.44426438452636,-1.9304201262287157,0.7114666444389273,3.31642191643393,0.6091588655869149,-1,0,0.0,0
pareto_20201218,fixed_random,17,5.44426438452636,-1.9304201262287157,0.7533039853680216,5.44426438452636,0.9999999999998163,33,0,0.0,0
pareto_20201218,fixed_random,18,5.44426438452636,-1.9304201262287157,0.7957516019750474,5.44426438452636,0.9999999999998163,31,0,0.0,0
pareto_20201218,fixed_random,19,5.44426438452636,-1.9304201262287157,1.0,5.44426438452636,0.9999999999998163,0,0,0.0,0
pareto_20201218,fixed_ucb_low,0,5.44426438452636,-1.9304201262287157,0.44595703859731833,2.173265080528347,0.3991843391560451,-1,0,0.0,0
pareto_20201218,fixed_ucb_low,1,5.44426438452636,-1.9304201262287157,0.9590574489184204,5.44426438452636,0.9999999999998163,6,0,0.0,0
pareto_20201218,fixed_ucb_low,2,5.44426438452636,-1.9304201262287157,0.4961587668183162,3.31642191643393,0.6091588655869149,-1,0,0.0,0
pareto_20201218,fixed_ucb_low,3,5.44426438452636,-1.9304201262287157,1.0,5.44426438452636,0.9999999999998163,0,0,0.0,0
pareto_20201218,fixed_ucb_low,4,5.44426438452636,-1.9304201262287157,1.0,5.44426438452636,0.9999999999998163,0,0,0.0,0
pareto_20201218,fixed_ucb_low,5,5.44426438452636,-1.9304201262287157,0.8396768329097956,5.44426438452636,0.9999999999998163,28,0,0.0,0
pareto_20201218,fixed_ucb_low,6,5.44426438452636,-1.9304201262287157,0.875579707574556,5.44426438452636,0.9999999999998163,13,0,0.0,0
pareto_20201218,fixed_ucb_low,7,5.44426438452636,-1.9304201262287157,0.6378689486680985,3.31642191643393,0.6091588655869149,-1,0,0.0,0
pareto_20201218,fixed_ucb_low,8,5.44426438452636,-1.9304201262287157,0.6308924528615492,3.31642191643393,0.6091588655869149,-1,0,0.0,0
pareto_20201218,fixed_ucb_low,9,5.44426438452636,-1.9304201262287157,0.6301490609811089,3.295055144471652,0.6052342266544262,-1,0,0.0,0
pareto_20201218,fixed_ucb_low,10,5.44426438452636,-1.9304201262287157,1.0,5.44426438452636,0.9999999999998163,0,0,0.0,0
pareto_20201218,fixed_ucb_low,11,5.44426438452636,-1.9304201262287157,0.7644755154177703,5.44426438452636,0.9999999999998163,33,0,0.0,0
pareto_20201218,fixed_ucb_low,12,5.44426438452636,-1.9304201262287157,0.46237003422275214,1.9178547519686475,0.3522706864529219,-1,0,0.0,0
pareto_20201218,fixed_ucb_low,13,5.44426438452636,-1.9304201262287157,0.6701499146839989,5.44426438452636,0.9999999999998163,40,0,0.0,0
pareto_20201218,fixed_ucb_low,14,5.44426438452636,-1.9304201262287157,1.0,5.44426438452636,0.9999999999998163,0,0,0.0,0
pareto_20201218,fixed_ucb_low,15,5.44426438452636,-1.9304201262287157,0.6570342840819121,3.295055144471652,0.6052342266544262,-1,0,0.0,0
pareto_20201218,fixed_ucb_low,16,5.44426438452636,-1.9304201262287157,0.7114666444389273,3.31642191643393,0.6091588655869149,-1,0,0.0,0
pareto_20201218,fixed_ucb_low,17,5.44426438452636,-1.9304201262287157,0.4776359925077059,3.295055144471652,0.6052342266544262,-1,0,0.0,0
pareto_20201218,fixed_ucb_low,18,5.44426438452636,-1.9304201262287157,0.762803082319411,5.44426438452636,0.9999999999998163,34,0,0.0,0
pareto_20201218,fixed_ucb_low,19,5.44426438452636,-1.9304201262287157,1.0,5.44426438452636,0.9999999999998163,0,0,0.0,0
pareto_20201218,fixed_ucb_high,0,5.44426438452636,-1.9304201262287157,0.616763674551812,5.44426438452636,0.9999999999998163,61,0,0.0,0
pareto_20201218,fixed_ucb_high,1,5.44426438452636,-1.9304201262287157,0.9590574489184204,5.44426438452636,0.9999999999998163,6,0,0.0,0
pareto_20201218,fixed_ucb_high,2,5.44426438452636,-1.9304201262287157,0.6445340955485092,3.31642191643393,0.6091588655869149,-1,0,0.0,0
pareto_20201218,fixed_ucb_high,3,5.44426438452636,-1.9304201262287157,1.0,5.44426438452636,0.9999999999998163,0,0,0.0,0
pareto_20201218,fixed_ucb_high,4,5.44426438452636,-1.9304201262287157,1.0,5.44426438452636,0.9999999999998163,0,0,0.0,0
pareto_20201218,fixed_ucb_high,5,5.44426438452636,-1.9304201262287157,0.675434768975031,3.31642191643393,0.6091588655869149,-1,0,0.0,0
pareto_20201218,fixed_ucb_high,6,5.44426438452636,-1.9304201262287157,0.875579707574556,5.44426438452636,0.9999999999998163,13,0,0.0,0
pareto_20201218,fixed_ucb_high,7,5.44426438452636,-1.9304201262287157,0.7895966837472466,5.44426438452636,0.9999999999998163,34,0,0.0,0
pareto_20201218,fixed_ucb_high,8,5.44426438452636,-1.9304201262287157,0.8268517649788105,5.44426438452636,0.9999999999998163,30,0,0.0,0
pareto_20201218,fixed_ucb_high,9,5.44426438452636,-1.9304201262287157,0.7984708256644077,5.44426438452636,0.9999999999998163,37,0,0.0,0
pareto_20201218,fixed_ucb_high,10,5.44426438452636,-1.9304201262287157,1.0,5.44426438452636,0.9999999999998163,0,0,0.0,0
pareto_20201218,fixed_ucb_high,11,5.44426438452636,-1.9304201262287157,0.7605531659479838,5.44426438452636,0.9999999999998163,46,0,0.0,0
pareto_20201218,fixed_ucb_high,12,5.44426438452636,-1.9304201262287157,0.6765676586279622,3.295055144471652,0.6052342266544262,-1,0,0.0,0
pareto_20201218,fixed_ucb_high,13,5.44426438452636,-1.9304201262287157,0.6995261662293254,5.44426438452636,0.9999999999998163,56,0,0.0,0
pareto_20201218,fixed_ucb_high,14,5.44426438452636,-1.9304201262287157,1.0,5.44426438452636,0.9999999999998163,0,0,0.0,0
pareto_20201218,fixed_ucb_high,15,5.44426438452636,-1.9304201262287157,0.7982356235815156,5.44426438452636,0.9999999999998163,31,0,0.0,0
pareto_20201218,fixed_ucb_high,16,5.44426438452636,-1.9304201262287157,0.8979035818783897,5.44426438452636,0.9999999999998163,23,0,0.0,0
pareto_20201218,fixed_ucb_high,17,5.44426438452636,-1.9304201262287157,0.798917061833223,5.44426438452636,0.9999999999998163,32,0,0.0,0
pareto_20201218,fixed_ucb_high,18,5.44426438452636,-1.9304201262287157,0.7730768888148312,5.44426438452636,0.9999999999998163,37,0,0.0,0
pareto_20201218,fixed_ucb_high,19,5.44426438452636,-1.9304201262287157,1.0,5.44426438452636,0.9999999999998163,0,0,0.0,0
pareto_20201218,fixed_ei,0,5.44426438452636,-1.9304201262287157,0.5714866663479807,3.31642191643393,0.6091588655869149,-1,0,0.0,0
pareto_20201218,fixed_ei,1,5.44426438452636,-1.9304201262287157,0.9590574489184204,5.44426438452636,0.9999999999998163,6,0,0.0,0
pareto_20201218,fixed_ei,2,5.44426438452636,-1.9304201262287157,0.6392707022635981,3.31642191643393,0.6091588655869149,-1,0,0.0,0
pareto_20201218,fixed_ei,3,5.44426438452636,-1.9304201262287157,1.0,5.44426438452636,0.9999999999998163,0,0,0.0,0
pareto_20201218,fixed_ei,4,5.44426438452636,-1.9304201262287157,1.0,5.44426438452636,0.9999999999998163,0,0,0.0,0
pareto_20201218,fixed_ei,5,5.44426438452636,-1.9304201262287157,0.675434768975031,3.31642191643393,0.6091588655869149,-1,0,0.0,0
pareto_20201218,fixed_ei,6,5.44426438452636,-1.9304201262287157,0.875579707574556,5.44426438452636,0.9999999999998163,13,0,0.0,0
pareto_20201218,fixed_ei,7,5.44426438452636,-1.9304201262287157,0.6350536472275451,3.31642191643393,0.6091588655869149,-1,0,0.0,0
pareto_20201218,fixed_ei,8,5.44426438452636,-1.9304201262287157,0.6466707103068144,3.31642191643393,0.6091588655869149,-1,0,0.0,0
pareto_20201218,fixed_ei,9,5.44426438452636,-1.9304201262287157,0.6529260464395161,3.31642191643393,0.6091588655869149,-1,0,0.0,0
pareto_20201218,fixed_ei,10,5.44426438452636,-1.9304201262287157,1.0,5.44426438452636,0.9999999999998163,0,0,0.0,0
pareto_20201218,fixed_ei,11,5.44426438452636,-1.9304201262287157,0.6000770935236146,3.295055144471652,0.6052342266544262,-1,0,0.0,0
pareto_20201218,fixed_ei,12,5.44426438452636,-1.9304201262287157,0.5041681749745767,3.295055144471652,0.6052342266544262,-1,0,0.0,0
pareto_20201218,fixed_ei,13,5.44426438452636,-1.9304201262287157,0.8045933153472241,5.44426438452636,0.9999999999998163,21,0,0.0,0
pareto_20201218,fixed_ei,14,5.44426438452636,-1.9304201262287157,1.0,5.44426438452636,0.9999999999998163,0,0,0.0,0
pareto_20201218,fixed_ei,15,5.44426438452636,-1.9304201262287157,0.6593906667017018,5.44426438452636,0.9999999999998163,64,0,0.0,0
pareto_20201218,fixed_ei,16,5.44426438452636,-1.9304201262287157,0.7114666444389273,3.31642191643393,0.6091588655869149,-1,0,0.0,0
pareto_20201218,fixed_ei,17,5.44426438452636,-1.9304201262287157,0.589811637899008,3.31642191643393,0.6091588655869149,-1,0,0.0,0
pareto_20201218,fixed_ei,18,5.44426438452636,-1.9304201262287157,0.762803082319411,5.44426438452636,0.9999999999998163,34,0,0.0,0
pareto_20201218,fixed_ei,19,5.44426438452636,-1.9304201262287157,1.0,5.44426438452636,0.9999999999998163,0,0,0.0,0
pareto_20201218,fixed_lhs,0,5.44426438452636,-1.9304201262287157,0.6839628270843303,5.44426438452636,0.9999999999998163,43,0,0.0,0
pareto_20201218,fixed_lhs,1,5.44426438452636,-1.9304201262287157,0.6898476529907954,3.295055144471652,0.6052342266544262,-1,0,0.0,0
pareto_20201218,fixed_lhs,2,5.44426438452636,-1.9304201262287157,0.8627427283053452,5.44426438452636,0.9999999999998163,20,0,0.0,0
pareto_20201218,fixed_lhs,3,5.44426438452636,-1.9304201262287157,1.0,5.44426438452636,0.9999999999998163,0,0,0.0,0
pareto_20201218,fixed_lhs,4,5.44426438452636,-1.9304201262287157,1.0,5.44426438452636,0.9999999999998163,0,0,0.0,0
pareto_20201218,fixed_lhs,5,5.44426438452636,-1.9304201262287157,0.7949633710458691,5.44426438452636,0.9999999999998163,22,0,0.0,0
pareto_20201218,fixed_lhs,6,5.44426438452636,-1.9304201262287157,0.8669829204996968,5.44426438452636,0.9999999999998163,15,0,0.0,0
pareto_20201218,fixed_lhs,7,5.44426438452636,-1.9304201262287157,0.7229227945868548,5.44426438452636,0.9999999999998163,36,0,0.0,0
pareto_20201218,fixed_lhs,8,5.44426438452636,-1.9304201262287157,0.8638602658877488,5.44426438452636,0.9999999999998163,16,0,0.0,0
pareto_20201218,fixed_lhs,9,5.44426438452636,-1.9304201262287157,0.6302424987001319,5.44426438452636,0.9999999999998163,48,0,0.0,0
pareto_20201218,fixed_lhs,10,5.44426438452636,-1.9304201262287157,1.0,5.44426438452636,0.9999999999998163,0,0,0.0,0
pareto_20201218,fixed_lhs,11,5.44426438452636,-1.9304201262287157,0.8293931400082818,5.44426438452636,0.9999999999998163,32,0,0.0,0
pareto_20201218,fixed_lhs,12,5.44426438452636,-1.9304201262287157,0.8762641381049563,5.44426438452636,0.9999999999998163,14,0,0.0,0
pareto_20201218,fixed_lhs,13,5.44426438452636,-1.9304201262287157,0.8545842619415271,5.44426438452636,0.9999999999998163,19,0,0.0,0
pareto_20201218,fixed_lhs,14,5.44426438452636,-1.9304201262287157,1.0,5.44426438452636,0.9999999999998163,0,0,0.0,0
pareto_20201218,fixed_lhs,15,5.44426438452636,-1.9304201262287157,0.8437853885878873,5.44426438452636,0.9999999999998163,26,0,0.0,0
pareto_20201218,fixed_lhs,16,5.44426438452636,-1.9304201262287157,0.7114666444389273,3.31642191643393,0.6091588655869149,-1,0,0.0,0
pareto_20201218,fixed_lhs,17,5.44426438452636,-1.9304201262287157,0.797373161809745,5.44426438452636,0.9999999999998163,25,0,0.0,0
pareto_20201218,fixed_lhs,18,5.44426438452636,-1.9304201262287157,0.6731736887300682,5.44426438452636,0.9999999999998163,47,0,0.0,0
pareto_20201218,fixed_lhs,19,5.44426438452636,-1.9304201262287157,1.0,5.44426438452636,0.9999999999998163,0,0,0.0,0
pareto_20201218,mock_approach_a,0,5.44426438452636,-1.9304201262287157,0.44595703859731833,2.173265080528347,0.3991843391560451,-1,0,0.0,0
pareto_20201218,mock_approach_a,1,5.44426438452636,-1.9304201262287157,0.9590574489184204,5.44426438452636,0.9999999999998163,6,0,0.0,0
pareto_20201218,mock_approach_a,2,5.44426438452636,-1.9304201262287157,0.6636406761826532,5.44426438452636,0.9999999999998163,48,0,0.0,0
pareto_20201218,mock_approach_a,3,5.44426438452636,-1.9304201262287157,1.0,5.44426438452636,0.9999999999998163,0,0,0.0,0
pareto_20201218,mock_approach_a,4,5.44426438452636,-1.9304201262287157,1.0,5.44426438452636,0.9999999999998163,0,0,0.0,0
pareto_20201218,mock_approach_a,5,5.44426438452636,-1.9304201262287157,0.8396768329097956,5.44426438452636,0.9999999999998163,28,0,0.0,0
pareto_20201218,mock_approach_a,6,5.44426438452636,-1.9304201262287157,0.875579707574556,5.44426438452636,0.9999999999998163,13,0,0.0,0
pareto_20201218,mock_approach_a,7,5.44426438452636,-1.9304201262287157,0.7133763549523809,5.44426438452636,0.9999999999998163,51,0,0.0,0
pareto_20201218,mock_approach_a,8,5.44426438452636,-1.9304201262287157,0.7999504724629757,5.44426438452636,0.9999999999998163,36,0,0.0,0
pareto_20201218,mock_approach_a,9,5.44426438452636,-1.9304201262287157,0.6842283377238083,5.44426438452636,0.9999999999998163,51,0,0.0,0
pareto_20201218,mock_approach_a,10,5.44426438452636,-1.9304201262287157,1.0,5.44426438452636,0.9999999999998163,0,0,0.0,0
pareto_20201218,mock_approach_a,11,5.44426438452636,-1.9304201262287157,0.6467115030198556,3.31642191643393,0.6091588655869149,-1,0,0.0,0
pareto_20201218,mock_approach_a,12,5.44426438452636,-1.9304201262287157,0.7794249237177973,5.44426438452636,0.9999999999998163,39,0,0.0,0
pareto_20201218,mock_approach_a,13,5.44426438452636,-1.9304201262287157,0.5855585198671795,3.31642191643393,0.6091588655869149,-1,0,0.0,0
pareto_20201218,mock_approach_a,14,5.44426438452636,-1.9304201262287157,1.0,5.44426438452636,0.9999999999998163,0,0,0.0,0
pareto_20201218,mock_approach_a,15,5.44426438452636,-1.9304201262287157,0.7825736491558083,5.44426438452636,0.9999999999998163,37,0,0.0,0
pareto_20201218,mock_approach_a,16,5.44426438452636,-1.9304201262287157,0.8401969107661751,5.44426438452636,0.9999999999998163,36,0,0.0,0
pareto_20201218,mock_approach_a,17,5.44426438452636,-1.9304201262287157,0.7361473792962748,5.44426438452636,0.9999999999998163,46,0,0.0,0
pareto_20201218,mock_approach_a,18,5.44426438452636,-1.9304201262287157,0.7327928661461859,5.44426438452636,0.9999999999998163,45,0,0.0,0
pareto_20201218,mock_approach_a,19,5.44426438452636,-1.9304201262287157,1.0,5.44426438452636,0.9999999999998163,0,0,0.0,0
pareto_20201218,mock_approach_b,0,5.44426438452636,-1.9304201262287157,0.6174343773525712,3.31642191643393,0.6091588655869149,-1,2,0.3076923076923077,0
pareto_20201218,mock_approach_b,1,5.44426438452636,-1.9304201262287157,0.7077818480013519,5.44426438452636,0.9999999999998163,61,2,0.3076923076923077,0
pareto_20201218,mock_approach_b,2,5.44426438452636,-1.9304201262287157,0.7551375582420055,5.44426438452636,0.9999999999998163,44,2,0.3076923076923077,0
pareto_20201218,mock_approach_b,3,5.44426438452636,-1.9304201262287157,1.0,5.44426438452636,0.9999999999998163,0,2,0.3076923076923077,0
pareto_20201218,mock_approach_b,4,5.44426438452636,-1.9304201262287157,1.0,5.44426438452636,0.9999999999998163,0,2,0.3076923076923077,0
pareto_20201218,mock_approach_b,5,5.44426438452636,-1.9304201262287157,0.6409386718171349,5.44426438452636,0.9999999999998163,50,2,0.3076923076923077,0
pareto_20201218,mock_approach_b,6,5.44426438452636,-1.9304201262287157,0.8669829204996968,5.44426438452636,0.9999999999998163,15,2,0.3076923076923077,0
pareto_20201218,mock_approach_b,7,5.44426438452636,-1.9304201262287157,0.6469188448880911,5.44426438452636,0.9999999999998163,54,2,0.3076923076923077,0
pareto_20201218,mock_approach_b,8,5.44426438452636,-1.9304201262287157,0.8638602658877488,5.44426438452636,0.9999999999998163,16,2,0.3076923076923077,0
pareto_20201218,mock_approach_b,9,5.44426438452636,-1.9304201262287157,0.5874841762793974,3.31642191643393,0.6091588655869149,-1,2,0.3076923076923077,0
pareto_20201218,mock_approach_b,10,5.44426438452636,-1.9304201262287157,1.0,5.44426438452636,0.9999999999998163,0,2,0.3076923076923077,0
pareto_20201218,mock_approach_b,11,5.44426438452636,-1.9304201262287157,0.6814360311711898,3.295055144471652,0.6052342266544262,-1,2,0.3076923076923077,0
pareto_20201218,mock_approach_b,12,5.44426438452636,-1.9304201262287157,0.8762641381049563,5.44426438452636,0.9999999999998163,14,2,0.3076923076923077,0
pareto_20201218,mock_approach_b,13,5.44426438452636,-1.9304201262287157,0.8545842619415271,5.44426438452636,0.9999999999998163,19,2,0.3076923076923077,0
pareto_20201218,mock_approach_b,14,5.44426438452636,-1.9304201262287157,1.0,5.44426438452636,0.9999999999998163,0,2,0.3076923076923077,0
pareto_20201218,mock_approach_b,15,5.44426438452636,-1.9304201262287157,0.7272131210192695,5.44426438452636,0.9999999999998163,52,2,0.3076923076923077,0
pareto_20201218,mock_approach_b,16,5.44426438452636,-1.9304201262287157,0.8135630625605376,5.44426438452636,0.9999999999998163,42,2,0.3076923076923077,0
pareto_20201218,mock_approach_b,17,5.44426438452636,-1.9304201262287157,0.5616320775192858,3.295055144471652,0.6052342266544262,-1,2,0.3076923076923077,0
pareto_20201218,mock_approach_b,18,5.44426438452636,-1.9304201262287157,0.5806126957631667,3.295055144471652,0.6052342266544262,-1,2,0.3076923076923077,0
pareto_20201218,mock_approach_b,19,5.44426438452636,-1.9304201262287157,1.0,5.44426438452636,0.9999999999998163,0,2,0.3076923076923077,0
pareto_20201218,mock_approach_c,0,5.44426438452636,-1.9304201262287157,0.8872996997870245,5.44426438452636,0.9999999999998163,11,0,0.0,0
pareto_20201218,mock_approach_c,1,5.44426438452636,-1.9304201262287157,0.6277763407374332,3.31642191643393,0.6091588655869149,-1,0,0.0,0
pareto_20201218,mock_approach_c,2,5.44426438452636,-1.9304201262287157,0.8896044798989832,5.44426438452636,0.9999999999998163,11,0,0.0,0
pareto_20201218,mock_approach_c,3,5.44426438452636,-1.9304201262287157,1.0,5.44426438452636,0.9999999999998163,0,0,0.0,0
pareto_20201218,mock_approach_c,4,5.44426438452636,-1.9304201262287157,1.0,5.44426438452636,0.9999999999998163,0,0,0.0,0
pareto_20201218,mock_approach_c,5,5.44426438452636,-1.9304201262287157,0.6104877497951848,5.44426438452636,0.9999999999998163,59,0,0.0,0
pareto_20201218,mock_approach_c,6,5.44426438452636,-1.9304201262287157,0.7991221059425035,5.44426438452636,0.9999999999998163,18,0,0.0,0
pareto_20201218,mock_approach_c,7,5.44426438452636,-1.9304201262287157,0.616755429052224,3.31642191643393,0.6091588655869149,-1,0,0.0,0
pareto_20201218,mock_approach_c,8,5.44426438452636,-1.9304201262287157,0.7682629763212008,5.44426438452636,0.9999999999998163,28,0,0.0,0
pareto_20201218,mock_approach_c,9,5.44426438452636,-1.9304201262287157,0.6420076583883768,5.44426438452636,0.9999999999998163,56,0,0.0,0
pareto_20201218,mock_approach_c,10,5.44426438452636,-1.9304201262287157,1.0,5.44426438452636,0.9999999999998163,0,0,0.0,0
pareto_20201218,mock_approach_c,11,5.44426438452636,-1.9304201262287157,0.5657326611059502,2.5157953071410795,0.46210013501383007,-1,0,0.0,0
pareto_20201218,mock_approach_c,12,5.44426438452636,-1.9304201262287157,0.8856835333800184,5.44426438452636,0.9999999999998163,14,0,0.0,0
pareto_20201218,mock_approach_c,13,5.44426438452636,-1.9304201262287157,0.9434199267426533,5.44426438452636,0.9999999999998163,6,0,0.0,0
pareto_20201218,mock_approach_c,14,5.44426438452636,-1.9304201262287157,1.0,5.44426438452636,0.9999999999998163,0,0,0.0,0
pareto_20201218,mock_approach_c,15,5.44426438452636,-1.9304201262287157,0.679396176950535,3.31642191643393,0.6091588655869149,-1,0,0.0,0
pareto_20201218,mock_approach_c,16,5.44426438452636,-1.9304201262287157,0.7114666444389273,3.31642191643393,0.6091588655869149,-1,0,0.0,0
pareto_20201218,mock_approach_c,17,5.44426438452636,-1.9304201262287157,0.757714828754737,5.44426438452636,0.9999999999998163,33,0,0.0,0
pareto_20201218,mock_approach_c,18,5.44426438452636,-1.9304201262287157,0.7644755154177703,5.44426438452636,0.9999999999998163,33,0,0.0,0
pareto_20201218,mock_approach_c,19,5.44426438452636,-1.9304201262287157,1.0,5.44426438452636,0.9999999999998163,0,0,0.0,0
pareto_20201223,fixed_random,0,4.667169677008169,-1.8162555193823233,0.8180271667578112,4.0186641917660895,0.8610495160615936,-1,0,0.0,0
pareto_20201223,fixed_random,1,4.667169677008169,-1.8162555193823233,0.8712470596277158,3.8324096192891406,0.8211421234946482,-1,0,0.0,0
pareto_20201223,fixed_random,2,4.667169677008169,-1.8162555193823233,0.7203728270731242,3.8056942383535586,0.8154180159981533,-1,0,0.0,0
pareto_20201223,fixed_random,3,4.667169677008169,-1.8162555193823233,0.785066488852625,3.331895332389427,0.7139006213557213,-1,0,0.0,0
pareto_20201223,fixed_random,4,4.667169677008169,-1.8162555193823233,0.808383467653205,4.0186641917660895,0.8610495160615936,-1,0,0.0,0
pareto_20201223,fixed_random,5,4.667169677008169,-1.8162555193823233,0.8637593146500933,3.8324096192891406,0.8211421234946482,-1,0,0.0,0
pareto_20201223,fixed_random,6,4.667169677008169,-1.8162555193823233,0.9109979699730487,4.667169677008169,0.9999999999997857,13,0,0.0,0
pareto_20201223,fixed_random,7,4.667169677008169,-1.8162555193823233,0.8712470596277158,3.8324096192891406,0.8211421234946482,-1,0,0.0,0
pareto_20201223,fixed_random,8,4.667169677008169,-1.8162555193823233,1.0,4.667169677008169,0.9999999999997857,0,0,0.0,0
pareto_20201223,fixed_random,9,4.667169677008169,-1.8162555193823233,0.8999748642734217,4.0186641917660895,0.8610495160615936,-1,0,0.0,0
pareto_20201223,fixed_random,10,4.667169677008169,-1.8162555193823233,0.8926789138872108,4.0186641917660895,0.8610495160615936,-1,0,0.0,0
pareto_20201223,fixed_random,11,4.667169677008169,-1.8162555193823233,0.7954474293420134,4.667169677008169,0.9999999999997857,29,0,0.0,0
pareto_20201223,fixed_random,12,4.667169677008169,-1.8162555193823233,0.8667495060664143,4.667169677008169,0.9999999999997857,30,0,0.0,0
pareto_20201223,fixed_random,13,4.667169677008169,-1.8162555193823233,0.5848529547153266,3.8324096192891406,0.8211421234946482,-1,0,0.0,0
pareto_20201223,fixed_random,14,4.667169677008169,-1.8162555193823233,0.8152370976906317,4.667169677008169,0.9999999999997857,33,0,0.0,0
pareto_20201223,fixed_random,15,4.667169677008169,-1.8162555193823233,0.8712470596277158,3.8324096192891406,0.8211421234946482,-1,0,0.0,0
pareto_20201223,fixed_random,16,4.667169677008169,-1.8162555193823233,0.7801257562918269,4.667169677008169,0.9999999999997857,26,0,0.0,0
pareto_20201223,fixed_random,17,4.667169677008169,-1.8162555193823233,0.7125939017124572,4.0186641917660895,0.8610495160615936,-1,0,0.0,0
pareto_20201223,fixed_random,18,4.667169677008169,-1.8162555193823233,0.6904483979877285,3.331895332389427,0.7139006213557213,-1,0,0.0,0
pareto_20201223,fixed_random,19,4.667169677008169,-1.8162555193823233,1.0,4.667169677008169,0.9999999999997857,0,0,0.0,0
pareto_20201223,fixed_ucb_low,0,4.667169677008169,-1.8162555193823233,0.519934664484088,1.7658810364731146,0.37836229635532176,-1,0,0.0,0
pareto_20201223,fixed_ucb_low,1,4.667169677008169,-1.8162555193823233,0.8712470596277158,3.8324096192891406,0.8211421234946482,-1,0,0.0,0
pareto_20201223,fixed_ucb_low,2,4.667169677008169,-1.8162555193823233,0.8201699154521316,4.0186641917660895,0.8610495160615936,-1,0,0.0,0
pareto_20201223,fixed_ucb_low,3,4.667169677008169,-1.8162555193823233,0.9645875353824874,4.667169677008169,0.9999999999997857,10,0,0.0,0
pareto_20201223,fixed_ucb_low,4,4.667169677008169,-1.8162555193823233,0.3368282072695194,0.4607197763909122,0.09871502608110708,-1,0,0.0,0
pareto_20201223,fixed_ucb_low,5,4.667169677008169,-1.8162555193823233,0.8656469367332685,4.0186641917660895,0.8610495160615936,-1,0,0.0,0
pareto_20201223,fixed_ucb_low,6,4.667169677008169,-1.8162555193823233,0.716308938714668,3.331895332389427,0.7139006213557213,-1,0,0.0,0
pareto_20201223,fixed_ucb_low,7,4.667169677008169,-1.8162555193823233,0.9754922075650694,4.667169677008169,0.9999999999997857,14,0,0.0,0
pareto_20201223,fixed_ucb_low,8,4.667169677008169,-1.8162555193823233,1.0,4.667169677008169,0.9999999999997857,0,0,0.0,0
pareto_20201223,fixed_ucb_low,9,4.667169677008169,-1.8162555193823233,0.8999748642734217,4.0186641917660895,0.8610495160615936,-1,0,0.0,0
pareto_20201223,fixed_ucb_low,10,4.667169677008169,-1.8162555193823233,0.8712470596277158,3.8324096192891406,0.8211421234946482,-1,0,0.0,0
pareto_20201223,fixed_ucb_low,11,4.667169677008169,-1.8162555193823233,0.8227915908086484,4.0186641917660895,0.8610495160615936,-1,0,0.0,0
pareto_20201223,fixed_ucb_low,12,4.667169677008169,-1.8162555193823233,0.8422032137552602,4.0186641917660895,0.8610495160615936,-1,0,0.0,0
pareto_20201223,fixed_ucb_low,13,4.667169677008169,-1.8162555193823233,0.8156113120780508,4.0186641917660895,0.8610495160615936,-1,0,0.0,0
pareto_20201223,fixed_ucb_low,14,4.667169677008169,-1.8162555193823233,0.5525068073353753,1.7658810364731146,0.37836229635532176,-1,0,0.0,0
pareto_20201223,fixed_ucb_low,15,4.667169677008169,-1.8162555193823233,0.8903989293915199,4.0186641917660895,0.8610495160615936,-1,0,0.0,0
pareto_20201223,fixed_ucb_low,16,4.667169677008169,-1.8162555193823233,0.8888741613184178,4.667169677008169,0.9999999999997857,12,0,0.0,0
pareto_20201223,fixed_ucb_low,17,4.667169677008169,-1.8162555193823233,0.7736603954748368,4.0186641917660895,0.8610495160615936,-1,0,0.0,0
pareto_20201223,fixed_ucb_low,18,4.667169677008169,-1.8162555193823233,0.8526540187821411,4.667169677008169,0.9999999999997857,24,0,0.0,0
pareto_20201223,fixed_ucb_low,19,4.667169677008169,-1.8162555193823233,1.0,4.667169677008169,0.9999999999997857,0,0,0.0,0
pareto_20201223,fixed_ucb_high,0,4.667169677008169,-1.8162555193823233,0.6533529949129309,3.8324096192891406,0.8211421234946482,-1,0,0.0,0
pareto_20201223,fixed_ucb_high,1,4.667169677008169,-1.8162555193823233,0.8712470596277158,3.8324096192891406,0.8211421234946482,-1,0,0.0,0
pareto_20201223,fixed_ucb_high,2,4.667169677008169,-1.8162555193823233,0.7759940480004714,3.8324096192891406,0.8211421234946482,-1,0,0.0,0
pareto_20201223,fixed_ucb_high,3,4.667169677008169,-1.8162555193823233,0.8800407038842443,4.0186641917660895,0.8610495160615936,-1,0,0.0,0
pareto_20201223,fixed_ucb_high,4,4.667169677008169,-1.8162555193823233,0.8264451398658214,4.0186641917660895,0.8610495160615936,-1,0,0.0,0
pareto_20201223,fixed_ucb_high,5,4.667169677008169,-1.8162555193823233,0.8683866056462839,4.0186641917660895,0.8610495160615936,-1,0,0.0,0
pareto_20201223,fixed_ucb_high,6,4.667169677008169,-1.8162555193823233,0.7752775917472932,3.8324096192891406,0.8211421234946482,-1,0,0.0,0
pareto_20201223,fixed_ucb_high,7,4.667169677008169,-1.8162555193823233,0.8712470596277158,3.8324096192891406,0.8211421234946482,-1,0,0.0,0
pareto_20201223,fixed_ucb_high,8,4.667169677008169,-1.8162555193823233,1.0,4.667169677008169,0.9999999999997857,0,0,0.0,0
pareto_20201223,fixed_ucb_high,9,4.667169677008169,-1.8162555193823233,0.8999748642734217,4.0186641917660895,0.8610495160615936,-1,0,0.0,0
pareto_20201223,fixed_ucb_high,10,4.667169677008169,-1.8162555193823233,0.8899429324923818,4.0186641917660895,0.8610495160615936,-1,0,0.0,0
pareto_20201223,fixed_ucb_high,11,4.667169677008169,-1.8162555193823233,0.7929506774202949,3.8324096192891406,0.8211421234946482,-1,0,0.0,0
pareto_20201223,fixed_ucb_high,12,4.667169677008169,-1.8162555193823233,0.8328792889894311,3.8324096192891406,0.8211421234946482,-1,0,0.0,0
pareto_20201223,fixed_ucb_high,13,4.667169677008169,-1.8162555193823233,0.8105062257420289,3.8324096192891406,0.8211421234946482,-1,0,0.0,0
pareto_20201223,fixed_ucb_high,14,4.667169677008169,-1.8162555193823233,0.8431981092555786,3.8324096192891406,0.8211421234946482,-1,0,0.0,0
pareto_20201223,fixed_ucb_high,15,4.667169677008169,-1.8162555193823233,0.9094181818770019,4.667169677008169,0.9999999999997857,47,0,0.0,0
pareto_20201223,fixed_ucb_high,16,4.667169677008169,-1.8162555193823233,0.7426889217634498,3.8324096192891406,0.8211421234946482,-1,0,0.0,0
pareto_20201223,fixed_ucb_high,17,4.667169677008169,-1.8162555193823233,0.7431719202027331,3.8324096192891406,0.8211421234946482,-1,0,0.0,0
pareto_20201223,fixed_ucb_high,18,4.667169677008169,-1.8162555193823233,0.8340263514080241,3.8324096192891406,0.8211421234946482,-1,0,0.0,0
pareto_20201223,fixed_ucb_high,19,4.667169677008169,-1.8162555193823233,1.0,4.667169677008169,0.9999999999997857,0,0,0.0,0
pareto_20201223,fixed_ei,0,4.667169677008169,-1.8162555193823233,0.6962980796667378,3.331895332389427,0.7139006213557213,-1,0,0.0,0
pareto_20201223,fixed_ei,1,4.667169677008169,-1.8162555193823233,0.8762630255182364,4.0186641917660895,0.8610495160615936,-1,0,0.0,0
pareto_20201223,fixed_ei,2,4.667169677008169,-1.8162555193823233,0.8087136489137012,3.8324096192891406,0.8211421234946482,-1,0,0.0,0
pareto_20201223,fixed_ei,3,4.667169677008169,-1.8162555193823233,0.8019066077517853,3.8324096192891406,0.8211421234946482,-1,0,0.0,0
pareto_20201223,fixed_ei,4,4.667169677008169,-1.8162555193823233,0.6856449902861848,3.8324096192891406,0.8211421234946482,-1,0,0.0,0
pareto_20201223,fixed_ei,5,4.667169677008169,-1.8162555193823233,0.8069764798409926,3.8056942383535586,0.8154180159981533,-1,0,0.0,0
pareto_20201223,fixed_ei,6,4.667169677008169,-1.8162555193823233,0.8301343244280589,3.8324096192891406,0.8211421234946482,-1,0,0.0,0
pareto_20201223,fixed_ei,7,4.667169677008169,-1.8162555193823233,0.8976948797777307,4.0186641917660895,0.8610495160615936,-1,0,0.0,0
pareto_20201223,fixed_ei,8,4.667169677008169,-1.8162555193823233,1.0,4.667169677008169,0.9999999999997857,0,0,0.0,0
pareto_20201223,fixed_ei,9,4.667169677008169,-1.8162555193823233,0.8999748642734217,4.0186641917660895,0.8610495160615936,-1,0,0.0,0
pareto_20201223,fixed_ei,10,4.667169677008169,-1.8162555193823233,0.8712470596277158,3.8324096192891406,0.8211421234946482,-1,0,0.0,0
pareto_20201223,fixed_ei,11,4.667169677008169,-1.8162555193823233,0.7366539961103019,4.0186641917660895,0.8610495160615936,-1,0,0.0,0
pareto_20201223,fixed_ei,12,4.667169677008169,-1.8162555193823233,0.8457432158984877,4.667169677008169,0.9999999999997857,24,0,0.0,0
pareto_20201223,fixed_ei,13,4.667169677008169,-1.8162555193823233,0.8045155139377594,4.0186641917660895,0.8610495160615936,-1,0,0.0,0
pareto_20201223,fixed_ei,14,4.667169677008169,-1.8162555193823233,0.7651955041148867,3.8324096192891406,0.8211421234946482,-1,0,0.0,0
pareto_20201223,fixed_ei,15,4.667169677008169,-1.8162555193823233,0.888118944895829,4.0186641917660895,0.8610495160615936,-1,0,0.0,0
pareto_20201223,fixed_ei,16,4.667169677008169,-1.8162555193823233,0.560926177934832,3.331895332389427,0.7139006213557213,-1,0,0.0,0
pareto_20201223,fixed_ei,17,4.667169677008169,-1.8162555193823233,0.8761662634477472,4.667169677008169,0.9999999999997857,11,0,0.0,0
pareto_20201223,fixed_ei,18,4.667169677008169,-1.8162555193823233,0.7914757414304108,3.8324096192891406,0.8211421234946482,-1,0,0.0,0
pareto_20201223,fixed_ei,19,4.667169677008169,-1.8162555193823233,1.0,4.667169677008169,0.9999999999997857,0,0,0.0,0
pareto_20201223,fixed_lhs,0,4.667169677008169,-1.8162555193823233,0.7349713477567906,3.331895332389427,0.7139006213557213,-1,0,0.0,0
pareto_20201223,fixed_lhs,1,4.667169677008169,-1.8162555193823233,0.8712470596277158,3.8324096192891406,0.8211421234946482,-1,0,0.0,0
pareto_20201223,fixed_lhs,2,4.667169677008169,-1.8162555193823233,0.7955575147927801,3.8324096192891406,0.8211421234946482,-1,0,0.0,0
pareto_20201223,fixed_lhs,3,4.667169677008169,-1.8162555193823233,0.8194379253455637,3.8056942383535586,0.8154180159981533,-1,0,0.0,0
pareto_20201223,fixed_lhs,4,4.667169677008169,-1.8162555193823233,0.812956989336881,3.8324096192891406,0.8211421234946482,-1,0,0.0,0
pareto_20201223,fixed_lhs,5,4.667169677008169,-1.8162555193823233,0.8706665901419747,4.0186641917660895,0.8610495160615936,-1,0,0.0,0
pareto_20201223,fixed_lhs,6,4.667169677008169,-1.8162555193823233,0.8263387126721347,3.8324096192891406,0.8211421234946482,-1,0,0.0,0
pareto_20201223,fixed_lhs,7,4.667169677008169,-1.8162555193823233,0.8890309386941053,4.0186641917660895,0.8610495160615936,-1,0,0.0,0
pareto_20201223,fixed_lhs,8,4.667169677008169,-1.8162555193823233,1.0,4.667169677008169,0.9999999999997857,0,0,0.0,0
pareto_20201223,fixed_lhs,9,4.667169677008169,-1.8162555193823233,0.9063256665417756,4.667169677008169,0.9999999999997857,59,0,0.0,0
pareto_20201223,fixed_lhs,10,4.667169677008169,-1.8162555193823233,0.8753344545601693,4.667169677008169,0.9999999999997857,61,0,0.0,0
pareto_20201223,fixed_lhs,11,4.667169677008169,-1.8162555193823233,0.8251549728046634,3.8324096192891406,0.8211421234946482,-1,0,0.0,0
pareto_20201223,fixed_lhs,12,4.667169677008169,-1.8162555193823233,0.8232873463298599,3.8324096192891406,0.8211421234946482,-1,0,0.0,0
pareto_20201223,fixed_lhs,13,4.667169677008169,-1.8162555193823233,0.7998285171218029,3.8324096192891406,0.8211421234946482,-1,0,0.0,0
pareto_20201223,fixed_lhs,14,4.667169677008169,-1.8162555193823233,0.8307721069556725,3.8324096192891406,0.8211421234946482,-1,0,0.0,0
pareto_20201223,fixed_lhs,15,4.667169677008169,-1.8162555193823233,0.8712470596277158,3.8324096192891406,0.8211421234946482,-1,0,0.0,0
pareto_20201223,fixed_lhs,16,4.667169677008169,-1.8162555193823233,0.758184928029725,3.8324096192891406,0.8211421234946482,-1,0,0.0,0
pareto_20201223,fixed_lhs,17,4.667169677008169,-1.8162555193823233,0.786078924432297,4.0186641917660895,0.8610495160615936,-1,0,0.0,0
pareto_20201223,fixed_lhs,18,4.667169677008169,-1.8162555193823233,0.8340263514080241,3.8324096192891406,0.8211421234946482,-1,0,0.0,0
pareto_20201223,fixed_lhs,19,4.667169677008169,-1.8162555193823233,1.0,4.667169677008169,0.9999999999997857,0,0,0.0,0
pareto_20201223,mock_approach_a,0,4.667169677008169,-1.8162555193823233,0.6768029873887633,4.0186641917660895,0.8610495160615936,-1,0,0.0,0
pareto_20201223,mock_approach_a,1,4.667169677008169,-1.8162555193823233,0.8712470596277158,3.8324096192891406,0.8211421234946482,-1,0,0.0,0
pareto_20201223,mock_approach_a,2,4.667169677008169,-1.8162555193823233,0.8116677077548551,3.8324096192891406,0.8211421234946482,-1,0,0.0,0
pareto_20201223,mock_approach_a,3,4.667169677008169,-1.8162555193823233,0.9645875353824874,4.667169677008169,0.9999999999997857,10,0,0.0,0
pareto_20201223,mock_approach_a,4,4.667169677008169,-1.8162555193823233,0.7669207370203068,3.8324096192891406,0.8211421234946482,-1,0,0.0,0
pareto_20201223,mock_approach_a,5,4.667169677008169,-1.8162555193823233,0.8592666676635197,3.8324096192891406,0.8211421234946482,-1,0,0.0,0
pareto_20201223,mock_approach_a,6,4.667169677008169,-1.8162555193823233,0.7663655544053397,3.8324096192891406,0.8211421234946482,-1,0,0.0,0
pareto_20201223,mock_approach_a,7,4.667169677008169,-1.8162555193823233,0.8712470596277158,3.8324096192891406,0.8211421234946482,-1,0,0.0,0
pareto_20201223,mock_approach_a,8,4.667169677008169,-1.8162555193823233,1.0,4.667169677008169,0.9999999999997857,0,0,0.0,0
pareto_20201223,mock_approach_a,9,4.667169677008169,-1.8162555193823233,0.8999748642734217,4.0186641917660895,0.8610495160615936,-1,0,0.0,0
pareto_20201223,mock_approach_a,10,4.667169677008169,-1.8162555193823233,0.8712470596277158,3.8324096192891406,0.8211421234946482,-1,0,0.0,0
pareto_20201223,mock_approach_a,11,4.667169677008169,-1.8162555193823233,0.8227261850003296,4.0186641917660895,0.8610495160615936,-1,0,0.0,0
pareto_20201223,mock_approach_a,12,4.667169677008169,-1.8162555193823233,0.8328792889894311,3.8324096192891406,0.8211421234946482,-1,0,0.0,0
pareto_20201223,mock_approach_a,13,4.667169677008169,-1.8162555193823233,0.8105062257420289,3.8324096192891406,0.8211421234946482,-1,0,0.0,0
pareto_20201223,mock_approach_a,14,4.667169677008169,-1.8162555193823233,0.8587020038262773,4.0186641917660895,0.8610495160615936,-1,0,0.0,0
pareto_20201223,mock_approach_a,15,4.667169677008169,-1.8162555193823233,0.8821909852070327,4.0186641917660895,0.8610495160615936,-1,0,0.0,0
pareto_20201223,mock_approach_a,16,4.667169677008169,-1.8162555193823233,0.7573935033325625,3.8324096192891406,0.8211421234946482,-1,0,0.0,0
pareto_20201223,mock_approach_a,17,4.667169677008169,-1.8162555193823233,0.7431719202027331,3.8324096192891406,0.8211421234946482,-1,0,0.0,0
pareto_20201223,mock_approach_a,18,4.667169677008169,-1.8162555193823233,0.7824772635762088,4.0186641917660895,0.8610495160615936,-1,0,0.0,0
pareto_20201223,mock_approach_a,19,4.667169677008169,-1.8162555193823233,1.0,4.667169677008169,0.9999999999997857,0,0,0.0,0
pareto_20201223,mock_approach_b,0,4.667169677008169,-1.8162555193823233,0.7349713477567906,3.331895332389427,0.7139006213557213,-1,2,0.31746031746031744,0
pareto_20201223,mock_approach_b,1,4.667169677008169,-1.8162555193823233,0.8712470596277158,3.8324096192891406,0.8211421234946482,-1,2,0.31746031746031744,0
pareto_20201223,mock_approach_b,2,4.667169677008169,-1.8162555193823233,0.7955575147927801,3.8324096192891406,0.8211421234946482,-1,2,0.31746031746031744,0
pareto_20201223,mock_approach_b,3,4.667169677008169,-1.8162555193823233,0.9027471965711831,4.667169677008169,0.9999999999997857,29,2,0.31746031746031744,0
pareto_20201223,mock_approach_b,4,4.667169677008169,-1.8162555193823233,0.812956989336881,3.8324096192891406,0.8211421234946482,-1,2,0.31746031746031744,0
pareto_20201223,mock_approach_b,5,4.667169677008169,-1.8162555193823233,0.8592666676635197,3.8324096192891406,0.8211421234946482,-1,2,0.31746031746031744,0
pareto_20201223,mock_approach_b,6,4.667169677008169,-1.8162555193823233,0.8263387126721347,3.8324096192891406,0.8211421234946482,-1,2,0.31746031746031744,0
pareto_20201223,mock_approach_b,7,4.667169677008169,-1.8162555193823233,0.9300914435687334,4.667169677008169,0.9999999999997857,38,2,0.31746031746031744,0
pareto_20201223,mock_approach_b,8,4.667169677008169,-1.8162555193823233,1.0,4.667169677008169,0.9999999999997857,0,2,0.31746031746031744,0
pareto_20201223,mock_approach_b,9,4.667169677008169,-1.8162555193823233,0.8999748642734217,4.0186641917660895,0.8610495160615936,-1,2,0.31746031746031744,0
pareto_20201223,mock_approach_b,10,4.667169677008169,-1.8162555193823233,0.8739830410225455,4.0186641917660895,0.8610495160615936,-1,2,0.31746031746031744,0
pareto_20201223,mock_approach_b,11,4.667169677008169,-1.8162555193823233,0.8397468735770858,4.0186641917660895,0.8610495160615936,-1,2,0.31746031746031744,0
pareto_20201223,mock_approach_b,12,4.667169677008169,-1.8162555193823233,0.8374232502031441,4.0186641917660895,0.8610495160615936,-1,2,0.31746031746031744,0
pareto_20201223,mock_approach_b,13,4.667169677008169,-1.8162555193823233,0.8180683930873306,4.0186641917660895,0.8610495160615936,-1,2,0.31746031746031744,0
pareto_20201223,mock_approach_b,14,4.667169677008169,-1.8162555193823233,0.8307721069556725,3.8324096192891406,0.8211421234946482,-1,2,0.31746031746031744,0
pareto_20201223,mock_approach_b,15,4.667169677008169,-1.8162555193823233,0.8712470596277158,3.8324096192891406,0.8211421234946482,-1,2,0.31746031746031744,0
pareto_20201223,mock_approach_b,16,4.667169677008169,-1.8162555193823233,0.7520580190425947,3.8324096192891406,0.8211421234946482,-1,2,0.31746031746031744,0
pareto_20201223,mock_approach_b,17,4.667169677008169,-1.8162555193823233,0.769207039164184,3.8324096192891406,0.8211421234946482,-1,2,0.31746031746031744,0
pareto_20201223,mock_approach_b,18,4.667169677008169,-1.8162555193823233,0.8531782211718283,4.0186641917660895,0.8610495160615936,-1,2,0.31746031746031744,0
pareto_20201223,mock_approach_b,19,4.667169677008169,-1.8162555193823233,1.0,4.667169677008169,0.9999999999997857,0,2,0.31746031746031744,0
pareto_20201223,mock_approach_c,0,4.667169677008169,-1.8162555193823233,0.760553770856404,4.0186641917660895,0.8610495160615936,-1,0,0.0,0
pareto_20201223,mock_approach_c,1,4.667169677008169,-1.8162555193823233,0.8799110007113418,4.0186641917660895,0.8610495160615936,-1,0,0.0,0
pareto_20201223,mock_approach_c,2,4.667169677008169,-1.8162555193823233,0.7233768386085326,3.2207270651931266,0.690081417236376,-1,0,0.0,0
pareto_20201223,mock_approach_c,3,4.667169677008169,-1.8162555193823233,0.8163610656972557,4.0186641917660895,0.8610495160615936,-1,0,0.0,0
pareto_20201223,mock_approach_c,4,4.667169677008169,-1.8162555193823233,0.7194941765575285,3.8324096192891406,0.8211421234946482,-1,0,0.0,0
pareto_20201223,mock_approach_c,5,4.667169677008169,-1.8162555193823233,0.9440979721161091,4.667169677008169,0.9999999999997857,22,0,0.0,0
pareto_20201223,mock_approach_c,6,4.667169677008169,-1.8162555193823233,0.8075958017413721,4.0186641917660895,0.8610495160615936,-1,0,0.0,0
pareto_20201223,mock_approach_c,7,4.667169677008169,-1.8162555193823233,0.8712470596277158,3.8324096192891406,0.8211421234946482,-1,0,0.0,0
pareto_20201223,mock_approach_c,8,4.667169677008169,-1.8162555193823233,1.0,4.667169677008169,0.9999999999997857,0,0,0.0,0
pareto_20201223,mock_approach_c,9,4.667169677008169,-1.8162555193823233,0.9904737965974687,4.667169677008169,0.9999999999997857,6,0,0.0,0
pareto_20201223,mock_approach_c,10,4.667169677008169,-1.8162555193823233,0.9550386557430119,4.667169677008169,0.9999999999997857,22,0,0.0,0
pareto_20201223,mock_approach_c,11,4.667169677008169,-1.8162555193823233,0.8561950090606223,4.0186641917660895,0.8610495160615936,-1,0,0.0,0
pareto_20201223,mock_approach_c,12,4.667169677008169,-1.8162555193823233,0.6690773727572907,3.331895332389427,0.7139006213557213,-1,0,0.0,0
pareto_20201223,mock_approach_c,13,4.667169677008169,-1.8162555193823233,0.8576908153362769,4.667169677008169,0.9999999999997857,13,0,0.0,0
pareto_20201223,mock_approach_c,14,4.667169677008169,-1.8162555193823233,0.8561562959874185,4.667169677008169,0.9999999999997857,26,0,0.0,0
pareto_20201223,mock_approach_c,15,4.667169677008169,-1.8162555193823233,0.9264268912158378,4.667169677008169,0.9999999999997857,36,0,0.0,0
pareto_20201223,mock_approach_c,16,4.667169677008169,-1.8162555193823233,0.7799543319439218,3.8324096192891406,0.8211421234946482,-1,0,0.0,0
pareto_20201223,mock_approach_c,17,4.667169677008169,-1.8162555193823233,0.8468308668439105,4.667169677008169,0.9999999999997857,35,0,0.0,0
pareto_20201223,mock_approach_c,18,4.667169677008169,-1.8162555193823233,0.7984715306750974,4.0186641917660895,0.8610495160615936,-1,0,0.0,0
pareto_20201223,mock_approach_c,19,4.667169677008169,-1.8162555193823233,1.0,4.667169677008169,0.9999999999997857,0,0,0.0,0
pareto_20210104,fixed_random,0,4.502143575747799,-1.6153753682691243,0.6454001710781319,2.8320064423574145,0.6290351239823341,-1,0,0.0,0
pareto_20210104,fixed_random,1,4.502143575747799,-1.6153753682691243,0.6817701560746479,2.8320064423574145,0.6290351239823341,-1,0,0.0,0
pareto_20210104,fixed_random,2,4.502143575747799,-1.6153753682691243,0.6940566250963658,4.502143575747799,0.9999999999997778,48,0,0.0,0
pareto_20210104,fixed_random,3,4.502143575747799,-1.6153753682691243,0.6291190947528165,2.8320064423574145,0.6290351239823341,-1,0,0.0,0
pareto_20210104,fixed_random,4,4.502143575747799,-1.6153753682691243,0.83562485410556,4.502143575747799,0.9999999999997778,25,0,0.0,0
pareto_20210104,fixed_random,5,4.502143575747799,-1.6153753682691243,0.6757853139206869,4.502143575747799,0.9999999999997778,33,0,0.0,0
pareto_20210104,fixed_random,6,4.502143575747799,-1.6153753682691243,1.0,4.502143575747799,0.9999999999997778,0,0,0.0,0
pareto_20210104,fixed_random,7,4.502143575747799,-1.6153753682691243,0.7897381861841689,3.431418879147996,0.7621744667654853,-1,0,0.0,0
pareto_20210104,fixed_random,8,4.502143575747799,-1.6153753682691243,0.8166249699648306,4.502143575747799,0.9999999999997778,21,0,0.0,0
pareto_20210104,fixed_random,9,4.502143575747799,-1.6153753682691243,0.9590442337061518,4.502143575747799,0.9999999999997778,6,0,0.0,0
pareto_20210104,fixed_random,10,4.502143575747799,-1.6153753682691243,0.6714592132338085,2.8320064423574145,0.6290351239823341,-1,0,0.0,0
pareto_20210104,fixed_random,11,4.502143575747799,-1.6153753682691243,0.9508491845375814,4.502143575747799,0.9999999999997778,5,0,0.0,0
pareto_20210104,fixed_random,12,4.502143575747799,-1.6153753682691243,1.0,4.502143575747799,0.9999999999997778,0,0,0.0,0
pareto_20210104,fixed_random,13,4.502143575747799,-1.6153753682691243,0.8877614068360776,4.502143575747799,0.9999999999997778,14,0,0.0,0
pareto_20210104,fixed_random,14,4.502143575747799,-1.6153753682691243,0.8154576155488926,4.502143575747799,0.9999999999997778,21,0,0.0,0
pareto_20210104,fixed_random,15,4.502143575747799,-1.6153753682691243,0.8786811529597625,4.502143575747799,0.9999999999997778,25,0,0.0,0
pareto_20210104,fixed_random,16,4.502143575747799,-1.6153753682691243,0.9054815842532699,4.502143575747799,0.9999999999997778,11,0,0.0,0
pareto_20210104,fixed_random,17,4.502143575747799,-1.6153753682691243,0.5871020790173755,2.3703392696060606,0.5264912657104287,-1,0,0.0,0
pareto_20210104,fixed_random,18,4.502143575747799,-1.6153753682691243,0.7561575724007131,4.502143575747799,0.9999999999997778,27,0,0.0,0
pareto_20210104,fixed_random,19,4.502143575747799,-1.6153753682691243,0.7435747724046736,4.502143575747799,0.9999999999997778,39,0,0.0,0
pareto_20210104,fixed_ucb_low,0,4.502143575747799,-1.6153753682691243,0.2685691916049287,2.8320064423574145,0.6290351239823341,-1,0,0.0,0
pareto_20210104,fixed_ucb_low,1,4.502143575747799,-1.6153753682691243,0.6968438031912927,2.8320064423574145,0.6290351239823341,-1,0,0.0,0
pareto_20210104,fixed_ucb_low,2,4.502143575747799,-1.6153753682691243,0.9129988639764767,4.502143575747799,0.9999999999997778,8,0,0.0,0
pareto_20210104,fixed_ucb_low,3,4.502143575747799,-1.6153753682691243,0.5295521749254485,1.7161831629185527,0.38119245511469857,-1,0,0.0,0
pareto_20210104,fixed_ucb_low,4,4.502143575747799,-1.6153753682691243,0.6515246907037872,2.3703392696060606,0.5264912657104287,-1,0,0.0,0
pareto_20210104,fixed_ucb_low,5,4.502143575747799,-1.6153753682691243,0.3073265253237077,0.39173411297056643,0.08701057760145132,-1,0,0.0,0
pareto_20210104,fixed_ucb_low,6,4.502143575747799,-1.6153753682691243,1.0,4.502143575747799,0.9999999999997778,0,0,0.0,0
pareto_20210104,fixed_ucb_low,7,4.502143575747799,-1.6153753682691243,0.7169419993468193,2.8320064423574145,0.6290351239823341,-1,0,0.0,0
pareto_20210104,fixed_ucb_low,8,4.502143575747799,-1.6153753682691243,0.5723059069342087,2.8320064423574145,0.6290351239823341,-1,0,0.0,0
pareto_20210104,fixed_ucb_low,9,4.502143575747799,-1.6153753682691243,0.7052180515894289,2.8320064423574145,0.6290351239823341,-1,0,0.0,0
pareto_20210104,fixed_ucb_low,10,4.502143575747799,-1.6153753682691243,0.6515246907037872,2.3703392696060606,0.5264912657104287,-1,0,0.0,0
pareto_20210104,fixed_ucb_low,11,4.502143575747799,-1.6153753682691243,0.6133304410292502,2.8320064423574145,0.6290351239823341,-1,0,0.0,0
pareto_20210104,fixed_ucb_low,12,4.502143575747799,-1.6153753682691243,1.0,4.502143575747799,0.9999999999997778,0,0,0.0,0
pareto_20210104,fixed_ucb_low,13,4.502143575747799,-1.6153753682691243,0.8806970982243486,4.502143575747799,0.9999999999997778,14,0,0.0,0
pareto_20210104,fixed_ucb_low,14,4.502143575747799,-1.6153753682691243,0.6449900699870484,2.8320064423574145,0.6290351239823341,-1,0,0.0,0
pareto_20210104,fixed_ucb_low,15,4.502143575747799,-1.6153753682691243,0.9453923116082024,4.502143575747799,0.9999999999997778,8,0,0.0,0
pareto_20210104,fixed_ucb_low,16,4.502143575747799,-1.6153753682691243,0.9054815842532699,4.502143575747799,0.9999999999997778,11,0,0.0,0
pareto_20210104,fixed_ucb_low,17,4.502143575747799,-1.6153753682691243,0.6727207876529231,2.8320064423574145,0.6290351239823341,-1,0,0.0,0
pareto_20210104,fixed_ucb_low,18,4.502143575747799,-1.6153753682691243,0.24106387725574946,-0.14066253243890645,-0.031243457715697434,-1,0,0.0,0
pareto_20210104,fixed_ucb_low,19,4.502143575747799,-1.6153753682691243,0.967124970821112,4.502143575747799,0.9999999999997778,5,0,0.0,0
pareto_20210104,fixed_ucb_high,0,4.502143575747799,-1.6153753682691243,0.8550505933027017,4.502143575747799,0.9999999999997778,14,0,0.0,0
pareto_20210104,fixed_ucb_high,1,4.502143575747799,-1.6153753682691243,0.6499480121617307,2.8320064423574145,0.6290351239823341,-1,0,0.0,0
pareto_20210104,fixed_ucb_high,2,4.502143575747799,-1.6153753682691243,0.7828951849559628,4.502143575747799,0.9999999999997778,26,0,0.0,0
pareto_20210104,fixed_ucb_high,3,4.502143575747799,-1.6153753682691243,0.8004875212783287,4.502143575747799,0.9999999999997778,39,0,0.0,0
pareto_20210104,fixed_ucb_high,4,4.502143575747799,-1.6153753682691243,0.8882249007917808,4.502143575747799,0.9999999999997778,17,0,0.0,0
pareto_20210104,fixed_ucb_high,5,4.502143575747799,-1.6153753682691243,0.7550350360638385,4.502143575747799,0.9999999999997778,25,0,0.0,0
pareto_20210104,fixed_ucb_high,6,4.502143575747799,-1.6153753682691243,1.0,4.502143575747799,0.9999999999997778,0,0,0.0,0
pareto_20210104,fixed_ucb_high,7,4.502143575747799,-1.6153753682691243,0.7135308433489632,4.502143575747799,0.9999999999997778,43,0,0.0,0
pareto_20210104,fixed_ucb_high,8,4.502143575747799,-1.6153753682691243,0.6658821534167589,4.502143575747799,0.9999999999997778,51,0,0.0,0
pareto_20210104,fixed_ucb_high,9,4.502143575747799,-1.6153753682691243,0.7474394411879357,4.502143575747799,0.9999999999997778,37,0,0.0,0
pareto_20210104,fixed_ucb_high,10,4.502143575747799,-1.6153753682691243,0.8947999066275584,4.502143575747799,0.9999999999997778,16,0,0.0,0
pareto_20210104,fixed_ucb_high,11,4.502143575747799,-1.6153753682691243,0.8025530899608481,4.502143575747799,0.9999999999997778,23,0,0.0,0
pareto_20210104,fixed_ucb_high,12,4.502143575747799,-1.6153753682691243,1.0,4.502143575747799,0.9999999999997778,0,0,0.0,0
pareto_20210104,fixed_ucb_high,13,4.502143575747799,-1.6153753682691243,0.8478323760465329,4.502143575747799,0.9999999999997778,19,0,0.0,0
pareto_20210104,fixed_ucb_high,14,4.502143575747799,-1.6153753682691243,0.8472205735289898,4.502143575747799,0.9999999999997778,16,0,0.0,0
pareto_20210104,fixed_ucb_high,15,4.502143575747799,-1.6153753682691243,0.871728465088176,4.502143575747799,0.9999999999997778,21,0,0.0,0
pareto_20210104,fixed_ucb_high,16,4.502143575747799,-1.6153753682691243,0.9160907961922244,4.502143575747799,0.9999999999997778,10,0,0.0,0
pareto_20210104,fixed_ucb_high,17,4.502143575747799,-1.6153753682691243,0.9120189937400355,4.502143575747799,0.9999999999997778,9,0,0.0,0
pareto_20210104,fixed_ucb_high,18,4.502143575747799,-1.6153753682691243,0.8239892893166884,4.502143575747799,0.9999999999997778,14,0,0.0,0
pareto_20210104,fixed_ucb_high,19,4.502143575747799,-1.6153753682691243,0.967124970821112,4.502143575747799,0.9999999999997778,5,0,0.0,0
pareto_20210104,fixed_ei,0,4.502143575747799,-1.6153753682691243,0.7417356980837609,4.502143575747799,0.9999999999997778,25,0,0.0,0
pareto_20210104,fixed_ei,1,4.502143575747799,-1.6153753682691243,0.7727518055175061,3.431418879147996,0.7621744667654853,-1,0,0.0,0
pareto_20210104,fixed_ei,2,4.502143575747799,-1.6153753682691243,0.9129988639764767,4.502143575747799,0.9999999999997778,8,0,0.0,0
pareto_20210104,fixed_ei,3,4.502143575747799,-1.6153753682691243,0.5715373900819486,2.8320064423574145,0.6290351239823341,-1,0,0.0,0
pareto_20210104,fixed_ei,4,4.502143575747799,-1.6153753682691243,0.6515246907037872,2.3703392696060606,0.5264912657104287,-1,0,0.0,0
pareto_20210104,fixed_ei,5,4.502143575747799,-1.6153753682691243,0.595141472635478,2.8320064423574145,0.6290351239823341,-1,0,0.0,0
pareto_20210104,fixed_ei,6,4.502143575747799,-1.6153753682691243,1.0,4.502143575747799,0.9999999999997778,0,0,0.0,0
pareto_20210104,fixed_ei,7,4.502143575747799,-1.6153753682691243,0.675070757356139,2.8320064423574145,0.6290351239823341,-1,0,0.0,0
pareto_20210104,fixed_ei,8,4.502143575747799,-1.6153753682691243,0.6681467261508787,2.8320064423574145,0.6290351239823341,-1,0,0.0,0
pareto_20210104,fixed_ei,9,4.502143575747799,-1.6153753682691243,0.7137188623180308,4.502143575747799,0.9999999999997778,52,0,0.0,0
pareto_20210104,fixed_ei,10,4.502143575747799,-1.6153753682691243,0.7860594539752113,4.502143575747799,0.9999999999997778,41,0,0.0,0
pareto_20210104,fixed_ei,11,4.502143575747799,-1.6153753682691243,0.7462954739728518,4.502143575747799,0.9999999999997778,31,0,0.0,0
pareto_20210104,fixed_ei,12,4.502143575747799,-1.6153753682691243,1.0,4.502143575747799,0.9999999999997778,0,0,0.0,0
pareto_20210104,fixed_ei,13,4.502143575747799,-1.6153753682691243,0.8806970982243486,4.502143575747799,0.9999999999997778,14,0,0.0,0
pareto_20210104,fixed_ei,14,4.502143575747799,-1.6153753682691243,0.4865836540529669,2.3703392696060606,0.5264912657104287,-1,0,0.0,0
pareto_20210104,fixed_ei,15,4.502143575747799,-1.6153753682691243,0.9453923116082024,4.502143575747799,0.9999999999997778,8,0,0.0,0
pareto_20210104,fixed_ei,16,4.502143575747799,-1.6153753682691243,0.8023267626160719,4.502143575747799,0.9999999999997778,25,0,0.0,0
pareto_20210104,fixed_ei,17,4.502143575747799,-1.6153753682691243,0.6483736455457791,2.8320064423574145,0.6290351239823341,-1,0,0.0,0
pareto_20210104,fixed_ei,18,4.502143575747799,-1.6153753682691243,0.7422481092566695,4.502143575747799,0.9999999999997778,18,0,0.0,0
pareto_20210104,fixed_ei,19,4.502143575747799,-1.6153753682691243,0.967124970821112,4.502143575747799,0.9999999999997778,5,0,0.0,0
pareto_20210104,fixed_lhs,0,4.502143575747799,-1.6153753682691243,0.6553685719885312,4.502143575747799,0.9999999999997778,41,0,0.0,0
pareto_20210104,fixed_lhs,1,4.502143575747799,-1.6153753682691243,0.8498288569225564,4.502143575747799,0.9999999999997778,22,0,0.0,0
pareto_20210104,fixed_lhs,2,4.502143575747799,-1.6153753682691243,0.8202349404978531,4.502143575747799,0.9999999999997778,17,0,0.0,0
pareto_20210104,fixed_lhs,3,4.502143575747799,-1.6153753682691243,0.6097634398226474,2.8320064423574145,0.6290351239823341,-1,0,0.0,0
pareto_20210104,fixed_lhs,4,4.502143575747799,-1.6153753682691243,0.9408249474780017,4.502143575747799,0.9999999999997778,9,0,0.0,0
pareto_20210104,fixed_lhs,5,4.502143575747799,-1.6153753682691243,0.7516944537350198,4.502143575747799,0.9999999999997778,26,0,0.0,0
pareto_20210104,fixed_lhs,6,4.502143575747799,-1.6153753682691243,1.0,4.502143575747799,0.9999999999997778,0,0,0.0,0
pareto_20210104,fixed_lhs,7,4.502143575747799,-1.6153753682691243,0.8498288569225564,4.502143575747799,0.9999999999997778,22,0,0.0,0
pareto_20210104,fixed_lhs,8,4.502143575747799,-1.6153753682691243,0.6921199561154269,4.502143575747799,0.9999999999997778,47,0,0.0,0
pareto_20210104,fixed_lhs,9,4.502143575747799,-1.6153753682691243,0.6663923157384868,3.431418879147996,0.7621744667654853,-1,0,0.0,0
pareto_20210104,fixed_lhs,10,4.502143575747799,-1.6153753682691243,0.736150721591943,4.502143575747799,0.9999999999997778,45,0,0.0,0
pareto_20210104,fixed_lhs,11,4.502143575747799,-1.6153753682691243,0.8397875867164403,4.502143575747799,0.9999999999997778,18,0,0.0,0
pareto_20210104,fixed_lhs,12,4.502143575747799,-1.6153753682691243,1.0,4.502143575747799,0.9999999999997778,0,0,0.0,0
pareto_20210104,fixed_lhs,13,4.502143575747799,-1.6153753682691243,0.8248324090167987,4.502143575747799,0.9999999999997778,22,0,0.0,0
pareto_20210104,fixed_lhs,14,4.502143575747799,-1.6153753682691243,0.5958409877245554,2.8320064423574145,0.6290351239823341,-1,0,0.0,0
pareto_20210104,fixed_lhs,15,4.502143575747799,-1.6153753682691243,0.8976105842653794,4.502143575747799,0.9999999999997778,15,0,0.0,0
pareto_20210104,fixed_lhs,16,4.502143575747799,-1.6153753682691243,0.738490434374043,4.502143575747799,0.9999999999997778,36,0,0.0,0
pareto_20210104,fixed_lhs,17,4.502143575747799,-1.6153753682691243,0.7139959459085282,4.502143575747799,0.9999999999997778,38,0,0.0,0
pareto_20210104,fixed_lhs,18,4.502143575747799,-1.6153753682691243,0.7336529863569535,4.502143575747799,0.9999999999997778,32,0,0.0,0
pareto_20210104,fixed_lhs,19,4.502143575747799,-1.6153753682691243,0.8093248307624497,4.502143575747799,0.9999999999997778,29,0,0.0,0
pareto_20210104,mock_approach_a,0,4.502143575747799,-1.6153753682691243,0.6896454368878043,4.502143575747799,0.9999999999997778,48,0,0.0,0
pareto_20210104,mock_approach_a,1,4.502143575747799,-1.6153753682691243,0.7747432853838345,4.502143575747799,0.9999999999997778,33,0,0.0,0
pareto_20210104,mock_approach_a,2,4.502143575747799,-1.6153753682691243,0.7707092590072255,4.502143575747799,0.9999999999997778,27,0,0.0,0
pareto_20210104,mock_approach_a,3,4.502143575747799,-1.6153753682691243,0.6950947402468719,2.8320064423574145,0.6290351239823341,-1,0,0.0,0
pareto_20210104,mock_approach_a,4,4.502143575747799,-1.6153753682691243,0.7562643661515489,4.502143575747799,0.9999999999997778,44,0,0.0,0
pareto_20210104,mock_approach_a,5,4.502143575747799,-1.6153753682691243,0.5125785309280159,2.8320064423574145,0.6290351239823341,-1,0,0.0,0
pareto_20210104,mock_approach_a,6,4.502143575747799,-1.6153753682691243,1.0,4.502143575747799,0.9999999999997778,0,0,0.0,0
pareto_20210104,mock_approach_a,7,4.502143575747799,-1.6153753682691243,0.7728153110432756,4.502143575747799,0.9999999999997778,35,0,0.0,0
pareto_20210104,mock_approach_a,8,4.502143575747799,-1.6153753682691243,0.5699319750040406,2.3703392696060606,0.5264912657104287,-1,0,0.0,0
pareto_20210104,mock_approach_a,9,4.502143575747799,-1.6153753682691243,0.7269615580410116,4.502143575747799,0.9999999999997778,40,0,0.0,0
pareto_20210104,mock_approach_a,10,4.502143575747799,-1.6153753682691243,0.901374912463336,4.502143575747799,0.9999999999997778,15,0,0.0,0
pareto_20210104,mock_approach_a,11,4.502143575747799,-1.6153753682691243,0.6437230264047422,4.502143575747799,0.9999999999997778,51,0,0.0,0
pareto_20210104,mock_approach_a,12,4.502143575747799,-1.6153753682691243,1.0,4.502143575747799,0.9999999999997778,0,0,0.0,0
pareto_20210104,mock_approach_a,13,4.502143575747799,-1.6153753682691243,0.8806970982243486,4.502143575747799,0.9999999999997778,14,0,0.0,0
pareto_20210104,mock_approach_a,14,4.502143575747799,-1.6153753682691243,0.8472205735289898,4.502143575747799,0.9999999999997778,16,0,0.0,0
pareto_20210104,mock_approach_a,15,4.502143575747799,-1.6153753682691243,0.9453923116082024,4.502143575747799,0.9999999999997778,8,0,0.0,0
pareto_20210104,mock_approach_a,16,4.502143575747799,-1.6153753682691243,0.9160907961922244,4.502143575747799,0.9999999999997778,10,0,0.0,0
pareto_20210104,mock_approach_a,17,4.502143575747799,-1.6153753682691243,0.9120189937400355,4.502143575747799,0.9999999999997778,9,0,0.0,0
pareto_20210104,mock_approach_a,18,4.502143575747799,-1.6153753682691243,0.6999456874042438,4.502143575747799,0.9999999999997778,28,0,0.0,0
pareto_20210104,mock_approach_a,19,4.502143575747799,-1.6153753682691243,0.967124970821112,4.502143575747799,0.9999999999997778,5,0,0.0,0
pareto_20210104,mock_approach_b,0,4.502143575747799,-1.6153753682691243,0.6276194410565721,2.8320064423574145,0.6290351239823341,-1,2,0.3773584905660377,0
pareto_20210104,mock_approach_b,1,4.502143575747799,-1.6153753682691243,0.6901444044727839,2.8320064423574145,0.6290351239823341,-1,2,0.3773584905660377,0
pareto_20210104,mock_approach_b,2,4.502143575747799,-1.6153753682691243,0.8202349404978531,4.502143575747799,0.9999999999997778,17,2,0.3773584905660377,0
pareto_20210104,mock_approach_b,3,4.502143575747799,-1.6153753682691243,0.6526673635991467,2.8320064423574145,0.6290351239823341,-1,2,0.3773584905660377,0
pareto_20210104,mock_approach_b,4,4.502143575747799,-1.6153753682691243,0.9408249474780017,4.502143575747799,0.9999999999997778,9,2,0.3773584905660377,0
pareto_20210104,mock_approach_b,5,4.502143575747799,-1.6153753682691243,0.628084211717096,3.431418879147996,0.7621744667654853,-1,2,0.3773584905660377,0
pareto_20210104,mock_approach_b,6,4.502143575747799,-1.6153753682691243,1.0,4.502143575747799,0.9999999999997778,0,2,0.3773584905660377,0
pareto_20210104,mock_approach_b,7,4.502143575747799,-1.6153753682691243,0.7604585516335559,4.502143575747799,0.9999999999997778,40,2,0.3773584905660377,0
pareto_20210104,mock_approach_b,8,4.502143575747799,-1.6153753682691243,0.6612132878993418,2.8320064423574145,0.6290351239823341,-1,2,0.3773584905660377,0
pareto_20210104,mock_approach_b,9,4.502143575747799,-1.6153753682691243,0.7592856123803229,4.502143575747799,0.9999999999997778,40,2,0.3773584905660377,0
pareto_20210104,mock_approach_b,10,4.502143575747799,-1.6153753682691243,0.6515246907037872,2.3703392696060606,0.5264912657104287,-1,2,0.3773584905660377,0
pareto_20210104,mock_approach_b,11,4.502143575747799,-1.6153753682691243,0.8397875867164403,4.502143575747799,0.9999999999997778,18,2,0.3773584905660377,0
pareto_20210104,mock_approach_b,12,4.502143575747799,-1.6153753682691243,1.0,4.502143575747799,0.9999999999997778,0,2,0.3773584905660377,0
pareto_20210104,mock_approach_b,13,4.502143575747799,-1.6153753682691243,0.7853823740021331,4.502143575747799,0.9999999999997778,28,2,0.3773584905660377,0
pareto_20210104,mock_approach_b,14,4.502143575747799,-1.6153753682691243,0.6834610374806019,4.502143575747799,0.9999999999997778,43,2,0.3773584905660377,0
pareto_20210104,mock_approach_b,15,4.502143575747799,-1.6153753682691243,0.8976105842653794,4.502143575747799,0.9999999999997778,15,2,0.3773584905660377,0
pareto_20210104,mock_approach_b,16,4.502143575747799,-1.6153753682691243,0.6778914873856146,4.502143575747799,0.9999999999997778,45,2,0.3773584905660377,0
pareto_20210104,mock_approach_b,17,4.502143575747799,-1.6153753682691243,0.7031492566734602,4.502143575747799,0.9999999999997778,39,2,0.3773584905660377,0
pareto_20210104,mock_approach_b,18,4.502143575747799,-1.6153753682691243,0.6926583668926012,4.502143575747799,0.9999999999997778,43,2,0.3773584905660377,0
pareto_20210104,mock_approach_b,19,4.502143575747799,-1.6153753682691243,0.680002580032389,2.8320064423574145,0.6290351239823341,-1,2,0.3773584905660377,0
pareto_20210104,mock_approach_c,0,4.502143575747799,-1.6153753682691243,0.9140827030855566,4.502143575747799,0.9999999999997778,6,0,0.0,0
pareto_20210104,mock_approach_c,1,4.502143575747799,-1.6153753682691243,0.6422393478154941,2.3703392696060606,0.5264912657104287,-1,0,0.0,0
pareto_20210104,mock_approach_c,2,4.502143575747799,-1.6153753682691243,0.8628838945509122,4.502143575747799,0.9999999999997778,14,0,0.0,0
pareto_20210104,mock_approach_c,3,4.502143575747799,-1.6153753682691243,0.7604908817616854,3.431418879147996,0.7621744667654853,-1,0,0.0,0
pareto_20210104,mock_approach_c,4,4.502143575747799,-1.6153753682691243,0.7961748190908944,4.502143575747799,0.9999999999997778,31,0,0.0,0
pareto_20210104,mock_approach_c,5,4.502143575747799,-1.6153753682691243,0.5627033091391913,4.502143575747799,0.9999999999997778,35,0,0.0,0
pareto_20210104,mock_approach_c,6,4.502143575747799,-1.6153753682691243,1.0,4.502143575747799,0.9999999999997778,0,0,0.0,0
pareto_20210104,mock_approach_c,7,4.502143575747799,-1.6153753682691243,0.9385663505592277,4.502143575747799,0.9999999999997778,9,0,0.0,0
pareto_20210104,mock_approach_c,8,4.502143575747799,-1.6153753682691243,0.9315703284644721,4.502143575747799,0.9999999999997778,7,0,0.0,0
pareto_20210104,mock_approach_c,9,4.502143575747799,-1.6153753682691243,0.7192665016354114,3.431418879147996,0.7621744667654853,-1,0,0.0,0
pareto_20210104,mock_approach_c,10,4.502143575747799,-1.6153753682691243,0.9276749358064466,4.502143575747799,0.9999999999997778,11,0,0.0,0
pareto_20210104,mock_approach_c,11,4.502143575747799,-1.6153753682691243,0.9054333015058764,4.502143575747799,0.9999999999997778,12,0,0.0,0
pareto_20210104,mock_approach_c,12,4.502143575747799,-1.6153753682691243,1.0,4.502143575747799,0.9999999999997778,0,0,0.0,0
pareto_20210104,mock_approach_c,13,4.502143575747799,-1.6153753682691243,0.787942583461386,3.431418879147996,0.7621744667654853,-1,0,0.0,0
pareto_20210104,mock_approach_c,14,4.502143575747799,-1.6153753682691243,0.7957325980415597,4.502143575747799,0.9999999999997778,24,0,0.0,0
pareto_20210104,mock_approach_c,15,4.502143575747799,-1.6153753682691243,0.9385663505592277,4.502143575747799,0.9999999999997778,9,0,0.0,0
pareto_20210104,mock_approach_c,16,4.502143575747799,-1.6153753682691243,0.6309324953266492,4.502143575747799,0.9999999999997778,48,0,0.0,0
pareto_20210104,mock_approach_c,17,4.502143575747799,-1.6153753682691243,0.8517853234372955,4.502143575747799,0.9999999999997778,18,0,0.0,0
pareto_20210104,mock_approach_c,18,4.502143575747799,-1.6153753682691243,0.5707817684734475,2.288972436251905,0.5084183562207257,-1,0,0.0,0
pareto_20210104,mock_approach_c,19,4.502143575747799,-1.6153753682691243,0.9605499649853344,4.502143575747799,0.9999999999997778,6,0,0.0,0
pareto_20210112,fixed_random,0,6.114679357715656,-1.6910003165941683,0.5676700947733954,3.4328742170248834,0.5614152461964559,-1,0,0.0,0
pareto_20210112,fixed_random,1,6.114679357715656,-1.6910003165941683,0.8216099587454828,6.114679357715656,0.9999999999998365,45,0,0.0,0
pareto_20210112,fixed_random,2,6.114679357715656,-1.6910003165941683,0.7531797506670622,6.114679357715656,0.9999999999998365,50,0,0.0,0
pareto_20210112,fixed_random,3,6.114679357715656,-1.6910003165941683,1.0,6.114679357715656,0.9999999999998365,0,0,0.0,0
pareto_20210112,fixed_random,4,6.114679357715656,-1.6910003165941683,0.7935785803735462,6.114679357715656,0.9999999999998365,30,0,0.0,0
pareto_20210112,fixed_random,5,6.114679357715656,-1.6910003165941683,0.7180564240015725,6.114679357715656,0.9999999999998365,47,0,0.0,0
pareto_20210112,fixed_random,6,6.114679357715656,-1.6910003165941683,0.9094777847906279,6.114679357715656,0.9999999999998365,8,0,0.0,0
pareto_20210112,fixed_random,7,6.114679357715656,-1.6910003165941683,0.9582807093388447,6.114679357715656,0.9999999999998365,7,0,0.0,0
pareto_20210112,fixed_random,8,6.114679357715656,-1.6910003165941683,0.7522081830825336,6.114679357715656,0.9999999999998365,52,0,0.0,0
pareto_20210112,fixed_random,9,6.114679357715656,-1.6910003165941683,0.6728889716107929,5.007901563748517,0.8189965934074044,-1,0,0.0,0
pareto_20210112,fixed_random,10,6.114679357715656,-1.6910003165941683,0.8582086582915024,5.007901563748517,0.8189965934074044,-1,0,0.0,0
pareto_20210112,fixed_random,11,6.114679357715656,-1.6910003165941683,0.6409500796956764,5.007901563748517,0.8189965934074044,-1,0,0.0,0
pareto_20210112,fixed_random,12,6.114679357715656,-1.6910003165941683,0.766136245515675,5.007901563748517,0.8189965934074044,-1,0,0.0,0
pareto_20210112,fixed_random,13,6.114679357715656,-1.6910003165941683,0.6442273156925952,3.8867505271241742,0.6356425741636214,-1,0,0.0,0
pareto_20210112,fixed_random,14,6.114679357715656,-1.6910003165941683,0.8589790830085232,6.114679357715656,0.9999999999998365,27,0,0.0,0
pareto_20210112,fixed_random,15,6.114679357715656,-1.6910003165941683,0.7208863935190281,5.007901563748517,0.8189965934074044,-1,0,0.0,0
pareto_20210112,fixed_random,16,6.114679357715656,-1.6910003165941683,0.8582086582915024,5.007901563748517,0.8189965934074044,-1,0,0.0,0
pareto_20210112,fixed_random,17,6.114679357715656,-1.6910003165941683,0.7654580046061019,5.007901563748517,0.8189965934074044,-1,0,0.0,0
pareto_20210112,fixed_random,18,6.114679357715656,-1.6910003165941683,0.8181312670481147,6.114679357715656,0.9999999999998365,70,0,0.0,0
pareto_20210112,fixed_random,19,6.114679357715656,-1.6910003165941683,1.0,6.114679357715656,0.9999999999998365,0,0,0.0,0
pareto_20210112,fixed_ucb_low,0,6.114679357715656,-1.6910003165941683,0.40637670084500743,2.963083196365513,0.4845852125714712,-1,0,0.0,0
pareto_20210112,fixed_ucb_low,1,6.114679357715656,-1.6910003165941683,0.7145759339927724,3.8867505271241742,0.6356425741636214,-1,0,0.0,0
pareto_20210112,fixed_ucb_low,2,6.114679357715656,-1.6910003165941683,0.6445788409605696,3.340375640781934,0.546287948290603,-1,0,0.0,0
pareto_20210112,fixed_ucb_low,3,6.114679357715656,-1.6910003165941683,1.0,6.114679357715656,0.9999999999998365,0,0,0.0,0
pareto_20210112,fixed_ucb_low,4,6.114679357715656,-1.6910003165941683,0.3523554464074856,2.2984179580851722,0.37588527928035914,-1,0,0.0,0
pareto_20210112,fixed_ucb_low,5,6.114679357715656,-1.6910003165941683,0.40851320223487453,2.5166953648105173,0.4115825569225435,-1,0,0.0,0
pareto_20210112,fixed_ucb_low,6,6.114679357715656,-1.6910003165941683,0.6108151183305974,5.007901563748517,0.8189965934074044,-1,0,0.0,0
pareto_20210112,fixed_ucb_low,7,6.114679357715656,-1.6910003165941683,0.6482057737299374,3.8867505271241742,0.6356425741636214,-1,0,0.0,0
pareto_20210112,fixed_ucb_low,8,6.114679357715656,-1.6910003165941683,0.9160811152268012,6.114679357715656,0.9999999999998365,17,0,0.0,0
pareto_20210112,fixed_ucb_low,9,6.114679357715656,-1.6910003165941683,0.6600852385811297,3.8867505271241742,0.6356425741636214,-1,0,0.0,0
pareto_20210112,fixed_ucb_low,10,6.114679357715656,-1.6910003165941683,0.8582086582915024,5.007901563748517,0.8189965934074044,-1,0,0.0,0
pareto_20210112,fixed_ucb_low,11,6.114679357715656,-1.6910003165941683,0.7039132118914485,6.114679357715656,0.9999999999998365,47,0,0.0,0
pareto_20210112,fixed_ucb_low,12,6.114679357715656,-1.6910003165941683,0.5555063289834551,3.185571697980825,0.5209711763480566,-1,0,0.0,0
pareto_20210112,fixed_ucb_low,13,6.114679357715656,-1.6910003165941683,0.4729815962573009,2.7651630465572086,0.4522171784964659,-1,0,0.0,0
pareto_20210112,fixed_ucb_low,14,6.114679357715656,-1.6910003165941683,0.8778226694951463,6.114679357715656,0.9999999999998365,14,0,0.0,0
pareto_20210112,fixed_ucb_low,15,6.114679357715656,-1.6910003165941683,0.7797387927072315,5.007901563748517,0.8189965934074044,-1,0,0.0,0
pareto_20210112,fixed_ucb_low,16,6.114679357715656,-1.6910003165941683,0.8582086582915024,5.007901563748517,0.8189965934074044,-1,0,0.0,0
pareto_20210112,fixed_ucb_low,17,6.114679357715656,-1.6910003165941683,0.5088065208694458,2.963083196365513,0.4845852125714712,-1,0,0.0,0
pareto_20210112,fixed_ucb_low,18,6.114679357715656,-1.6910003165941683,0.8051021178072878,5.007901563748517,0.8189965934074044,-1,0,0.0,0
pareto_20210112,fixed_ucb_low,19,6.114679357715656,-1.6910003165941683,1.0,6.114679357715656,0.9999999999998365,0,0,0.0,0
pareto_20210112,fixed_ucb_high,0,6.114679357715656,-1.6910003165941683,0.5748153707435756,3.4328742170248834,0.5614152461964559,-1,0,0.0,0
pareto_20210112,fixed_ucb_high,1,6.114679357715656,-1.6910003165941683,0.8772881059987162,6.114679357715656,0.9999999999998365,38,0,0.0,0
pareto_20210112,fixed_ucb_high,2,6.114679357715656,-1.6910003165941683,0.8027795017256963,6.114679357715656,0.9999999999998365,67,0,0.0,0
pareto_20210112,fixed_ucb_high,3,6.114679357715656,-1.6910003165941683,1.0,6.114679357715656,0.9999999999998365,0,0,0.0,0
pareto_20210112,fixed_ucb_high,4,6.114679357715656,-1.6910003165941683,0.8058769358504134,6.114679357715656,0.9999999999998365,34,0,0.0,0
pareto_20210112,fixed_ucb_high,5,6.114679357715656,-1.6910003165941683,0.8248507274943995,6.114679357715656,0.9999999999998365,60,0,0.0,0
pareto_20210112,fixed_ucb_high,6,6.114679357715656,-1.6910003165941683,0.669148549281749,5.007901563748517,0.8189965934074044,-1,0,0.0,0
pareto_20210112,fixed_ucb_high,7,6.114679357715656,-1.6910003165941683,0.6475874724913141,6.114679357715656,0.9999999999998365,63,0,0.0,0
pareto_20210112,fixed_ucb_high,8,6.114679357715656,-1.6910003165941683,0.8074802055203085,6.114679357715656,0.9999999999998365,39,0,0.0,0
pareto_20210112,fixed_ucb_high,9,6.114679357715656,-1.6910003165941683,0.7163280202363963,5.007901563748517,0.8189965934074044,-1,0,0.0,0
pareto_20210112,fixed_ucb_high,10,6.114679357715656,-1.6910003165941683,0.8897178453378353,6.114679357715656,0.9999999999998365,56,0,0.0,0
pareto_20210112,fixed_ucb_high,11,6.114679357715656,-1.6910003165941683,0.7750093889015169,5.007901563748517,0.8189965934074044,-1,0,0.0,0
pareto_20210112,fixed_ucb_high,12,6.114679357715656,-1.6910003165941683,0.7623225553543712,5.007901563748517,0.8189965934074044,-1,0,0.0,0
pareto_20210112,fixed_ucb_high,13,6.114679357715656,-1.6910003165941683,0.834763379138435,6.114679357715656,0.9999999999998365,19,0,0.0,0
pareto_20210112,fixed_ucb_high,14,6.114679357715656,-1.6910003165941683,0.5939673149871294,6.114679357715656,0.9999999999998365,71,0,0.0,0
pareto_20210112,fixed_ucb_high,15,6.114679357715656,-1.6910003165941683,0.7229294758246585,5.007901563748517,0.8189965934074044,-1,0,0.0,0
pareto_20210112,fixed_ucb_high,16,6.114679357715656,-1.6910003165941683,0.8582086582915024,5.007901563748517,0.8189965934074044,-1,0,0.0,0
pareto_20210112,fixed_ucb_high,17,6.114679357715656,-1.6910003165941683,0.8835681571639333,6.114679357715656,0.9999999999998365,24,0,0.0,0
pareto_20210112,fixed_ucb_high,18,6.114679357715656,-1.6910003165941683,0.6248677567249729,3.8867505271241742,0.6356425741636214,-1,0,0.0,0
pareto_20210112,fixed_ucb_high,19,6.114679357715656,-1.6910003165941683,1.0,6.114679357715656,0.9999999999998365,0,0,0.0,0
pareto_20210112,fixed_ei,0,6.114679357715656,-1.6910003165941683,0.7489672157873805,6.114679357715656,0.9999999999998365,24,0,0.0,0
pareto_20210112,fixed_ei,1,6.114679357715656,-1.6910003165941683,0.7564688119132353,5.007901563748517,0.8189965934074044,-1,0,0.0,0
pareto_20210112,fixed_ei,2,6.114679357715656,-1.6910003165941683,0.9506359501334125,6.114679357715656,0.9999999999998365,10,0,0.0,0
pareto_20210112,fixed_ei,3,6.114679357715656,-1.6910003165941683,1.0,6.114679357715656,0.9999999999998365,0,0,0.0,0
pareto_20210112,fixed_ei,4,6.114679357715656,-1.6910003165941683,0.5559446277637586,2.963083196365513,0.4845852125714712,-1,0,0.0,0
pareto_20210112,fixed_ei,5,6.114679357715656,-1.6910003165941683,0.660147090770914,5.007901563748517,0.8189965934074044,-1,0,0.0,0
pareto_20210112,fixed_ei,6,6.114679357715656,-1.6910003165941683,0.6831324012116929,5.007901563748517,0.8189965934074044,-1,0,0.0,0
pareto_20210112,fixed_ei,7,6.114679357715656,-1.6910003165941683,0.752704301897015,5.007901563748517,0.8189965934074044,-1,0,0.0,0
pareto_20210112,fixed_ei,8,6.114679357715656,-1.6910003165941683,0.6922157514963744,3.8867505271241742,0.6356425741636214,-1,0,0.0,0
pareto_20210112,fixed_ei,9,6.114679357715656,-1.6910003165941683,0.7183008097254917,6.114679357715656,0.9999999999998365,69,0,0.0,0
pareto_20210112,fixed_ei,10,6.114679357715656,-1.6910003165941683,0.8582086582915024,5.007901563748517,0.8189965934074044,-1,0,0.0,0
pareto_20210112,fixed_ei,11,6.114679357715656,-1.6910003165941683,0.6068025323653102,5.007901563748517,0.8189965934074044,-1,0,0.0,0
pareto_20210112,fixed_ei,12,6.114679357715656,-1.6910003165941683,0.7167288466814344,6.114679357715656,0.9999999999998365,47,0,0.0,0
pareto_20210112,fixed_ei,13,6.114679357715656,-1.6910003165941683,0.6750344976101346,5.007901563748517,0.8189965934074044,-1,0,0.0,0
pareto_20210112,fixed_ei,14,6.114679357715656,-1.6910003165941683,0.9214574303897369,6.114679357715656,0.9999999999998365,9,0,0.0,0
pareto_20210112,fixed_ei,15,6.114679357715656,-1.6910003165941683,0.8049612495021756,5.007901563748517,0.8189965934074044,-1,0,0.0,0
pareto_20210112,fixed_ei,16,6.114679357715656,-1.6910003165941683,0.8582086582915024,5.007901563748517,0.8189965934074044,-1,0,0.0,0
pareto_20210112,fixed_ei,17,6.114679357715656,-1.6910003165941683,0.6632804828129939,5.007901563748517,0.8189965934074044,-1,0,0.0,0
pareto_20210112,fixed_ei,18,6.114679357715656,-1.6910003165941683,0.7987436779941347,5.007901563748517,0.8189965934074044,-1,0,0.0,0
pareto_20210112,fixed_ei,19,6.114679357715656,-1.6910003165941683,1.0,6.114679357715656,0.9999999999998365,0,0,0.0,0
pareto_20210112,fixed_lhs,0,6.114679357715656,-1.6910003165941683,0.7595445916427995,6.114679357715656,0.9999999999998365,46,0,0.0,0
pareto_20210112,fixed_lhs,1,6.114679357715656,-1.6910003165941683,0.9484650991931396,6.114679357715656,0.9999999999998365,13,0,0.0,0
pareto_20210112,fixed_lhs,2,6.114679357715656,-1.6910003165941683,0.754360830422299,5.007901563748517,0.8189965934074044,-1,0,0.0,0
pareto_20210112,fixed_lhs,3,6.114679357715656,-1.6910003165941683,1.0,6.114679357715656,0.9999999999998365,0,0,0.0,0
pareto_20210112,fixed_lhs,4,6.114679357715656,-1.6910003165941683,0.827534595994183,6.114679357715656,0.9999999999998365,34,0,0.0,0
pareto_20210112,fixed_lhs,5,6.114679357715656,-1.6910003165941683,0.7265414184751171,5.007901563748517,0.8189965934074044,-1,0,0.0,0
pareto_20210112,fixed_lhs,6,6.114679357715656,-1.6910003165941683,0.860399228007632,6.114679357715656,0.9999999999998365,16,0,0.0,0
pareto_20210112,fixed_lhs,7,6.114679357715656,-1.6910003165941683,0.8382557859140847,5.007901563748517,0.8189965934074044,-1,0,0.0,0
pareto_20210112,fixed_lhs,8,6.114679357715656,-1.6910003165941683,0.8443186328733777,6.114679357715656,0.9999999999998365,67,0,0.0,0
pareto_20210112,fixed_lhs,9,6.114679357715656,-1.6910003165941683,0.8783140751721105,6.114679357715656,0.9999999999998365,20,0,0.0,0
pareto_20210112,fixed_lhs,10,6.114679357715656,-1.6910003165941683,0.8779019001954604,6.114679357715656,0.9999999999998365,62,0,0.0,0
pareto_20210112,fixed_lhs,11,6.114679357715656,-1.6910003165941683,0.623815159988051,3.8867505271241742,0.6356425741636214,-1,0,0.0,0
pareto_20210112,fixed_lhs,12,6.114679357715656,-1.6910003165941683,0.868231712540839,6.114679357715656,0.9999999999998365,20,0,0.0,0
pareto_20210112,fixed_lhs,13,6.114679357715656,-1.6910003165941683,0.556777137424976,3.4328742170248834,0.5614152461964559,-1,0,0.0,0
pareto_20210112,fixed_lhs,14,6.114679357715656,-1.6910003165941683,0.6364856498955529,6.114679357715656,0.9999999999998365,69,0,0.0,0
pareto_20210112,fixed_lhs,15,6.114679357715656,-1.6910003165941683,0.8138990437964719,6.114679357715656,0.9999999999998365,39,0,0.0,0
pareto_20210112,fixed_lhs,16,6.114679357715656,-1.6910003165941683,0.9428895984785218,6.114679357715656,0.9999999999998365,29,0,0.0,0
pareto_20210112,fixed_lhs,17,6.114679357715656,-1.6910003165941683,0.7690877236475172,5.007901563748517,0.8189965934074044,-1,0,0.0,0
pareto_20210112,fixed_lhs,18,6.114679357715656,-1.6910003165941683,0.7942397462899053,5.007901563748517,0.8189965934074044,-1,0,0.0,0
pareto_20210112,fixed_lhs,19,6.114679357715656,-1.6910003165941683,1.0,6.114679357715656,0.9999999999998365,0,0,0.0,0
pareto_20210112,mock_approach_a,0,6.114679357715656,-1.6910003165941683,0.686477441672387,6.114679357715656,0.9999999999998365,53,0,0.0,0
pareto_20210112,mock_approach_a,1,6.114679357715656,-1.6910003165941683,0.8063412856280722,5.007901563748517,0.8189965934074044,-1,0,0.0,0
pareto_20210112,mock_approach_a,2,6.114679357715656,-1.6910003165941683,0.664099136580353,3.8867505271241742,0.6356425741636214,-1,0,0.0,0
pareto_20210112,mock_approach_a,3,6.114679357715656,-1.6910003165941683,1.0,6.114679357715656,0.9999999999998365,0,0,0.0,0
pareto_20210112,mock_approach_a,4,6.114679357715656,-1.6910003165941683,0.7118530400232461,5.007901563748517,0.8189965934074044,-1,0,0.0,0
pareto_20210112,mock_approach_a,5,6.114679357715656,-1.6910003165941683,0.7338916325945795,5.007901563748517,0.8189965934074044,-1,0,0.0,0
pareto_20210112,mock_approach_a,6,6.114679357715656,-1.6910003165941683,0.6342287844956525,5.007901563748517,0.8189965934074044,-1,0,0.0,0
pareto_20210112,mock_approach_a,7,6.114679357715656,-1.6910003165941683,0.8413403717564972,6.114679357715656,0.9999999999998365,37,0,0.0,0
pareto_20210112,mock_approach_a,8,6.114679357715656,-1.6910003165941683,0.7527267761771942,6.114679357715656,0.9999999999998365,56,0,0.0,0
pareto_20210112,mock_approach_a,9,6.114679357715656,-1.6910003165941683,0.8001370734262202,5.007901563748517,0.8189965934074044,-1,0,0.0,0
pareto_20210112,mock_approach_a,10,6.114679357715656,-1.6910003165941683,0.8582086582915024,5.007901563748517,0.8189965934074044,-1,0,0.0,0
pareto_20210112,mock_approach_a,11,6.114679357715656,-1.6910003165941683,0.7039132118914485,6.114679357715656,0.9999999999998365,47,0,0.0,0
pareto_20210112,mock_approach_a,12,6.114679357715656,-1.6910003165941683,0.6232415681689348,5.007901563748517,0.8189965934074044,-1,0,0.0,0
pareto_20210112,mock_approach_a,13,6.114679357715656,-1.6910003165941683,0.6310433761218902,5.007901563748517,0.8189965934074044,-1,0,0.0,0
pareto_20210112,mock_approach_a,14,6.114679357715656,-1.6910003165941683,0.7216835071778346,5.007901563748517,0.8189965934074044,-1,0,0.0,0
pareto_20210112,mock_approach_a,15,6.114679357715656,-1.6910003165941683,0.8049612495021756,5.007901563748517,0.8189965934074044,-1,0,0.0,0
pareto_20210112,mock_approach_a,16,6.114679357715656,-1.6910003165941683,0.8582086582915024,5.007901563748517,0.8189965934074044,-1,0,0.0,0
pareto_20210112,mock_approach_a,17,6.114679357715656,-1.6910003165941683,0.8134443924882553,6.114679357715656,0.9999999999998365,32,0,0.0,0
pareto_20210112,mock_approach_a,18,6.114679357715656,-1.6910003165941683,0.8661511677095576,6.114679357715656,0.9999999999998365,41,0,0.0,0
pareto_20210112,mock_approach_a,19,6.114679357715656,-1.6910003165941683,1.0,6.114679357715656,0.9999999999998365,0,0,0.0,0
pareto_20210112,mock_approach_b,0,6.114679357715656,-1.6910003165941683,0.7879483013173831,6.114679357715656,0.9999999999998365,33,2,0.2777777777777778,0
pareto_20210112,mock_approach_b,1,6.114679357715656,-1.6910003165941683,0.9484650991931396,6.114679357715656,0.9999999999998365,13,2,0.2777777777777778,0
pareto_20210112,mock_approach_b,2,6.114679357715656,-1.6910003165941683,0.687354842258027,3.8867505271241742,0.6356425741636214,-1,2,0.2777777777777778,0
pareto_20210112,mock_approach_b,3,6.114679357715656,-1.6910003165941683,1.0,6.114679357715656,0.9999999999998365,0,2,0.2777777777777778,0
pareto_20210112,mock_approach_b,4,6.114679357715656,-1.6910003165941683,0.7527002767591426,5.007901563748517,0.8189965934074044,-1,2,0.2777777777777778,0
pareto_20210112,mock_approach_b,5,6.114679357715656,-1.6910003165941683,0.5737282408818128,2.963083196365513,0.4845852125714712,-1,2,0.2777777777777778,0
pareto_20210112,mock_approach_b,6,6.114679357715656,-1.6910003165941683,0.860399228007632,6.114679357715656,0.9999999999998365,16,2,0.2777777777777778,0
pareto_20210112,mock_approach_b,7,6.114679357715656,-1.6910003165941683,0.8382557859140847,5.007901563748517,0.8189965934074044,-1,2,0.2777777777777778,0
pareto_20210112,mock_approach_b,8,6.114679357715656,-1.6910003165941683,0.8344720119213987,5.007901563748517,0.8189965934074044,-1,2,0.2777777777777778,0
pareto_20210112,mock_approach_b,9,6.114679357715656,-1.6910003165941683,0.8783140751721105,6.114679357715656,0.9999999999998365,20,2,0.2777777777777778,0
pareto_20210112,mock_approach_b,10,6.114679357715656,-1.6910003165941683,0.8582086582915024,5.007901563748517,0.8189965934074044,-1,2,0.2777777777777778,0
pareto_20210112,mock_approach_b,11,6.114679357715656,-1.6910003165941683,0.6624636292638235,5.007901563748517,0.8189965934074044,-1,2,0.2777777777777778,0
pareto_20210112,mock_approach_b,12,6.114679357715656,-1.6910003165941683,0.868231712540839,6.114679357715656,0.9999999999998365,20,2,0.2777777777777778,0
pareto_20210112,mock_approach_b,13,6.114679357715656,-1.6910003165941683,0.7615253381154802,6.114679357715656,0.9999999999998365,29,2,0.2777777777777778,0
pareto_20210112,mock_approach_b,14,6.114679357715656,-1.6910003165941683,0.6632287946235995,5.007901563748517,0.8189965934074044,-1,2,0.2777777777777778,0
pareto_20210112,mock_approach_b,15,6.114679357715656,-1.6910003165941683,0.8104905842524119,6.114679357715656,0.9999999999998365,45,2,0.2777777777777778,0
pareto_20210112,mock_approach_b,16,6.114679357715656,-1.6910003165941683,0.8582086582915024,5.007901563748517,0.8189965934074044,-1,2,0.2777777777777778,0
pareto_20210112,mock_approach_b,17,6.114679357715656,-1.6910003165941683,0.7690877236475172,5.007901563748517,0.8189965934074044,-1,2,0.2777777777777778,0
pareto_20210112,mock_approach_b,18,6.114679357715656,-1.6910003165941683,0.7942397462899053,5.007901563748517,0.8189965934074044,-1,2,0.2777777777777778,0
pareto_20210112,mock_approach_b,19,6.114679357715656,-1.6910003165941683,1.0,6.114679357715656,0.9999999999998365,0,2,0.2777777777777778,0
pareto_20210112,mock_approach_c,0,6.114679357715656,-1.6910003165941683,0.8140956169119395,6.114679357715656,0.9999999999998365,32,0,0.0,0
pareto_20210112,mock_approach_c,1,6.114679357715656,-1.6910003165941683,0.82230047721682,5.007901563748517,0.8189965934074044,-1,0,0.0,0
pareto_20210112,mock_approach_c,2,6.114679357715656,-1.6910003165941683,0.8963354952801661,6.114679357715656,0.9999999999998365,21,0,0.0,0
pareto_20210112,mock_approach_c,3,6.114679357715656,-1.6910003165941683,1.0,6.114679357715656,0.9999999999998365,0,0,0.0,0
pareto_20210112,mock_approach_c,4,6.114679357715656,-1.6910003165941683,0.6426545561620132,3.8867505271241742,0.6356425741636214,-1,0,0.0,0
pareto_20210112,mock_approach_c,5,6.114679357715656,-1.6910003165941683,0.8152589070658302,6.114679357715656,0.9999999999998365,22,0,0.0,0
pareto_20210112,mock_approach_c,6,6.114679357715656,-1.6910003165941683,0.7492277817863567,6.114679357715656,0.9999999999998365,52,0,0.0,0
pareto_20210112,mock_approach_c,7,6.114679357715656,-1.6910003165941683,0.8033233440259815,6.114679357715656,0.9999999999998365,33,0,0.0,0
pareto_20210112,mock_approach_c,8,6.114679357715656,-1.6910003165941683,0.6696030564727204,3.8867505271241742,0.6356425741636214,-1,0,0.0,0
pareto_20210112,mock_approach_c,9,6.114679357715656,-1.6910003165941683,0.6075234371714975,3.4328742170248834,0.5614152461964559,-1,0,0.0,0
pareto_20210112,mock_approach_c,10,6.114679357715656,-1.6910003165941683,0.8582086582915024,5.007901563748517,0.8189965934074044,-1,0,0.0,0
pareto_20210112,mock_approach_c,11,6.114679357715656,-1.6910003165941683,0.6521337921452953,5.007901563748517,0.8189965934074044,-1,0,0.0,0
pareto_20210112,mock_approach_c,12,6.114679357715656,-1.6910003165941683,0.6518521403280013,3.8867505271241742,0.6356425741636214,-1,0,0.0,0
pareto_20210112,mock_approach_c,13,6.114679357715656,-1.6910003165941683,0.7069779582104954,6.114679357715656,0.9999999999998365,45,0,0.0,0
pareto_20210112,mock_approach_c,14,6.114679357715656,-1.6910003165941683,0.6244136273727695,5.007901563748517,0.8189965934074044,-1,0,0.0,0
pareto_20210112,mock_approach_c,15,6.114679357715656,-1.6910003165941683,0.850827196989628,6.114679357715656,0.9999999999998365,36,0,0.0,0
pareto_20210112,mock_approach_c,16,6.114679357715656,-1.6910003165941683,0.9015337904802101,6.114679357715656,0.9999999999998365,50,0,0.0,0
pareto_20210112,mock_approach_c,17,6.114679357715656,-1.6910003165941683,0.6281048871703178,3.4328742170248834,0.5614152461964559,-1,0,0.0,0
pareto_20210112,mock_approach_c,18,6.114679357715656,-1.6910003165941683,0.677404910700957,3.8867505271241742,0.6356425741636214,-1,0,0.0,0
pareto_20210112,mock_approach_c,19,6.114679357715656,-1.6910003165941683,1.0,6.114679357715656,0.9999999999998365,0,0,0.0,0
