dataset,condition,seed,global_best,global_min,auc_best,final_best,final_best_normalised,steps_to_90pct,switch_count,switch_frequency,failure_count
pareto_20201218,approach_a,0,5.44426438452636,-1.9304201262287155,0.6447885629798599,3.295055144471652,0.6052342266544262,-1,0,0.0,0
pareto_20201218,approach_a,1,5.44426438452636,-1.9304201262287155,0.6313424089668588,3.295055144471652,0.6052342266544262,-1,0,0.0,0
pareto_20201218,approach_a,2,5.44426438452636,-1.9304201262287155,0.662689952458573,3.295055144471652,0.6052342266544262,-1,0,0.0,0
pareto_20201218,approach_a,3,5.44426438452636,-1.9304201262287155,1.0,5.44426438452636,0.9999999999998164,0,0,0.0,0
pareto_20201218,approach_a,4,5.44426438452636,-1.9304201262287155,1.0,5.44426438452636,0.9999999999998164,0,0,0.0,0
pareto_20201218,approach_a,5,5.44426438452636,-1.9304201262287155,0.6465558285781795,3.31642191643393,0.6091588655869149,-1,0,0.0,0
pareto_20201218,approach_a,6,5.44426438452636,-1.9304201262287155,0.8522687853966114,5.44426438452636,0.9999999999998164,19,0,0.0,0
pareto_20201218,approach_a,7,5.44426438452636,-1.9304201262287155,0.6443716510780674,3.31642191643393,0.6091588655869149,-1,0,0.0,0
pareto_20201218,approach_a,8,5.44426438452636,-1.9304201262287155,0.6709088373401063,3.295055144471652,0.6052342266544262,-1,0,0.0,0
pareto_20201218,approach_a,9,5.44426438452636,-1.9304201262287155,0.6593964755405333,3.31642191643393,0.6091588655869149,-1,0,0.0,0
pareto_20201218,approach_a,10,5.44426438452636,-1.9304201262287155,1.0,5.44426438452636,0.9999999999998164,0,0,0.0,0
pareto_20201218,approach_a,11,5.44426438452636,-1.9304201262287155,0.643121891093403,3.31642191643393,0.6091588655869149,-1,0,0.0,0
pareto_20201218,approach_a,12,5.44426438452636,-1.9304201262287155,0.6381001392183189,3.31642191643393,0.6091588655869149,-1,0,0.0,0
pareto_20201218,approach_a,13,5.44426438452636,-1.9304201262287155,0.814954956020987,5.44426438452636,0.9999999999998164,32,0,0.0,0
pareto_20201218,approach_a,14,5.44426438452636,-1.9304201262287155,1.0,5.44426438452636,0.9999999999998164,0,0,0.0,0
pareto_20201218,approach_a,15,5.44426438452636,-1.9304201262287155,0.6672360294872891,3.31642191643393,0.6091588655869149,-1,0,0.0,0
pareto_20201218,approach_a,16,5.44426438452636,-1.9304201262287155,0.8224410119624167,5.44426438452636,0.9999999999998164,40,0,0.0,0
pareto_20201218,approach_a,17,5.44426438452636,-1.9304201262287155,0.674363877674397,3.31642191643393,0.6091588655869149,-1,0,0.0,0
pareto_20201218,approach_a,18,5.44426438452636,-1.9304201262287155,0.6527342483527429,3.31642191643393,0.6091588655869149,-1,0,0.0,0
pareto_20201218,approach_a,19,5.44426438452636,-1.9304201262287155,1.0,5.44426438452636,0.9999999999998164,0,0,0.0,0
pareto_20201218,approach_a,20,5.44426438452636,-1.9304201262287155,0.7095499602158456,3.31642191643393,0.6091588655869149,-1,0,0.0,0
pareto_20201218,approach_a,21,5.44426438452636,-1.9304201262287155,0.6645684790457642,3.295055144471652,0.6052342266544262,-1,0,0.0,0
pareto_20201218,approach_a,22,5.44426438452636,-1.9304201262287155,0.7085693310784551,3.295055144471652,0.6052342266544262,-1,0,0.0,0
pareto_20201218,approach_a,23,5.44426438452636,-1.9304201262287155,0.6469536699804737,3.31642191643393,0.6091588655869149,-1,0,0.0,0
pareto_20201218,approach_a,24,5.44426438452636,-1.9304201262287155,0.6176449198333968,3.295055144471652,0.6052342266544262,-1,0,0.0,0
pareto_20201218,approach_a,25,5.44426438452636,-1.9304201262287155,0.6500640870545186,3.295055144471652,0.6052342266544262,-1,0,0.0,0
pareto_20201218,approach_a,26,5.44426438452636,-1.9304201262287155,0.6171933929700546,3.31642191643393,0.6091588655869149,-1,0,0.0,0
pareto_20201218,approach_a,27,5.44426438452636,-1.9304201262287155,0.6166925511718188,3.31642191643393,0.6091588655869149,-1,0,0.0,0
pareto_20201218,approach_a,28,5.44426438452636,-1.9304201262287155,0.670581496666141,3.295055144471652,0.6052342266544262,-1,0,0.0,0
pareto_20201218,approach_a,29,5.44426438452636,-1.9304201262287155,0.8072759630073639,5.44426438452636,0.9999999999998164,28,0,0.0,0
pareto_20201218,approach_a,30,5.44426438452636,-1.9304201262287155,0.9348369153034176,5.44426438452636,0.9999999999998164,9,0,0.0,0
pareto_20201218,approach_a,31,5.44426438452636,-1.9304201262287155,0.7085693310784551,3.295055144471652,0.6052342266544262,-1,0,0.0,0
pareto_20201218,approach_a,32,5.44426438452636,-1.9304201262287155,0.6226113930581127,3.31642191643393,0.6091588655869149,-1,0,0.0,0
pareto_20201218,approach_a,33,5.44426438452636,-1.9304201262287155,1.0,5.44426438452636,0.9999999999998164,0,0,0.0,0
pareto_20201218,approach_a,34,5.44426438452636,-1.9304201262287155,0.7114666444389273,3.31642191643393,0.6091588655869149,-1,0,0.0,0
pareto_20201218,approach_a,35,5.44426438452636,-1.9304201262287155,0.6610030507346564,3.31642191643393,0.6091588655869149,-1,0,0.0,0
pareto_20201218,approach_a,36,5.44426438452636,-1.9304201262287155,0.8311095949396748,5.44426438452636,0.9999999999998164,34,0,0.0,0
pareto_20201218,approach_a,37,5.44426438452636,-1.9304201262287155,0.6944995607188771,3.295055144471652,0.6052342266544262,-1,0,0.0,0
pareto_20201218,approach_a,38,5.44426438452636,-1.9304201262287155,0.6090912381258272,3.295055144471652,0.6052342266544262,-1,0,0.0,0
pareto_20201218,approach_a,39,5.44426438452636,-1.9304201262287155,0.6641146600401883,3.31642191643393,0.6091588655869149,-1,0,0.0,0
pareto_20201218,approach_a,40,5.44426438452636,-1.9304201262287155,0.6744316321907914,3.295055144471652,0.6052342266544262,-1,0,0.0,0
pareto_20201218,approach_a,41,5.44426438452636,-1.9304201262287155,0.6256083014645331,3.31642191643393,0.6091588655869149,-1,0,0.0,0
pareto_20201218,approach_a,42,5.44426438452636,-1.9304201262287155,0.6501322513310883,3.31642191643393,0.6091588655869149,-1,0,0.0,0
pareto_20201218,approach_a,43,5.44426438452636,-1.9304201262287155,1.0,5.44426438452636,0.9999999999998164,0,0,0.0,0
pareto_20201218,approach_a,44,5.44426438452636,-1.9304201262287155,0.6788894614225894,3.31642191643393,0.6091588655869149,-1,0,0.0,0
pareto_20201218,approach_a,45,5.44426438452636,-1.9304201262287155,0.6871834664067754,3.31642191643393,0.6091588655869149,-1,0,0.0,0
pareto_20201218,approach_a,46,5.44426438452636,-1.9304201262287155,1.0,5.44426438452636,0.9999999999998164,0,0,0.0,0
pareto_20201218,approach_a,47,5.44426438452636,-1.9304201262287155,1.0,5.44426438452636,0.9999999999998164,0,0,0.0,0
pareto_20201218,approach_a,48,5.44426438452636,-1.9304201262287155,0.6543458234377705,3.31642191643393,0.6091588655869149,-1,0,0.0,0
pareto_20201218,approach_a,49,5.44426438452636,-1.9304201262287155,1.0,5.44426438452636,0.9999999999998164,0,0,0.0,0
pareto_20201218,approach_a,50,5.44426438452636,-1.9304201262287155,0.7114666444389273,3.31642191643393,0.6091588655869149,-1,0,0.0,0
pareto_20201218,approach_a,51,5.44426438452636,-1.9304201262287155,0.6630805948577372,3.31642191643393,0.6091588655869149,-1,0,0.0,0
pareto_20201218,approach_a,52,5.44426438452636,-1.9304201262287155,1.0,5.44426438452636,0.9999999999998164,0,0,0.0,0
pareto_20201218,approach_a,53,5.44426438452636,-1.9304201262287155,0.6793077360147682,3.295055144471652,0.6052342266544262,-1,0,0.0,0
pareto_20201218,approach_a,54,5.44426438452636,-1.9304201262287155,0.5835513409307438,3.295055144471652,0.6052342266544262,-1,0,0.0,0
pareto_20201218,approach_a,55,5.44426438452636,-1.9304201262287155,0.6874196557591201,3.295055144471652,0.6052342266544262,-1,0,0.0,0
pareto_20201218,approach_a,56,5.44426438452636,-1.9304201262287155,0.7439116352592087,5.44426438452636,0.9999999999998164,34,0,0.0,0
pareto_20201218,approach_a,57,5.44426438452636,-1.9304201262287155,0.7095154928704301,5.44426438452636,0.9999999999998164,45,0,0.0,0
pareto_20201218,approach_a,58,5.44426438452636,-1.9304201262287155,0.6566064532563265,3.31642191643393,0.6091588655869149,-1,0,0.0,0
pareto_20201218,approach_a,59,5.44426438452636,-1.9304201262287155,0.7085693310784551,3.295055144471652,0.6052342266544262,-1,0,0.0,0
pareto_20201218,approach_a,60,5.44426438452636,-1.9304201262287155,0.7085693310784551,3.295055144471652,0.6052342266544262,-1,0,0.0,0
pareto_20201218,approach_a,61,5.44426438452636,-1.9304201262287155,1.0,5.44426438452636,0.9999999999998164,0,0,0.0,0
pareto_20201218,approach_a,62,5.44426438452636,-1.9304201262287155,0.6835047063769235,3.31642191643393,0.6091588655869149,-1,0,0.0,0
pareto_20201218,approach_a,63,5.44426438452636,-1.9304201262287155,0.6804868139469655,3.295055144471652,0.6052342266544262,-1,0,0.0,0
pareto_20201218,approach_a,64,5.44426438452636,-1.9304201262287155,0.6465703975547347,3.31642191643393,0.6091588655869149,-1,0,0.0,0
pareto_20201218,approach_a,65,5.44426438452636,-1.9304201262287155,0.6370215726726888,3.31642191643393,0.6091588655869149,-1,0,0.0,0
pareto_20201218,approach_a,66,5.44426438452636,-1.9304201262287155,0.6909821181289825,3.295055144471652,0.6052342266544262,-1,0,0.0,0
pareto_20201218,approach_a,67,5.44426438452636,-1.9304201262287155,0.8533393153093576,5.44426438452636,0.9999999999998164,13,0,0.0,0
pareto_20201218,approach_a,68,5.44426438452636,-1.9304201262287155,0.6197679872903682,3.31642191643393,0.6091588655869149,-1,0,0.0,0
pareto_20201218,approach_a,69,5.44426438452636,-1.9304201262287155,0.686069115114286,3.31642191643393,0.6091588655869149,-1,0,0.0,0
pareto_20201218,approach_a,70,5.44426438452636,-1.9304201262287155,0.6487323491405369,3.31642191643393,0.6091588655869149,-1,0,0.0,0
pareto_20201218,approach_a,71,5.44426438452636,-1.9304201262287155,1.0,5.44426438452636,0.9999999999998164,0,0,0.0,0
pareto_20201218,approach_a,72,5.44426438452636,-1.9304201262287155,1.0,5.44426438452636,0.9999999999998164,0,0,0.0,0
pareto_20201218,approach_a,73,5.44426438452636,-1.9304201262287155,0.7100848488362406,3.31642191643393,0.6091588655869149,-1,0,0.0,0
pareto_20201218,approach_a,74,5.44426438452636,-1.9304201262287155,0.669073606753621,3.31642191643393,0.6091588655869149,-1,0,0.0,0
pareto_20201218,approach_a,75,5.44426438452636,-1.9304201262287155,0.6503205816085417,3.295055144471652,0.6052342266544262,-1,0,0.0,0
pareto_20201218,approach_a,76,5.44426438452636,-1.9304201262287155,0.8458283096414532,5.44426438452636,0.9999999999998164,26,0,0.0,0
pareto_20201218,approach_a,77,5.44426438452636,-1.9304201262287155,1.0,5.44426438452636,0.9999999999998164,0,0,0.0,0
pareto_20201218,approach_a,78,5.44426438452636,-1.9304201262287155,0.6498493088926989,3.31642191643393,0.6091588655869149,-1,0,0.0,0
pareto_20201218,approach_a,79,5.44426438452636,-1.9304201262287155,0.9456687025265996,5.44426438452636,0.9999999999998164,6,0,0.0,0
pareto_20201218,approach_b,0,5.44426438452636,-1.9304201262287155,0.6339822793972295,3.295055144471652,0.6052342266544262,-1,2,0.3076923076923077,0
pareto_20201218,approach_b,1,5.44426438452636,-1.9304201262287155,0.8982342346038781,5.44426438452636,0.9999999999998164,18,2,0.3076923076923077,0
pareto_20201218,approach_b,2,5.44426438452636,-1.9304201262287155,0.8919108104819409,5.44426438452636,0.9999999999998164,11,2,0.3076923076923077,0
pareto_20201218,approach_b,3,5.44426438452636,-1.9304201262287155,1.0,5.44426438452636,0.9999999999998164,0,2,0.3076923076923077,0
pareto_20201218,approach_b,4,5.44426438452636,-1.9304201262287155,1.0,5.44426438452636,0.9999999999998164,0,2,0.3076923076923077,0
pareto_20201218,approach_b,5,5.44426438452636,-1.9304201262287155,0.8619082501381552,5.44426438452636,0.9999999999998164,21,3,0.4615384615384615,0
pareto_20201218,approach_b,6,5.44426438452636,-1.9304201262287155,0.7986609632730547,5.44426438452636,0.9999999999998164,24,2,0.3076923076923077,0
pareto_20201218,approach_b,7,5.44426438452636,-1.9304201262287155,0.6350906519225962,3.31642191643393,0.6091588655869149,-1,4,0.6153846153846154,0
pareto_20201218,approach_b,8,5.44426438452636,-1.9304201262287155,0.5908788402615751,3.31642191643393,0.6091588655869149,-1,2,0.3076923076923077,0
pareto_20201218,approach_b,9,5.44426438452636,-1.9304201262287155,0.8810503472585546,5.44426438452636,0.9999999999998164,15,2,0.3076923076923077,0
pareto_20201218,approach_b,10,5.44426438452636,-1.9304201262287155,1.0,5.44426438452636,0.9999999999998164,0,2,0.3076923076923077,0
pareto_20201218,approach_b,11,5.44426438452636,-1.9304201262287155,0.7787497266045722,5.44426438452636,0.9999999999998164,31,2,0.3076923076923077,0
pareto_20201218,approach_b,12,5.44426438452636,-1.9304201262287155,0.8702930233169204,5.44426438452636,0.9999999999998164,17,2,0.3076923076923077,0
pareto_20201218,approach_b,13,5.44426438452636,-1.9304201262287155,0.8184413115145687,5.44426438452636,0.9999999999998164,25,2,0.3076923076923077,0
pareto_20201218,approach_b,14,5.44426438452636,-1.9304201262287155,1.0,5.44426438452636,0.9999999999998164,0,3,0.4615384615384615,0
pareto_20201218,approach_b,15,5.44426438452636,-1.9304201262287155,0.6753873685144859,3.31642191643393,0.6091588655869149,-1,2,0.3076923076923077,0
pareto_20201218,approach_b,16,5.44426438452636,-1.9304201262287155,0.924537430084027,5.44426438452636,0.9999999999998164,17,2,0.3076923076923077,0
pareto_20201218,approach_b,17,5.44426438452636,-1.9304201262287155,0.8954982945930783,5.44426438452636,0.9999999999998164,12,2,0.3076923076923077,0
pareto_20201218,approach_b,18,5.44426438452636,-1.9304201262287155,0.8566480617669746,5.44426438452636,0.9999999999998164,25,2,0.3076923076923077,0
pareto_20201218,approach_b,19,5.44426438452636,-1.9304201262287155,1.0,5.44426438452636,0.9999999999998164,0,4,0.6153846153846154,0
pareto_20201218,approach_b,20,5.44426438452636,-1.9304201262287155,0.7098619785777427,3.31642191643393,0.6091588655869149,-1,2,0.3076923076923077,0
pareto_20201218,approach_b,21,5.44426438452636,-1.9304201262287155,0.5823421313108719,3.295055144471652,0.6052342266544262,-1,2,0.3076923076923077,0
pareto_20201218,approach_b,22,5.44426438452636,-1.9304201262287155,0.9192961224524951,5.44426438452636,0.9999999999998164,18,2,0.3076923076923077,0
pareto_20201218,approach_b,23,5.44426438452636,-1.9304201262287155,0.6466297264186323,3.295055144471652,0.6052342266544262,-1,2,0.3076923076923077,0
pareto_20201218,approach_b,24,5.44426438452636,-1.9304201262287155,0.8386667419919759,5.44426438452636,0.9999999999998164,21,2,0.3076923076923077,0
pareto_20201218,approach_b,25,5.44426438452636,-1.9304201262287155,0.8703485882416643,5.44426438452636,0.9999999999998164,19,2,0.3076923076923077,0
pareto_20201218,approach_b,26,5.44426438452636,-1.9304201262287155,0.8749023775344803,5.44426438452636,0.9999999999998164,14,2,0.3076923076923077,0
pareto_20201218,approach_b,27,5.44426438452636,-1.9304201262287155,0.6566014237083315,3.31642191643393,0.6091588655869149,-1,2,0.3076923076923077,0
pareto_20201218,approach_b,28,5.44426438452636,-1.9304201262287155,0.9210116794764974,5.44426438452636,0.9999999999998164,9,2,0.3076923076923077,0
pareto_20201218,approach_b,29,5.44426438452636,-1.9304201262287155,0.8440252332674417,5.44426438452636,0.9999999999998164,20,2,0.3076923076923077,0
pareto_20201218,approach_b,30,5.44426438452636,-1.9304201262287155,0.6304820999193657,3.295055144471652,0.6052342266544262,-1,2,0.3076923076923077,0
pareto_20201218,approach_b,31,5.44426438452636,-1.9304201262287155,0.9327467687104128,5.44426438452636,0.9999999999998164,15,2,0.3076923076923077,0
pareto_20201218,approach_b,32,5.44426438452636,-1.9304201262287155,0.6598070442051167,3.295055144471652,0.6052342266544262,-1,2,0.3076923076923077,0
pareto_20201218,approach_b,33,5.44426438452636,-1.9304201262287155,1.0,5.44426438452636,0.9999999999998164,0,2,0.3076923076923077,0
pareto_20201218,approach_b,34,5.44426438452636,-1.9304201262287155,0.9067815312802688,5.44426438452636,0.9999999999998164,21,2,0.3076923076923077,0
pareto_20201218,approach_b,35,5.44426438452636,-1.9304201262287155,0.9248313605528932,5.44426438452636,0.9999999999998164,11,2,0.3076923076923077,0
pareto_20201218,approach_b,36,5.44426438452636,-1.9304201262287155,0.856496233782796,5.44426438452636,0.9999999999998164,21,2,0.3076923076923077,0
pareto_20201218,approach_b,37,5.44426438452636,-1.9304201262287155,0.67339490517951,3.295055144471652,0.6052342266544262,-1,3,0.4615384615384615,0
pareto_20201218,approach_b,38,5.44426438452636,-1.9304201262287155,0.8572249755258253,5.44426438452636,0.9999999999998164,17,2,0.3076923076923077,0
pareto_20201218,approach_b,39,5.44426438452636,-1.9304201262287155,0.6534518232552409,3.295055144471652,0.6052342266544262,-1,2,0.3076923076923077,0
pareto_20201218,approach_b,40,5.44426438452636,-1.9304201262287155,0.6788420866742858,3.31642191643393,0.6091588655869149,-1,2,0.3076923076923077,0
pareto_20201218,approach_b,41,5.44426438452636,-1.9304201262287155,0.8414835863824552,5.44426438452636,0.9999999999998164,24,2,0.3076923076923077,0
pareto_20201218,approach_b,42,5.44426438452636,-1.9304201262287155,0.6326256420689539,3.31642191643393,0.6091588655869149,-1,2,0.3076923076923077,0
pareto_20201218,approach_b,43,5.44426438452636,-1.9304201262287155,1.0,5.44426438452636,0.9999999999998164,0,6,0.9230769230769232,0
pareto_20201218,approach_b,44,5.44426438452636,-1.9304201262287155,0.6038914372349298,3.295055144471652,0.6052342266544262,-1,2,0.3076923076923077,0
pareto_20201218,approach_b,45,5.44426438452636,-1.9304201262287155,0.6503566513220603,3.31642191643393,0.6091588655869149,-1,2,0.3076923076923077,0
pareto_20201218,approach_b,46,5.44426438452636,-1.9304201262287155,1.0,5.44426438452636,0.9999999999998164,0,2,0.3076923076923077,0
pareto_20201218,approach_b,47,5.44426438452636,-1.9304201262287155,1.0,5.44426438452636,0.9999999999998164,0,2,0.3076923076923077,0
pareto_20201218,approach_b,48,5.44426438452636,-1.9304201262287155,0.8478807837846526,5.44426438452636,0.9999999999998164,22,2,0.3076923076923077,0
pareto_20201218,approach_b,49,5.44426438452636,-1.9304201262287155,1.0,5.44426438452636,0.9999999999998164,0,2,0.3076923076923077,0
pareto_20201218,approach_b,50,5.44426438452636,-1.9304201262287155,0.9334153794859064,5.44426438452636,0.9999999999998164,15,2,0.3076923076923077,0
pareto_20201218,approach_b,51,5.44426438452636,-1.9304201262287155,0.8881015617459892,5.44426438452636,0.9999999999998164,17,4,0.6153846153846154,0
pareto_20201218,approach_b,52,5.44426438452636,-1.9304201262287155,1.0,5.44426438452636,0.9999999999998164,0,2,0.3076923076923077,0
pareto_20201218,approach_b,53,5.44426438452636,-1.9304201262287155,0.6874359568657924,3.295055144471652,0.6052342266544262,-1,2,0.3076923076923077,0
pareto_20201218,approach_b,54,5.44426438452636,-1.9304201262287155,0.7940971681159019,5.44426438452636,0.9999999999998164,27,2,0.3076923076923077,0
pareto_20201218,approach_b,55,5.44426438452636,-1.9304201262287155,0.8291621830747573,5.44426438452636,0.9999999999998164,25,2,0.3076923076923077,0
pareto_20201218,approach_b,56,5.44426438452636,-1.9304201262287155,0.7946443312055437,5.44426438452636,0.9999999999998164,26,2,0.3076923076923077,0
pareto_20201218,approach_b,57,5.44426438452636,-1.9304201262287155,0.7710610863495976,5.44426438452636,0.9999999999998164,27,2,0.3076923076923077,0
pareto_20201218,approach_b,58,5.44426438452636,-1.9304201262287155,0.8584056157666249,5.44426438452636,0.9999999999998164,17,2,0.3076923076923077,0
pareto_20201218,approach_b,59,5.44426438452636,-1.9304201262287155,0.7085693310784551,3.295055144471652,0.6052342266544262,-1,2,0.3076923076923077,0
pareto_20201218,approach_b,60,5.44426438452636,-1.9304201262287155,0.7092825159056482,3.31642191643393,0.6091588655869149,-1,2,0.3076923076923077,0
pareto_20201218,approach_b,61,5.44426438452636,-1.9304201262287155,1.0,5.44426438452636,0.9999999999998164,0,2,0.3076923076923077,0
pareto_20201218,approach_b,62,5.44426438452636,-1.9304201262287155,0.6674029651389942,3.295055144471652,0.6052342266544262,-1,2,0.3076923076923077,0
pareto_20201218,approach_b,63,5.44426438452636,-1.9304201262287155,0.6745022898681993,3.295055144471652,0.6052342266544262,-1,2,0.3076923076923077,0
pareto_20201218,approach_b,64,5.44426438452636,-1.9304201262287155,0.6420002329351343,3.31642191643393,0.6091588655869149,-1,2,0.3076923076923077,0
pareto_20201218,approach_b,65,5.44426438452636,-1.9304201262287155,0.6584862512083395,3.31642191643393,0.6091588655869149,-1,2,0.3076923076923077,0
pareto_20201218,approach_b,66,5.44426438452636,-1.9304201262287155,0.655224396688039,3.31642191643393,0.6091588655869149,-1,2,0.3076923076923077,0
pareto_20201218,approach_b,67,5.44426438452636,-1.9304201262287155,0.6468294785009576,3.295055144471652,0.6052342266544262,-1,2,0.3076923076923077,0
pareto_20201218,approach_b,68,5.44426438452636,-1.9304201262287155,0.6168924170942293,3.31642191643393,0.6091588655869149,-1,2,0.3076923076923077,0
pareto_20201218,approach_b,69,5.44426438452636,-1.9304201262287155,0.6532023487780598,3.295055144471652,0.6052342266544262,-1,2,0.3076923076923077,0
pareto_20201218,approach_b,70,5.44426438452636,-1.9304201262287155,0.650723909939635,3.31642191643393,0.6091588655869149,-1,2,0.3076923076923077,0
pareto_20201218,approach_b,71,5.44426438452636,-1.9304201262287155,1.0,5.44426438452636,0.9999999999998164,0,2,0.3076923076923077,0
pareto_20201218,approach_b,72,5.44426438452636,-1.9304201262287155,1.0,5.44426438452636,0.9999999999998164,0,2,0.3076923076923077,0
pareto_20201218,approach_b,73,5.44426438452636,-1.9304201262287155,0.9058454761945778,5.44426438452636,0.9999999999998164,21,2,0.3076923076923077,0
pareto_20201218,approach_b,74,5.44426438452636,-1.9304201262287155,0.8180314921515168,5.44426438452636,0.9999999999998164,28,2,0.3076923076923077,0
pareto_20201218,approach_b,75,5.44426438452636,-1.9304201262287155,0.8713258056756512,5.44426438452636,0.9999999999998164,18,2,0.3076923076923077,0
pareto_20201218,approach_b,76,5.44426438452636,-1.9304201262287155,0.8555984757693544,5.44426438452636,0.9999999999998164,26,2,0.3076923076923077,0
pareto_20201218,approach_b,77,5.44426438452636,-1.9304201262287155,1.0,5.44426438452636,0.9999999999998164,0,2,0.3076923076923077,0
pareto_20201218,approach_b,78,5.44426438452636,-1.9304201262287155,0.6491768378523154,3.31642191643393,0.6091588655869149,-1,2,0.3076923076923077,0
pareto_20201218,approach_b,79,5.44426438452636,-1.9304201262287155,0.6599627733901872,3.295055144471652,0.6052342266544262,-1,2,0.3076923076923077,0
pareto_20201218,approach_c,0,5.44426438452636,-1.9304201262287155,0.8114620839538111,5.44426438452636,0.9999999999998164,20,0,0.0,0
pareto_20201218,approach_c,1,5.44426438452636,-1.9304201262287155,0.7875013717024779,5.44426438452636,0.9999999999998164,38,0,0.0,0
pareto_20201218,approach_c,2,5.44426438452636,-1.9304201262287155,0.943592044349753,5.44426438452636,0.9999999999998164,5,0,0.0,0
pareto_20201218,approach_c,3,5.44426438452636,-1.9304201262287155,1.0,5.44426438452636,0.9999999999998164,0,0,0.0,0
pareto_20201218,approach_c,4,5.44426438452636,-1.9304201262287155,1.0,5.44426438452636,0.9999999999998164,0,0,0.0,0
pareto_20201218,approach_c,5,5.44426438452636,-1.9304201262287155,0.7997260606013392,5.44426438452636,0.9999999999998164,37,0,0.0,0
pareto_20201218,approach_c,6,5.44426438452636,-1.9304201262287155,0.8042086516405471,5.44426438452636,0.9999999999998164,23,0,0.0,0
pareto_20201218,approach_c,7,5.44426438452636,-1.9304201262287155,0.8101065565677213,5.44426438452636,0.9999999999998164,23,0,0.0,0
pareto_20201218,approach_c,8,5.44426438452636,-1.9304201262287155,0.6419463914034235,3.295055144471652,0.6052342266544262,-1,0,0.0,0
pareto_20201218,approach_c,9,5.44426438452636,-1.9304201262287155,0.8337842260514671,5.44426438452636,0.9999999999998164,20,0,0.0,0
pareto_20201218,approach_c,10,5.44426438452636,-1.9304201262287155,1.0,5.44426438452636,0.9999999999998164,0,0,0.0,0
pareto_20201218,approach_c,11,5.44426438452636,-1.9304201262287155,0.8929434160989864,5.44426438452636,0.9999999999998164,15,0,0.0,0
pareto_20201218,approach_c,12,5.44426438452636,-1.9304201262287155,0.9547239187721664,5.44426438452636,0.9999999999998164,5,0,0.0,0
pareto_20201218,approach_c,13,5.44426438452636,-1.9304201262287155,0.8865814677403764,5.44426438452636,0.9999999999998164,13,0,0.0,0
pareto_20201218,approach_c,14,5.44426438452636,-1.9304201262287155,1.0,5.44426438452636,0.9999999999998164,0,0,0.0,0
pareto_20201218,approach_c,15,5.44426438452636,-1.9304201262287155,0.8642751712851283,5.44426438452636,0.9999999999998164,26,0,0.0,0
pareto_20201218,approach_c,16,5.44426438452636,-1.9304201262287155,0.7114666444389273,3.31642191643393,0.6091588655869149,-1,0,0.0,0
pareto_20201218,approach_c,17,5.44426438452636,-1.9304201262287155,0.6499104516830156,5.44426438452636,0.9999999999998164,51,0,0.0,0
pareto_20201218,approach_c,18,5.44426438452636,-1.9304201262287155,0.8173729279420723,5.44426438452636,0.9999999999998164,28,0,0.0,0
pareto_20201218,approach_c,19,5.44426438452636,-1.9304201262287155,1.0,5.44426438452636,0.9999999999998164,0,0,0.0,0
pareto_20201218,approach_c,20,5.44426438452636,-1.9304201262287155,0.9596480612262476,5.44426438452636,0.9999999999998164,9,0,0.0,0
pareto_20201218,approach_c,21,5.44426438452636,-1.9304201262287155,0.8629820931301524,5.44426438452636,0.9999999999998164,24,0,0.0,0
pareto_20201218,approach_c,22,5.44426438452636,-1.9304201262287155,0.8565264399155471,5.44426438452636,0.9999999999998164,32,0,0.0,0
pareto_20201218,approach_c,23,5.44426438452636,-1.9304201262287155,0.8731759712607831,5.44426438452636,0.9999999999998164,13,0,0.0,0
pareto_20201218,approach_c,24,5.44426438452636,-1.9304201262287155,0.8947667667463249,5.44426438452636,0.9999999999998164,9,0,0.0,0
pareto_20201218,approach_c,25,5.44426438452636,-1.9304201262287155,0.802111003105698,5.44426438452636,0.9999999999998164,29,0,0.0,0
pareto_20201218,approach_c,26,5.44426438452636,-1.9304201262287155,0.7520379270667945,5.44426438452636,0.9999999999998164,39,0,0.0,0
pareto_20201218,approach_c,27,5.44426438452636,-1.9304201262287155,0.8251372459059119,5.44426438452636,0.9999999999998164,22,0,0.0,0
pareto_20201218,approach_c,28,5.44426438452636,-1.9304201262287155,0.8875414902179428,5.44426438452636,0.9999999999998164,12,0,0.0,0
pareto_20201218,approach_c,29,5.44426438452636,-1.9304201262287155,0.7528397836294053,5.44426438452636,0.9999999999998164,30,0,0.0,0
pareto_20201218,approach_c,30,5.44426438452636,-1.9304201262287155,0.963217100469598,5.44426438452636,0.9999999999998164,5,0,0.0,0
pareto_20201218,approach_c,31,5.44426438452636,-1.9304201262287155,0.9058454761945778,5.44426438452636,0.9999999999998164,21,0,0.0,0
pareto_20201218,approach_c,32,5.44426438452636,-1.9304201262287155,0.9531981856027586,5.44426438452636,0.9999999999998164,5,0,0.0,0
pareto_20201218,approach_c,33,5.44426438452636,-1.9304201262287155,1.0,5.44426438452636,0.9999999999998164,0,0,0.0,0
pareto_20201218,approach_c,34,5.44426438452636,-1.9304201262287155,0.9467323035887252,5.44426438452636,0.9999999999998164,12,0,0.0,0
pareto_20201218,approach_c,35,5.44426438452636,-1.9304201262287155,0.649208657061104,3.31642191643393,0.6091588655869149,-1,0,0.0,0
pareto_20201218,approach_c,36,5.44426438452636,-1.9304201262287155,0.8231941867821555,5.44426438452636,0.9999999999998164,30,0,0.0,0
pareto_20201218,approach_c,37,5.44426438452636,-1.9304201262287155,0.968788649762068,5.44426438452636,0.9999999999998164,5,0,0.0,0
pareto_20201218,approach_c,38,5.44426438452636,-1.9304201262287155,0.6720829816997991,5.44426438452636,0.9999999999998164,43,0,0.0,0
pareto_20201218,approach_c,39,5.44426438452636,-1.9304201262287155,0.8838780387956882,5.44426438452636,0.9999999999998164,23,0,0.0,0
pareto_20201218,approach_c,40,5.44426438452636,-1.9304201262287155,0.9531981856027586,5.44426438452636,0.9999999999998164,5,0,0.0,0
pareto_20201218,approach_c,41,5.44426438452636,-1.9304201262287155,0.7651578644963407,5.44426438452636,0.9999999999998164,27,0,0.0,0
pareto_20201218,approach_c,42,5.44426438452636,-1.9304201262287155,0.788161107012699,5.44426438452636,0.9999999999998164,31,0,0.0,0
pareto_20201218,approach_c,43,5.44426438452636,-1.9304201262287155,1.0,5.44426438452636,0.9999999999998164,0,0,0.0,0
pareto_20201218,approach_c,44,5.44426438452636,-1.9304201262287155,0.850185518857926,5.44426438452636,0.9999999999998164,24,0,0.0,0
pareto_20201218,approach_c,45,5.44426438452636,-1.9304201262287155,0.5360881364289415,2.0230607498933537,0.3715948761861947,-1,0,0.0,0
pareto_20201218,approach_c,46,5.44426438452636,-1.9304201262287155,1.0,5.44426438452636,0.9999999999998164,0,0,0.0,0
pareto_20201218,approach_c,47,5.44426438452636,-1.9304201262287155,1.0,5.44426438452636,0.9999999999998164,0,0,0.0,0
pareto_20201218,approach_c,48,5.44426438452636,-1.9304201262287155,0.5817831520673719,3.31642191643393,0.6091588655869149,-1,0,0.0,0
pareto_20201218,approach_c,49,5.44426438452636,-1.9304201262287155,1.0,5.44426438452636,0.9999999999998164,0,0,0.0,0
pareto_20201218,approach_c,50,5.44426438452636,-1.9304201262287155,0.977805126495302,5.44426438452636,0.9999999999998164,5,0,0.0,0
pareto_20201218,approach_c,51,5.44426438452636,-1.9304201262287155,0.7800026714971366,5.44426438452636,0.9999999999998164,29,0,0.0,0
pareto_20201218,approach_c,52,5.44426438452636,-1.9304201262287155,1.0,5.44426438452636,0.9999999999998164,0,0,0.0,0
pareto_20201218,approach_c,53,5.44426438452636,-1.9304201262287155,0.8961437203116523,5.44426438452636,0.9999999999998164,17,0,0.0,0
pareto_20201218,approach_c,54,5.44426438452636,-1.9304201262287155,0.573843222776598,5.44426438452636,0.9999999999998164,55,0,0.0,0
pareto_20201218,approach_c,55,5.44426438452636,-1.9304201262287155,0.7237332647881439,5.44426438452636,0.9999999999998164,59,0,0.0,0
pareto_20201218,approach_c,56,5.44426438452636,-1.9304201262287155,0.5403672926486007,2.173265080528347,0.3991843391560451,-1,0,0.0,0
pareto_20201218,approach_c,57,5.44426438452636,-1.9304201262287155,0.9275582700354662,5.44426438452636,0.9999999999998164,8,0,0.0,0
pareto_20201218,approach_c,58,5.44426438452636,-1.9304201262287155,0.8387433267408984,5.44426438452636,0.9999999999998164,20,0,0.0,0
pareto_20201218,approach_c,59,5.44426438452636,-1.9304201262287155,0.7085693310784551,3.295055144471652,0.6052342266544262,-1,0,0.0,0
pareto_20201218,approach_c,60,5.44426438452636,-1.9304201262287155,0.9596480612262476,5.44426438452636,0.9999999999998164,9,0,0.0,0
pareto_20201218,approach_c,61,5.44426438452636,-1.9304201262287155,1.0,5.44426438452636,0.9999999999998164,0,0,0.0,0
pareto_20201218,approach_c,62,5.44426438452636,-1.9304201262287155,0.9143547328791892,5.44426438452636,0.9999999999998164,12,0,0.0,0
pareto_20201218,approach_c,63,5.44426438452636,-1.9304201262287155,0.931762414864034,5.44426438452636,0.9999999999998164,10,0,0.0,0
pareto_20201218,approach_c,64,5.44426438452636,-1.9304201262287155,0.7085479245242765,5.44426438452636,0.9999999999998164,41,0,0.0,0
pareto_20201218,approach_c,65,5.44426438452636,-1.9304201262287155,0.7359552544395862,5.44426438452636,0.9999999999998164,34,0,0.0,0
pareto_20201218,approach_c,66,5.44426438452636,-1.9304201262287155,0.6452553644603537,3.295055144471652,0.6052342266544262,-1,0,0.0,0
pareto_20201218,approach_c,67,5.44426438452636,-1.9304201262287155,0.8371472832106325,5.44426438452636,0.9999999999998164,17,0,0.0,0
pareto_20201218,approach_c,68,5.44426438452636,-1.9304201262287155,0.9521266344597016,5.44426438452636,0.9999999999998164,5,0,0.0,0
pareto_20201218,approach_c,69,5.44426438452636,-1.9304201262287155,0.550973943495523,2.173265080528347,0.3991843391560451,-1,0,0.0,0
pareto_20201218,approach_c,70,5.44426438452636,-1.9304201262287155,0.6978966967942024,5.44426438452636,0.9999999999998164,41,0,0.0,0
pareto_20201218,approach_c,71,5.44426438452636,-1.9304201262287155,1.0,5.44426438452636,0.9999999999998164,0,0,0.0,0
pareto_20201218,approach_c,72,5.44426438452636,-1.9304201262287155,1.0,5.44426438452636,0.9999999999998164,0,0,0.0,0
pareto_20201218,approach_c,73,5.44426438452636,-1.9304201262287155,0.7097728304743435,3.31642191643393,0.6091588655869149,-1,0,0.0,0
pareto_20201218,approach_c,74,5.44426438452636,-1.9304201262287155,0.8168639979027061,5.44426438452636,0.9999999999998164,26,0,0.0,0
pareto_20201218,approach_c,75,5.44426438452636,-1.9304201262287155,0.7541582555832754,5.44426438452636,0.9999999999998164,37,0,0.0,0
pareto_20201218,approach_c,76,5.44426438452636,-1.9304201262287155,0.7478393743716977,5.44426438452636,0.9999999999998164,51,0,0.0,0
pareto_20201218,approach_c,77,5.44426438452636,-1.9304201262287155,1.0,5.44426438452636,0.9999999999998164,0,0,0.0,0
pareto_20201218,approach_c,78,5.44426438452636,-1.9304201262287155,0.7716738244954641,5.44426438452636,0.9999999999998164,40,0,0.0,0
pareto_20201218,approach_c,79,5.44426438452636,-1.9304201262287155,0.7994024689606286,5.44426438452636,0.9999999999998164,23,0,0.0,0
pareto_20210112,approach_a,0,6.114679357715656,-1.6910003165941685,0.7474139381136857,5.007901563748517,0.8189965934074044,-1,0,0.0,0
pareto_20210112,approach_a,1,6.114679357715656,-1.6910003165941685,0.7145759339927724,3.8867505271241742,0.6356425741636214,-1,0,0.0,0
pareto_20210112,approach_a,2,6.114679357715656,-1.6910003165941685,0.7718095684270951,5.007901563748517,0.8189965934074044,-1,0,0.0,0
pareto_20210112,approach_a,3,6.114679357715656,-1.6910003165941685,1.0,6.114679357715656,0.9999999999998364,0,0,0.0,0
pareto_20210112,approach_a,4,6.114679357715656,-1.6910003165941685,0.6140667757362919,3.8867505271241742,0.6356425741636214,-1,0,0.0,0
pareto_20210112,approach_a,5,6.114679357715656,-1.6910003165941685,0.6991142789801994,5.007901563748517,0.8189965934074044,-1,0,0.0,0
pareto_20210112,approach_a,6,6.114679357715656,-1.6910003165941685,0.8052148269902357,5.007901563748517,0.8189965934074044,-1,0,0.0,0
pareto_20210112,approach_a,7,6.114679357715656,-1.6910003165941685,0.8074106550907677,5.007901563748517,0.8189965934074044,-1,0,0.0,0
pareto_20210112,approach_a,8,6.114679357715656,-1.6910003165941685,0.7960645471668051,5.007901563748517,0.8189965934074044,-1,0,0.0,0
pareto_20210112,approach_a,9,6.114679357715656,-1.6910003165941685,0.6335631840873347,3.8867505271241742,0.6356425741636214,-1,0,0.0,0
pareto_20210112,approach_a,10,6.114679357715656,-1.6910003165941685,0.8582086582915024,5.007901563748517,0.8189965934074044,-1,0,0.0,0
pareto_20210112,approach_a,11,6.114679357715656,-1.6910003165941685,0.7474087522939361,5.007901563748517,0.8189965934074044,-1,0,0.0,0
pareto_20210112,approach_a,12,6.114679357715656,-1.6910003165941685,0.7128312786552038,5.007901563748517,0.8189965934074044,-1,0,0.0,0
pareto_20210112,approach_a,13,6.114679357715656,-1.6910003165941685,0.717089757981936,5.007901563748517,0.8189965934074044,-1,0,0.0,0
pareto_20210112,approach_a,14,6.114679357715656,-1.6910003165941685,0.9563652391054094,6.114679357715656,0.9999999999998364,5,0,0.0,0
pareto_20210112,approach_a,15,6.114679357715656,-1.6910003165941685,0.8568454183049785,6.114679357715656,0.9999999999998364,30,0,0.0,0
pareto_20210112,approach_a,16,6.114679357715656,-1.6910003165941685,0.8582086582915024,5.007901563748517,0.8189965934074044,-1,0,0.0,0
pareto_20210112,approach_a,17,6.114679357715656,-1.6910003165941685,0.8218000160972285,6.114679357715656,0.9999999999998364,26,0,0.0,0
pareto_20210112,approach_a,18,6.114679357715656,-1.6910003165941685,0.8005277519505024,5.007901563748517,0.8189965934074044,-1,0,0.0,0
pareto_20210112,approach_a,19,6.114679357715656,-1.6910003165941685,1.0,6.114679357715656,0.9999999999998364,0,0,0.0,0
pareto_20210112,approach_a,20,6.114679357715656,-1.6910003165941685,0.8204806243279201,5.007901563748517,0.8189965934074044,-1,0,0.0,0
pareto_20210112,approach_a,21,6.114679357715656,-1.6910003165941685,0.7978645080717415,6.114679357715656,0.9999999999998364,28,0,0.0,0
pareto_20210112,approach_a,22,6.114679357715656,-1.6910003165941685,0.8522948732608483,6.114679357715656,0.9999999999998364,34,0,0.0,0
pareto_20210112,approach_a,23,6.114679357715656,-1.6910003165941685,0.6734593759319146,3.8867505271241742,0.6356425741636214,-1,0,0.0,0
pareto_20210112,approach_a,24,6.114679357715656,-1.6910003165941685,0.929073038519799,6.114679357715656,0.9999999999998364,18,0,0.0,0
pareto_20210112,approach_a,25,6.114679357715656,-1.6910003165941685,0.8002133303105758,5.007901563748517,0.8189965934074044,-1,0,0.0,0
pareto_20210112,approach_a,26,6.114679357715656,-1.6910003165941685,0.825783375573519,5.007901563748517,0.8189965934074044,-1,0,0.0,0
pareto_20210112,approach_a,27,6.114679357715656,-1.6910003165941685,0.7422963078856077,5.007901563748517,0.8189965934074044,-1,0,0.0,0
pareto_20210112,approach_a,28,6.114679357715656,-1.6910003165941685,0.7977379209889099,5.007901563748517,0.8189965934074044,-1,0,0.0,0
pareto_20210112,approach_a,29,6.114679357715656,-1.6910003165941685,0.7456368743787919,5.007901563748517,0.8189965934074044,-1,0,0.0,0
pareto_20210112,approach_a,30,6.114679357715656,-1.6910003165941685,0.8569624320188957,6.114679357715656,0.9999999999998364,24,0,0.0,0
pareto_20210112,approach_a,31,6.114679357715656,-1.6910003165941685,0.7459895344611425,5.007901563748517,0.8189965934074044,-1,0,0.0,0
pareto_20210112,approach_a,32,6.114679357715656,-1.6910003165941685,0.8897557134552305,6.114679357715656,0.9999999999998364,22,0,0.0,0
pareto_20210112,approach_a,33,6.114679357715656,-1.6910003165941685,0.6801445530137443,3.8867505271241742,0.6356425741636214,-1,0,0.0,0
pareto_20210112,approach_a,34,6.114679357715656,-1.6910003165941685,0.8936564937186269,6.114679357715656,0.9999999999998364,54,0,0.0,0
pareto_20210112,approach_a,35,6.114679357715656,-1.6910003165941685,1.0,6.114679357715656,0.9999999999998364,0,0,0.0,0
pareto_20210112,approach_a,36,6.114679357715656,-1.6910003165941685,0.7580885045264442,5.007901563748517,0.8189965934074044,-1,0,0.0,0
pareto_20210112,approach_a,37,6.114679357715656,-1.6910003165941685,0.9178739330357844,6.114679357715656,0.9999999999998364,12,0,0.0,0
pareto_20210112,approach_a,38,6.114679357715656,-1.6910003165941685,0.6950103910659637,5.007901563748517,0.8189965934074044,-1,0,0.0,0
pareto_20210112,approach_a,39,6.114679357715656,-1.6910003165941685,0.6627350150118444,5.007901563748517,0.8189965934074044,-1,0,0.0,0
pareto_20210112,approach_a,40,6.114679357715656,-1.6910003165941685,0.7202104731635253,6.114679357715656,0.9999999999998364,50,0,0.0,0
pareto_20210112,approach_a,41,6.114679357715656,-1.6910003165941685,1.0,6.114679357715656,0.9999999999998364,0,0,0.0,0
pareto_20210112,approach_a,42,6.114679357715656,-1.6910003165941685,0.7550197326717465,5.007901563748517,0.8189965934074044,-1,0,0.0,0
pareto_20210112,approach_a,43,6.114679357715656,-1.6910003165941685,0.7845145075421421,5.007901563748517,0.8189965934074044,-1,0,0.0,0
pareto_20210112,approach_a,44,6.114679357715656,-1.6910003165941685,0.9495732323048058,6.114679357715656,0.9999999999998364,5,0,0.0,0
pareto_20210112,approach_a,45,6.114679357715656,-1.6910003165941685,0.9160811152268012,6.114679357715656,0.9999999999998364,17,0,0.0,0
pareto_20210112,approach_a,46,6.114679357715656,-1.6910003165941685,0.9684908129536672,6.114679357715656,0.9999999999998364,16,0,0.0,0
pareto_20210112,approach_a,47,6.114679357715656,-1.6910003165941685,0.8582086582915024,5.007901563748517,0.8189965934074044,-1,0,0.0,0
pareto_20210112,approach_a,48,6.114679357715656,-1.6910003165941685,0.8109052623718461,5.007901563748517,0.8189965934074044,-1,0,0.0,0
pareto_20210112,approach_a,49,6.114679357715656,-1.6910003165941685,0.8582086582915024,5.007901563748517,0.8189965934074044,-1,0,0.0,0
pareto_20210112,approach_a,50,6.114679357715656,-1.6910003165941685,0.7999225497690311,5.007901563748517,0.8189965934074044,-1,0,0.0,0
pareto_20210112,approach_a,51,6.114679357715656,-1.6910003165941685,1.0,6.114679357715656,0.9999999999998364,0,0,0.0,0
pareto_20210112,approach_a,52,6.114679357715656,-1.6910003165941685,0.6965613880943651,6.114679357715656,0.9999999999998364,51,0,0.0,0
pareto_20210112,approach_a,53,6.114679357715656,-1.6910003165941685,0.8526811515624338,6.114679357715656,0.9999999999998364,31,0,0.0,0
pareto_20210112,approach_a,54,6.114679357715656,-1.6910003165941685,0.8748421280165337,6.114679357715656,0.9999999999998364,21,0,0.0,0
pareto_20210112,approach_a,55,6.114679357715656,-1.6910003165941685,0.769056160444098,5.007901563748517,0.8189965934074044,-1,0,0.0,0
pareto_20210112,approach_a,56,6.114679357715656,-1.6910003165941685,0.9724294613344588,6.114679357715656,0.9999999999998364,14,0,0.0,0
pareto_20210112,approach_a,57,6.114679357715656,-1.6910003165941685,0.8126724863096845,6.114679357715656,0.9999999999998364,60,0,0.0,0
pareto_20210112,approach_a,58,6.114679357715656,-1.6910003165941685,0.7674297174194616,5.007901563748517,0.8189965934074044,-1,0,0.0,0
pareto_20210112,approach_a,59,6.114679357715656,-1.6910003165941685,0.8563799937163457,6.114679357715656,0.9999999999998364,45,0,0.0,0
pareto_20210112,approach_a,60,6.114679357715656,-1.6910003165941685,0.7170993174890982,5.007901563748517,0.8189965934074044,-1,0,0.0,0
pareto_20210112,approach_a,61,6.114679357715656,-1.6910003165941685,0.9753179750667064,6.114679357715656,0.9999999999998364,5,0,0.0,0
pareto_20210112,approach_a,62,6.114679357715656,-1.6910003165941685,0.7848139950736075,5.007901563748517,0.8189965934074044,-1,0,0.0,0
pareto_20210112,approach_a,63,6.114679357715656,-1.6910003165941685,0.5972281659242049,5.007901563748517,0.8189965934074044,-1,0,0.0,0
pareto_20210112,approach_a,64,6.114679357715656,-1.6910003165941685,0.924243991106336,6.114679357715656,0.9999999999998364,10,0,0.0,0
pareto_20210112,approach_a,65,6.114679357715656,-1.6910003165941685,0.702470488092474,5.007901563748517,0.8189965934074044,-1,0,0.0,0
pareto_20210112,approach_a,66,6.114679357715656,-1.6910003165941685,0.7674432368883755,5.007901563748517,0.8189965934074044,-1,0,0.0,0
pareto_20210112,approach_a,67,6.114679357715656,-1.6910003165941685,0.8642474871147683,6.114679357715656,0.9999999999998364,23,0,0.0,0
pareto_20210112,approach_a,68,6.114679357715656,-1.6910003165941685,1.0,6.114679357715656,0.9999999999998364,0,0,0.0,0
pareto_20210112,approach_a,69,6.114679357715656,-1.6910003165941685,0.8026354247184897,5.007901563748517,0.8189965934074044,-1,0,0.0,0
pareto_20210112,approach_a,70,6.114679357715656,-1.6910003165941685,0.598971767107709,3.185571697980825,0.5209711763480566,-1,0,0.0,0
pareto_20210112,approach_a,71,6.114679357715656,-1.6910003165941685,0.7845279674963662,6.114679357715656,0.9999999999998364,45,0,0.0,0
pareto_20210112,approach_a,72,6.114679357715656,-1.6910003165941685,0.8954291508455986,6.114679357715656,0.9999999999998364,17,0,0.0,0
pareto_20210112,approach_a,73,6.114679357715656,-1.6910003165941685,0.6410737834051665,3.8867505271241742,0.6356425741636214,-1,0,0.0,0
pareto_20210112,approach_a,74,6.114679357715656,-1.6910003165941685,0.8796845498010144,6.114679357715656,0.9999999999998364,28,0,0.0,0
pareto_20210112,approach_a,75,6.114679357715656,-1.6910003165941685,0.7451237690012034,5.007901563748517,0.8189965934074044,-1,0,0.0,0
pareto_20210112,approach_a,76,6.114679357715656,-1.6910003165941685,0.8112976662685525,5.007901563748517,0.8189965934074044,-1,0,0.0,0
pareto_20210112,approach_a,77,6.114679357715656,-1.6910003165941685,0.7953353683666182,5.007901563748517,0.8189965934074044,-1,0,0.0,0
pareto_20210112,approach_a,78,6.114679357715656,-1.6910003165941685,0.6108435175528724,3.8867505271241742,0.6356425741636214,-1,0,0.0,0
pareto_20210112,approach_a,79,6.114679357715656,-1.6910003165941685,0.6281985992698793,3.8867505271241742,0.6356425741636214,-1,0,0.0,0
pareto_20210112,approach_b,0,6.114679357715656,-1.6910003165941685,0.7203556112325765,5.007901563748517,0.8189965934074044,-1,2,0.2777777777777778,0
pareto_20210112,approach_b,1,6.114679357715656,-1.6910003165941685,0.7145759339927724,3.8867505271241742,0.6356425741636214,-1,2,0.2777777777777778,0
pareto_20210112,approach_b,2,6.114679357715656,-1.6910003165941685,0.685410478562688,3.8867505271241742,0.6356425741636214,-1,2,0.2777777777777778,0
pareto_20210112,approach_b,3,6.114679357715656,-1.6910003165941685,1.0,6.114679357715656,0.9999999999998364,0,4,0.5555555555555556,0
pareto_20210112,approach_b,4,6.114679357715656,-1.6910003165941685,0.7199749610311713,5.007901563748517,0.8189965934074044,-1,2,0.2777777777777778,0
pareto_20210112,approach_b,5,6.114679357715656,-1.6910003165941685,0.7895676219046516,5.007901563748517,0.8189965934074044,-1,2,0.2777777777777778,0
pareto_20210112,approach_b,6,6.114679357715656,-1.6910003165941685,0.8052148269902357,5.007901563748517,0.8189965934074044,-1,2,0.2777777777777778,0
pareto_20210112,approach_b,7,6.114679357715656,-1.6910003165941685,0.7535101179682372,5.007901563748517,0.8189965934074044,-1,2,0.2777777777777778,0
pareto_20210112,approach_b,8,6.114679357715656,-1.6910003165941685,0.8315049311251358,5.007901563748517,0.8189965934074044,-1,2,0.2777777777777778,0
pareto_20210112,approach_b,9,6.114679357715656,-1.6910003165941685,0.6572539170385547,5.007901563748517,0.8189965934074044,-1,2,0.2777777777777778,0
pareto_20210112,approach_b,10,6.114679357715656,-1.6910003165941685,0.8582086582915024,5.007901563748517,0.8189965934074044,-1,2,0.2777777777777778,0
pareto_20210112,approach_b,11,6.114679357715656,-1.6910003165941685,0.8825053739871905,6.114679357715656,0.9999999999998364,29,2,0.2777777777777778,0
pareto_20210112,approach_b,12,6.114679357715656,-1.6910003165941685,0.7252587260627887,5.007901563748517,0.8189965934074044,-1,2,0.2777777777777778,0
pareto_20210112,approach_b,13,6.114679357715656,-1.6910003165941685,0.5520293273938338,3.185571697980825,0.5209711763480566,-1,2,0.2777777777777778,0
pareto_20210112,approach_b,14,6.114679357715656,-1.6910003165941685,0.6101350283771687,3.8867505271241742,0.6356425741636214,-1,2,0.2777777777777778,0
pareto_20210112,approach_b,15,6.114679357715656,-1.6910003165941685,0.781070645476091,5.007901563748517,0.8189965934074044,-1,2,0.2777777777777778,0
pareto_20210112,approach_b,16,6.114679357715656,-1.6910003165941685,0.8582086582915024,5.007901563748517,0.8189965934074044,-1,2,0.2777777777777778,0
pareto_20210112,approach_b,17,6.114679357715656,-1.6910003165941685,0.8317151599462496,6.114679357715656,0.9999999999998364,25,4,0.5555555555555556,0
pareto_20210112,approach_b,18,6.114679357715656,-1.6910003165941685,0.7057510581465957,6.114679357715656,0.9999999999998364,57,2,0.2777777777777778,0
pareto_20210112,approach_b,19,6.114679357715656,-1.6910003165941685,1.0,6.114679357715656,0.9999999999998364,0,2,0.2777777777777778,0
pareto_20210112,approach_b,20,6.114679357715656,-1.6910003165941685,0.7349972153011574,5.007901563748517,0.8189965934074044,-1,2,0.2777777777777778,0
pareto_20210112,approach_b,21,6.114679357715656,-1.6910003165941685,0.5770866374340665,3.4328742170248834,0.5614152461964559,-1,2,0.2777777777777778,0
pareto_20210112,approach_b,22,6.114679357715656,-1.6910003165941685,0.8357886966959964,5.007901563748517,0.8189965934074044,-1,2,0.2777777777777778,0
pareto_20210112,approach_b,23,6.114679357715656,-1.6910003165941685,0.7443816941224289,6.114679357715656,0.9999999999998364,39,2,0.2777777777777778,0
pareto_20210112,approach_b,24,6.114679357715656,-1.6910003165941685,0.7074621525391903,5.007901563748517,0.8189965934074044,-1,2,0.2777777777777778,0
pareto_20210112,approach_b,25,6.114679357715656,-1.6910003165941685,0.8265748430291788,5.007901563748517,0.8189965934074044,-1,2,0.2777777777777778,0
pareto_20210112,approach_b,26,6.114679357715656,-1.6910003165941685,0.7661771774789428,6.114679357715656,0.9999999999998364,56,2,0.2777777777777778,0
pareto_20210112,approach_b,27,6.114679357715656,-1.6910003165941685,0.7792738965123686,5.007901563748517,0.8189965934074044,-1,2,0.2777777777777778,0
pareto_20210112,approach_b,28,6.114679357715656,-1.6910003165941685,0.7483507846818563,5.007901563748517,0.8189965934074044,-1,2,0.2777777777777778,0
pareto_20210112,approach_b,29,6.114679357715656,-1.6910003165941685,0.8035101636873319,6.114679357715656,0.9999999999998364,27,2,0.2777777777777778,0
pareto_20210112,approach_b,30,6.114679357715656,-1.6910003165941685,0.7783971687818315,5.007901563748517,0.8189965934074044,-1,2,0.2777777777777778,0
pareto_20210112,approach_b,31,6.114679357715656,-1.6910003165941685,0.7810715615814166,5.007901563748517,0.8189965934074044,-1,2,0.2777777777777778,0
pareto_20210112,approach_b,32,6.114679357715656,-1.6910003165941685,0.8723937308089166,6.114679357715656,0.9999999999998364,18,2,0.2777777777777778,0
pareto_20210112,approach_b,33,6.114679357715656,-1.6910003165941685,0.885394156093908,6.114679357715656,0.9999999999998364,24,2,0.2777777777777778,0
pareto_20210112,approach_b,34,6.114679357715656,-1.6910003165941685,0.8582086582915024,5.007901563748517,0.8189965934074044,-1,2,0.2777777777777778,0
pareto_20210112,approach_b,35,6.114679357715656,-1.6910003165941685,1.0,6.114679357715656,0.9999999999998364,0,2,0.2777777777777778,0
pareto_20210112,approach_b,36,6.114679357715656,-1.6910003165941685,0.7518243200966238,5.007901563748517,0.8189965934074044,-1,2,0.2777777777777778,0
pareto_20210112,approach_b,37,6.114679357715656,-1.6910003165941685,0.6412783487927599,3.8867505271241742,0.6356425741636214,-1,2,0.2777777777777778,0
pareto_20210112,approach_b,38,6.114679357715656,-1.6910003165941685,0.7503957145892838,5.007901563748517,0.8189965934074044,-1,2,0.2777777777777778,0
pareto_20210112,approach_b,39,6.114679357715656,-1.6910003165941685,0.7837433124021843,5.007901563748517,0.8189965934074044,-1,2,0.2777777777777778,0
pareto_20210112,approach_b,40,6.114679357715656,-1.6910003165941685,0.8591755184782747,6.114679357715656,0.9999999999998364,37,2,0.2777777777777778,0
pareto_20210112,approach_b,41,6.114679357715656,-1.6910003165941685,1.0,6.114679357715656,0.9999999999998364,0,2,0.2777777777777778,0
pareto_20210112,approach_b,42,6.114679357715656,-1.6910003165941685,0.7056074228866278,5.007901563748517,0.8189965934074044,-1,2,0.2777777777777778,0
pareto_20210112,approach_b,43,6.114679357715656,-1.6910003165941685,0.7794976675175712,6.114679357715656,0.9999999999998364,37,2,0.2777777777777778,0
pareto_20210112,approach_b,44,6.114679357715656,-1.6910003165941685,0.7606938690601261,6.114679357715656,0.9999999999998364,29,2,0.2777777777777778,0
pareto_20210112,approach_b,45,6.114679357715656,-1.6910003165941685,0.8077682847550322,5.007901563748517,0.8189965934074044,-1,2,0.2777777777777778,0
pareto_20210112,approach_b,46,6.114679357715656,-1.6910003165941685,0.8582086582915024,5.007901563748517,0.8189965934074044,-1,2,0.2777777777777778,0
pareto_20210112,approach_b,47,6.114679357715656,-1.6910003165941685,0.8582086582915024,5.007901563748517,0.8189965934074044,-1,2,0.2777777777777778,0
pareto_20210112,approach_b,48,6.114679357715656,-1.6910003165941685,0.6662155879983638,6.114679357715656,0.9999999999998364,69,2,0.2777777777777778,0
pareto_20210112,approach_b,49,6.114679357715656,-1.6910003165941685,0.8582086582915024,5.007901563748517,0.8189965934074044,-1,2,0.2777777777777778,0
pareto_20210112,approach_b,50,6.114679357715656,-1.6910003165941685,0.8213025404854581,5.007901563748517,0.8189965934074044,-1,2,0.2777777777777778,0
pareto_20210112,approach_b,51,6.114679357715656,-1.6910003165941685,1.0,6.114679357715656,0.9999999999998364,0,2,0.2777777777777778,0
pareto_20210112,approach_b,52,6.114679357715656,-1.6910003165941685,0.8664766357169941,6.114679357715656,0.9999999999998364,15,2,0.2777777777777778,0
pareto_20210112,approach_b,53,6.114679357715656,-1.6910003165941685,0.7115637474487089,5.007901563748517,0.8189965934074044,-1,2,0.2777777777777778,0
pareto_20210112,approach_b,54,6.114679357715656,-1.6910003165941685,0.9327314209583912,6.114679357715656,0.9999999999998364,22,2,0.2777777777777778,0
pareto_20210112,approach_b,55,6.114679357715656,-1.6910003165941685,0.6903822777832611,5.007901563748517,0.8189965934074044,-1,2,0.2777777777777778,0
pareto_20210112,approach_b,56,6.114679357715656,-1.6910003165941685,0.8582086582915024,5.007901563748517,0.8189965934074044,-1,2,0.2777777777777778,0
pareto_20210112,approach_b,57,6.114679357715656,-1.6910003165941685,0.8014195564631295,5.007901563748517,0.8189965934074044,-1,2,0.2777777777777778,0
pareto_20210112,approach_b,58,6.114679357715656,-1.6910003165941685,0.7110350183107939,5.007901563748517,0.8189965934074044,-1,2,0.2777777777777778,0
pareto_20210112,approach_b,59,6.114679357715656,-1.6910003165941685,0.7203945689265225,6.114679357715656,0.9999999999998364,39,2,0.2777777777777778,0
pareto_20210112,approach_b,60,6.114679357715656,-1.6910003165941685,0.906266970337132,6.114679357715656,0.9999999999998364,18,2,0.2777777777777778,0
pareto_20210112,approach_b,61,6.114679357715656,-1.6910003165941685,0.748426668829773,5.007901563748517,0.8189965934074044,-1,2,0.2777777777777778,0
pareto_20210112,approach_b,62,6.114679357715656,-1.6910003165941685,0.8888908835473015,6.114679357715656,0.9999999999998364,14,2,0.2777777777777778,0
pareto_20210112,approach_b,63,6.114679357715656,-1.6910003165941685,0.765502011326727,6.114679357715656,0.9999999999998364,37,2,0.2777777777777778,0
pareto_20210112,approach_b,64,6.114679357715656,-1.6910003165941685,0.710279799534401,5.007901563748517,0.8189965934074044,-1,2,0.2777777777777778,0
pareto_20210112,approach_b,65,6.114679357715656,-1.6910003165941685,0.8802119337270226,6.114679357715656,0.9999999999998364,24,4,0.5555555555555556,0
pareto_20210112,approach_b,66,6.114679357715656,-1.6910003165941685,0.7159103302881741,5.007901563748517,0.8189965934074044,-1,2,0.2777777777777778,0
pareto_20210112,approach_b,67,6.114679357715656,-1.6910003165941685,0.8417973305010733,6.114679357715656,0.9999999999998364,35,2,0.2777777777777778,0
pareto_20210112,approach_b,68,6.114679357715656,-1.6910003165941685,1.0,6.114679357715656,0.9999999999998364,0,2,0.2777777777777778,0
pareto_20210112,approach_b,69,6.114679357715656,-1.6910003165941685,0.763740658624356,5.007901563748517,0.8189965934074044,-1,2,0.2777777777777778,0
pareto_20210112,approach_b,70,6.114679357715656,-1.6910003165941685,0.8719599010296852,6.114679357715656,0.9999999999998364,20,2,0.2777777777777778,0
pareto_20210112,approach_b,71,6.114679357715656,-1.6910003165941685,0.8667034746886958,6.114679357715656,0.9999999999998364,30,2,0.2777777777777778,0
pareto_20210112,approach_b,72,6.114679357715656,-1.6910003165941685,0.7907966941251168,5.007901563748517,0.8189965934074044,-1,4,0.5555555555555556,0
pareto_20210112,approach_b,73,6.114679357715656,-1.6910003165941685,0.8878808726903674,6.114679357715656,0.9999999999998364,44,2,0.2777777777777778,0
pareto_20210112,approach_b,74,6.114679357715656,-1.6910003165941685,0.8118951481027116,6.114679357715656,0.9999999999998364,30,2,0.2777777777777778,0
pareto_20210112,approach_b,75,6.114679357715656,-1.6910003165941685,0.8435993164570914,6.114679357715656,0.9999999999998364,21,2,0.2777777777777778,0
pareto_20210112,approach_b,76,6.114679357715656,-1.6910003165941685,0.6374668890424285,3.8867505271241742,0.6356425741636214,-1,2,0.2777777777777778,0
pareto_20210112,approach_b,77,6.114679357715656,-1.6910003165941685,0.7905011863907246,5.007901563748517,0.8189965934074044,-1,2,0.2777777777777778,0
pareto_20210112,approach_b,78,6.114679357715656,-1.6910003165941685,0.7591482477285738,6.114679357715656,0.9999999999998364,29,2,0.2777777777777778,0
pareto_20210112,approach_b,79,6.114679357715656,-1.6910003165941685,0.5297133927901551,3.185571697980825,0.5209711763480566,-1,2,0.2777777777777778,0
pareto_20210112,approach_c,0,6.114679357715656,-1.6910003165941685,0.8585839513804453,6.114679357715656,0.9999999999998364,20,0,0.0,0
pareto_20210112,approach_c,1,6.114679357715656,-1.6910003165941685,0.7624535087590157,5.007901563748517,0.8189965934074044,-1,0,0.0,0
pareto_20210112,approach_c,2,6.114679357715656,-1.6910003165941685,0.9654451650933886,6.114679357715656,0.9999999999998364,7,0,0.0,0
pareto_20210112,approach_c,3,6.114679357715656,-1.6910003165941685,1.0,6.114679357715656,0.9999999999998364,0,0,0.0,0
pareto_20210112,approach_c,4,6.114679357715656,-1.6910003165941685,0.5679862802943334,3.4328742170248834,0.5614152461964559,-1,0,0.0,0
pareto_20210112,approach_c,5,6.114679357715656,-1.6910003165941685,0.8814154617221583,6.114679357715656,0.9999999999998364,18,0,0.0,0
pareto_20210112,approach_c,6,6.114679357715656,-1.6910003165941685,0.6636876559315381,6.114679357715656,0.9999999999998364,53,0,0.0,0
pareto_20210112,approach_c,7,6.114679357715656,-1.6910003165941685,0.8515217942999357,6.114679357715656,0.9999999999998364,45,0,0.0,0
pareto_20210112,approach_c,8,6.114679357715656,-1.6910003165941685,0.6998770524196831,6.114679357715656,0.9999999999998364,62,0,0.0,0
pareto_20210112,approach_c,9,6.114679357715656,-1.6910003165941685,0.7565602368920001,6.114679357715656,0.9999999999998364,41,0,0.0,0
pareto_20210112,approach_c,10,6.114679357715656,-1.6910003165941685,0.9054724388610016,6.114679357715656,0.9999999999998364,48,0,0.0,0
pareto_20210112,approach_c,11,6.114679357715656,-1.6910003165941685,0.7251177678791543,6.114679357715656,0.9999999999998364,70,0,0.0,0
pareto_20210112,approach_c,12,6.114679357715656,-1.6910003165941685,0.5726434826273833,5.007901563748517,0.8189965934074044,-1,0,0.0,0
pareto_20210112,approach_c,13,6.114679357715656,-1.6910003165941685,0.5188014418360907,3.8867505271241742,0.6356425741636214,-1,0,0.0,0
pareto_20210112,approach_c,14,6.114679357715656,-1.6910003165941685,0.8024977767735314,5.007901563748517,0.8189965934074044,-1,0,0.0,0
pareto_20210112,approach_c,15,6.114679357715656,-1.6910003165941685,0.80344242371456,5.007901563748517,0.8189965934074044,-1,0,0.0,0
pareto_20210112,approach_c,16,6.114679357715656,-1.6910003165941685,0.9350123017169386,6.114679357715656,0.9999999999998364,33,0,0.0,0
pareto_20210112,approach_c,17,6.114679357715656,-1.6910003165941685,0.7751406107014173,6.114679357715656,0.9999999999998364,40,0,0.0,0
pareto_20210112,approach_c,18,6.114679357715656,-1.6910003165941685,0.7336571208690484,5.007901563748517,0.8189965934074044,-1,0,0.0,0
pareto_20210112,approach_c,19,6.114679357715656,-1.6910003165941685,1.0,6.114679357715656,0.9999999999998364,0,0,0.0,0
pareto_20210112,approach_c,20,6.114679357715656,-1.6910003165941685,0.9491697119653676,6.114679357715656,0.9999999999998364,7,0,0.0,0
pareto_20210112,approach_c,21,6.114679357715656,-1.6910003165941685,0.6761976810159331,6.114679357715656,0.9999999999998364,45,0,0.0,0
pareto_20210112,approach_c,22,6.114679357715656,-1.6910003165941685,0.9475099867118252,6.114679357715656,0.9999999999998364,11,0,0.0,0
pareto_20210112,approach_c,23,6.114679357715656,-1.6910003165941685,0.8936168783684697,6.114679357715656,0.9999999999998364,30,0,0.0,0
pareto_20210112,approach_c,24,6.114679357715656,-1.6910003165941685,0.8662975156510682,6.114679357715656,0.9999999999998364,15,0,0.0,0
pareto_20210112,approach_c,25,6.114679357715656,-1.6910003165941685,0.8833715421333674,6.114679357715656,0.9999999999998364,22,0,0.0,0
pareto_20210112,approach_c,26,6.114679357715656,-1.6910003165941685,0.749528137554575,6.114679357715656,0.9999999999998364,50,0,0.0,0
pareto_20210112,approach_c,27,6.114679357715656,-1.6910003165941685,0.806585148491764,5.007901563748517,0.8189965934074044,-1,0,0.0,0
pareto_20210112,approach_c,28,6.114679357715656,-1.6910003165941685,0.5235103455673029,3.340375640781934,0.546287948290603,-1,0,0.0,0
pareto_20210112,approach_c,29,6.114679357715656,-1.6910003165941685,0.6722261449402799,3.8867505271241742,0.6356425741636214,-1,0,0.0,0
pareto_20210112,approach_c,30,6.114679357715656,-1.6910003165941685,0.9028087133077856,6.114679357715656,0.9999999999998364,22,0,0.0,0
pareto_20210112,approach_c,31,6.114679357715656,-1.6910003165941685,0.8341033155696006,5.007901563748517,0.8189965934074044,-1,0,0.0,0
pareto_20210112,approach_c,32,6.114679357715656,-1.6910003165941685,0.8156337070278106,5.007901563748517,0.8189965934074044,-1,0,0.0,0
pareto_20210112,approach_c,33,6.114679357715656,-1.6910003165941685,0.8075769390605293,5.007901563748517,0.8189965934074044,-1,0,0.0,0
pareto_20210112,approach_c,34,6.114679357715656,-1.6910003165941685,0.9054724388610016,6.114679357715656,0.9999999999998364,48,0,0.0,0
pareto_20210112,approach_c,35,6.114679357715656,-1.6910003165941685,1.0,6.114679357715656,0.9999999999998364,0,0,0.0,0
pareto_20210112,approach_c,36,6.114679357715656,-1.6910003165941685,0.6271515367095204,3.8867505271241742,0.6356425741636214,-1,0,0.0,0
pareto_20210112,approach_c,37,6.114679357715656,-1.6910003165941685,0.5842999305338014,3.4328742170248834,0.5614152461964559,-1,0,0.0,0
pareto_20210112,approach_c,38,6.114679357715656,-1.6910003165941685,0.7177312860673793,5.007901563748517,0.8189965934074044,-1,0,0.0,0
pareto_20210112,approach_c,39,6.114679357715656,-1.6910003165941685,0.7482823944186104,6.114679357715656,0.9999999999998364,45,0,0.0,0
pareto_20210112,approach_c,40,6.114679357715656,-1.6910003165941685,0.807904613006726,5.007901563748517,0.8189965934074044,-1,0,0.0,0
pareto_20210112,approach_c,41,6.114679357715656,-1.6910003165941685,1.0,6.114679357715656,0.9999999999998364,0,0,0.0,0
pareto_20210112,approach_c,42,6.114679357715656,-1.6910003165941685,0.6398192183894862,5.007901563748517,0.8189965934074044,-1,0,0.0,0
pareto_20210112,approach_c,43,6.114679357715656,-1.6910003165941685,0.7959079389117837,6.114679357715656,0.9999999999998364,54,0,0.0,0
pareto_20210112,approach_c,44,6.114679357715656,-1.6910003165941685,0.6607229483527278,5.007901563748517,0.8189965934074044,-1,0,0.0,0
pareto_20210112,approach_c,45,6.114679357715656,-1.6910003165941685,0.8056418264366053,6.114679357715656,0.9999999999998364,55,0,0.0,0
pareto_20210112,approach_c,46,6.114679357715656,-1.6910003165941685,0.8582086582915024,5.007901563748517,0.8189965934074044,-1,0,0.0,0
pareto_20210112,approach_c,47,6.114679357715656,-1.6910003165941685,0.8582086582915024,5.007901563748517,0.8189965934074044,-1,0,0.0,0
pareto_20210112,approach_c,48,6.114679357715656,-1.6910003165941685,0.874905395648654,6.114679357715656,0.9999999999998364,15,0,0.0,0
pareto_20210112,approach_c,49,6.114679357715656,-1.6910003165941685,0.8582086582915024,5.007901563748517,0.8189965934074044,-1,0,0.0,0
pareto_20210112,approach_c,50,6.114679357715656,-1.6910003165941685,0.6711642497810534,5.007901563748517,0.8189965934074044,-1,0,0.0,0
pareto_20210112,approach_c,51,6.114679357715656,-1.6910003165941685,1.0,6.114679357715656,0.9999999999998364,0,0,0.0,0
pareto_20210112,approach_c,52,6.114679357715656,-1.6910003165941685,0.8440323602954658,6.114679357715656,0.9999999999998364,25,0,0.0,0
pareto_20210112,approach_c,53,6.114679357715656,-1.6910003165941685,0.8996727893989491,6.114679357715656,0.9999999999998364,13,0,0.0,0
pareto_20210112,approach_c,54,6.114679357715656,-1.6910003165941685,0.8081051007717144,6.114679357715656,0.9999999999998364,36,0,0.0,0
pareto_20210112,approach_c,55,6.114679357715656,-1.6910003165941685,0.7868570316045225,5.007901563748517,0.8189965934074044,-1,0,0.0,0
pareto_20210112,approach_c,56,6.114679357715656,-1.6910003165941685,0.8582086582915024,5.007901563748517,0.8189965934074044,-1,0,0.0,0
pareto_20210112,approach_c,57,6.114679357715656,-1.6910003165941685,0.6554029835138883,3.8867505271241742,0.6356425741636214,-1,0,0.0,0
pareto_20210112,approach_c,58,6.114679357715656,-1.6910003165941685,0.6033625966639422,6.114679357715656,0.9999999999998364,56,0,0.0,0
pareto_20210112,approach_c,59,6.114679357715656,-1.6910003165941685,0.7633682897465203,5.007901563748517,0.8189965934074044,-1,0,0.0,0
pareto_20210112,approach_c,60,6.114679357715656,-1.6910003165941685,0.90462269159304,6.114679357715656,0.9999999999998364,12,0,0.0,0
pareto_20210112,approach_c,61,6.114679357715656,-1.6910003165941685,0.8272258254669436,6.114679357715656,0.9999999999998364,35,0,0.0,0
pareto_20210112,approach_c,62,6.114679357715656,-1.6910003165941685,0.7125114934336148,5.007901563748517,0.8189965934074044,-1,0,0.0,0
pareto_20210112,approach_c,63,6.114679357715656,-1.6910003165941685,0.7667057815921586,6.114679357715656,0.9999999999998364,31,0,0.0,0
pareto_20210112,approach_c,64,6.114679357715656,-1.6910003165941685,0.8391480441526673,6.114679357715656,0.9999999999998364,52,0,0.0,0
pareto_20210112,approach_c,65,6.114679357715656,-1.6910003165941685,0.6723211165815453,6.114679357715656,0.9999999999998364,52,0,0.0,0
pareto_20210112,approach_c,66,6.114679357715656,-1.6910003165941685,0.88248801716359,6.114679357715656,0.9999999999998364,20,0,0.0,0
pareto_20210112,approach_c,67,6.114679357715656,-1.6910003165941685,0.8483981283113141,6.114679357715656,0.9999999999998364,41,0,0.0,0
pareto_20210112,approach_c,68,6.114679357715656,-1.6910003165941685,1.0,6.114679357715656,0.9999999999998364,0,0,0.0,0
pareto_20210112,approach_c,69,6.114679357715656,-1.6910003165941685,0.8721969397770016,6.114679357715656,0.9999999999998364,21,0,0.0,0
pareto_20210112,approach_c,70,6.114679357715656,-1.6910003165941685,0.6107371256093377,3.185571697980825,0.5209711763480566,-1,0,0.0,0
pareto_20210112,approach_c,71,6.114679357715656,-1.6910003165941685,0.5235869963709819,3.8867505271241742,0.6356425741636214,-1,0,0.0,0
pareto_20210112,approach_c,72,6.114679357715656,-1.6910003165941685,0.5771263507393986,3.8867505271241742,0.6356425741636214,-1,0,0.0,0
pareto_20210112,approach_c,73,6.114679357715656,-1.6910003165941685,0.8908832665951157,6.114679357715656,0.9999999999998364,24,0,0.0,0
pareto_20210112,approach_c,74,6.114679357715656,-1.6910003165941685,0.6058210006164734,3.340375640781934,0.546287948290603,-1,0,0.0,0
pareto_20210112,approach_c,75,6.114679357715656,-1.6910003165941685,0.6898185452840357,5.007901563748517,0.8189965934074044,-1,0,0.0,0
pareto_20210112,approach_c,76,6.114679357715656,-1.6910003165941685,0.7149628867593797,5.007901563748517,0.8189965934074044,-1,0,0.0,0
pareto_20210112,approach_c,77,6.114679357715656,-1.6910003165941685,0.8100613928366963,6.114679357715656,0.9999999999998364,26,0,0.0,0
pareto_20210112,approach_c,78,6.114679357715656,-1.6910003165941685,0.9145636472344872,6.114679357715656,0.9999999999998364,9,0,0.0,0
pareto_20210112,approach_c,79,6.114679357715656,-1.6910003165941685,0.7350084849974221,5.007901563748517,0.8189965934074044,-1,0,0.0,0
pareto_20201218,fixed_random,0,5.44426438452636,-1.9304201262287157,0.6037074502891929,5.44426438452636,0.9999999999998163,57,0,0.0,0
pareto_20201218,fixed_random,1,5.44426438452636,-1.9304201262287157,0.8477524884705564,5.44426438452636,0.9999999999998163,30,0,0.0,0
pareto_20201218,fixed_random,2,5.44426438452636,-1.9304201262287157,0.5244070338662313,2.1685893784688846,0.39832550833351,-1,0,0.0,0
pareto_20201218,fixed_random,3,5.44426438452636,-1.9304201262287157,1.0,5.44426438452636,0.9999999999998163,0,0,0.0,0
pareto_20201218,fixed_random,4,5.44426438452636,-1.9304201262287157,1.0,5.44426438452636,0.9999999999998163,0,0,0.0,0
pareto_20201218,fixed_random,5,5.44426438452636,-1.9304201262287157,0.9318306855754303,5.44426438452636,0.9999999999998163,6,0,0.0,0
pareto_20201218,fixed_random,6,5.44426438452636,-1.9304201262287157,0.8447826711263275,5.44426438452636,0.9999999999998163,17,0,0.0,0
pareto_20201218,fixed_random,7,5.44426438452636,-1.9304201262287157,0.6613280254844205,3.31642191643393,0.6091588655869149,-1,0,0.0,0
pareto_20201218,fixed_random,8,5.44426438452636,-1.9304201262287157,0.8673534246122961,5.44426438452636,0.9999999999998163,13,0,0.0,0
pareto_20201218,fixed_random,9,5.44426438452636,-1.9304201262287157,0.9124767502125531,5.44426438452636,0.9999999999998163,10,0,0.0,0
pareto_20201218,fixed_random,10,5.44426438452636,-1.9304201262287157,1.0,5.44426438452636,0.9999999999998163,0,0,0.0,0
pareto_20201218,fixed_random,11,5.44426438452636,-1.9304201262287157,0.8398862959344838,5.44426438452636,0.9999999999998163,25,0,0.0,0
pareto_20201218,fixed_random,12,5.44426438452636,-1.9304201262287157,0.8913374050531994,5.44426438452636,0.9999999999998163,12,0,0.0,0
pareto_20201218,fixed_random,13,5.44426438452636,-1.9304201262287157,0.8793998464243227,5.44426438452636,0.9999999999998163,15,0,0.0,0
pareto_20201218,fixed_random,14,5.44426438452636,-1.9304201262287157,1.0,5.44426438452636,0.9999999999998163,0,0,0.0,0
pareto_20201218,fixed_random,15,5.44426438452636,-1.9304201262287157,0.7446148587103942,5.44426438452636,0.9999999999998163,35,0,0.0,0
pareto_20201218,fixed_random,16,5.44426438452636,-1.9304201262287157,0.7114666444389273,3.31642191643393,0.6091588655869149,-1,0,0.0,0
pareto_20201218,fixed_random,17,5.44426438452636,-1.9304201262287157,0.7533039853680216,5.44426438452636,0.9999999999998163,33,0,0.0,0
pareto_20201218,fixed_random,18,5.44426438452636,-1.9304201262287157,0.7957516019750474,5.44426438452636,0.9999999999998163,31,0,0.0,0
pareto_20201218,fixed_random,19,5.44426438452636,-1.9304201262287157,1.0,5.44426438452636,0.9999999999998163,0,0,0.0,0
pareto_20201218,fixed_random,20,5.44426438452636,-1.9304201262287157,0.7220199773363726,5.44426438452636,0.9999999999998163,62,0,0.0,0
pareto_20201218,fixed_random,21,5.44426438452636,-1.9304201262287157,0.850140854804413,5.44426438452636,0.9999999999998163,19,0,0.0,0
pareto_20201218,fixed_random,22,5.44426438452636,-1.9304201262287157,0.7111546260770302,3.31642191643393,0.6091588655869149,-1,0,0.0,0
pareto_20201218,fixed_random,23,5.44426438452636,-1.9304201262287157,0.8636454826962529,5.44426438452636,0.9999999999998163,17,0,0.0,0
pareto_20201218,fixed_random,24,5.44426438452636,-1.9304201262287157,0.9196785510142763,5.44426438452636,0.9999999999998163,6,0,0.0,0
pareto_20201218,fixed_random,25,5.44426438452636,-1.9304201262287157,0.7863386618481868,5.44426438452636,0.9999999999998163,39,0,0.0,0
pareto_20201218,fixed_random,26,5.44426438452636,-1.9304201262287157,0.6158666147884967,5.44426438452636,0.9999999999998163,59,0,0.0,0
pareto_20201218,fixed_random,27,5.44426438452636,-1.9304201262287157,0.863878936260342,5.44426438452636,0.9999999999998163,18,0,0.0,0
pareto_20201218,fixed_random,28,5.44426438452636,-1.9304201262287157,0.8337221685623826,5.44426438452636,0.9999999999998163,20,0,0.0,0
pareto_20201218,fixed_random,29,5.44426438452636,-1.9304201262287157,0.8986956788310643,5.44426438452636,0.9999999999998163,11,0,0.0,0
pareto_20201218,fixed_random,30,5.44426438452636,-1.9304201262287157,0.8709244912660346,5.44426438452636,0.9999999999998163,18,0,0.0,0
pareto_20201218,fixed_random,31,5.44426438452636,-1.9304201262287157,0.8968783786892994,5.44426438452636,0.9999999999998163,23,0,0.0,0
pareto_20201218,fixed_random,32,5.44426438452636,-1.9304201262287157,0.8166520502315874,5.44426438452636,0.9999999999998163,28,0,0.0,0
pareto_20201218,fixed_random,33,5.44426438452636,-1.9304201262287157,1.0,5.44426438452636,0.9999999999998163,0,0,0.0,0
pareto_20201218,fixed_random,34,5.44426438452636,-1.9304201262287157,0.9289764047849667,5.44426438452636,0.9999999999998163,16,0,0.0,0
pareto_20201218,fixed_random,35,5.44426438452636,-1.9304201262287157,0.7580745403208369,5.44426438452636,0.9999999999998163,44,0,0.0,0
pareto_20201218,fixed_random,36,5.44426438452636,-1.9304201262287157,0.7661761214417072,5.44426438452636,0.9999999999998163,38,0,0.0,0
pareto_20201218,fixed_random,37,5.44426438452636,-1.9304201262287157,0.956304109666895,5.44426438452636,0.9999999999998163,7,0,0.0,0
pareto_20201218,fixed_random,38,5.44426438452636,-1.9304201262287157,0.8199039377552105,5.44426438452636,0.9999999999998163,22,0,0.0,0
pareto_20201218,fixed_random,39,5.44426438452636,-1.9304201262287157,0.6664182093603632,5.44426438452636,0.9999999999998163,48,0,0.0,0
pareto_20201218,fixed_random,40,5.44426438452636,-1.9304201262287157,0.8987919318768576,5.44426438452636,0.9999999999998163,12,0,0.0,0
pareto_20201218,fixed_random,41,5.44426438452636,-1.9304201262287157,0.911479138445065,5.44426438452636,0.9999999999998163,13,0,0.0,0
pareto_20201218,fixed_random,42,5.44426438452636,-1.9304201262287157,0.7841405225850149,5.44426438452636,0.9999999999998163,45,0,0.0,0
pareto_20201218,fixed_random,43,5.44426438452636,-1.9304201262287157,1.0,5.44426438452636,0.9999999999998163,0,0,0.0,0
pareto_20201218,fixed_random,44,5.44426438452636,-1.9304201262287157,0.956304109666895,5.44426438452636,0.9999999999998163,7,0,0.0,0
pareto_20201218,fixed_random,45,5.44426438452636,-1.9304201262287157,0.6926463980509666,5.44426438452636,0.9999999999998163,44,0,0.0,0
pareto_20201218,fixed_random,46,5.44426438452636,-1.9304201262287157,1.0,5.44426438452636,0.9999999999998163,0,0,0.0,0
pareto_20201218,fixed_random,47,5.44426438452636,-1.9304201262287157,1.0,5.44426438452636,0.9999999999998163,0,0,0.0,0
pareto_20201218,fixed_random,48,5.44426438452636,-1.9304201262287157,0.7306967655050123,5.44426438452636,0.9999999999998163,46,0,0.0,0
pareto_20201218,fixed_random,49,5.44426438452636,-1.9304201262287157,1.0,5.44426438452636,0.9999999999998163,0,0,0.0,0
pareto_20201218,fixed_random,50,5.44426438452636,-1.9304201262287157,0.8712697336727522,5.44426438452636,0.9999999999998163,29,0,0.0,0
pareto_20201218,fixed_random,51,5.44426438452636,-1.9304201262287157,0.6450283704673587,5.44426438452636,0.9999999999998163,50,0,0.0,0
pareto_20201218,fixed_random,52,5.44426438452636,-1.9304201262287157,1.0,5.44426438452636,0.9999999999998163,0,0,0.0,0
pareto_20201218,fixed_random,53,5.44426438452636,-1.9304201262287157,0.8289425981603686,5.44426438452636,0.9999999999998163,28,0,0.0,0
pareto_20201218,fixed_random,54,5.44426438452636,-1.9304201262287157,0.8684176439725849,5.44426438452636,0.9999999999998163,13,0,0.0,0
pareto_20201218,fixed_random,55,5.44426438452636,-1.9304201262287157,0.9344095124571737,5.44426438452636,0.9999999999998163,11,0,0.0,0
pareto_20201218,fixed_random,56,5.44426438452636,-1.9304201262287157,0.6863658790099283,5.44426438452636,0.9999999999998163,44,0,0.0,0
pareto_20201218,fixed_random,57,5.44426438452636,-1.9304201262287157,0.8741147845384819,5.44426438452636,0.9999999999998163,19,0,0.0,0
pareto_20201218,fixed_random,58,5.44426438452636,-1.9304201262287157,0.47840513772809473,2.4520041894537785,0.45038301160068434,-1,0,0.0,0
pareto_20201218,fixed_random,59,5.44426438452636,-1.9304201262287157,0.9686151587315259,5.44426438452636,0.9999999999998163,7,0,0.0,0
pareto_20201218,fixed_random,60,5.44426438452636,-1.9304201262287157,0.9461974149683302,5.44426438452636,0.9999999999998163,12,0,0.0,0
pareto_20201218,fixed_random,61,5.44426438452636,-1.9304201262287157,1.0,5.44426438452636,0.9999999999998163,0,0,0.0,0
pareto_20201218,fixed_random,62,5.44426438452636,-1.9304201262287157,0.8072981489781758,5.44426438452636,0.9999999999998163,27,0,0.0,0
pareto_20201218,fixed_random,63,5.44426438452636,-1.9304201262287157,0.8908198637824541,5.44426438452636,0.9999999999998163,16,0,0.0,0
pareto_20201218,fixed_random,64,5.44426438452636,-1.9304201262287157,0.693441224717224,5.44426438452636,0.9999999999998163,37,0,0.0,0
pareto_20201218,fixed_random,65,5.44426438452636,-1.9304201262287157,0.5425405075401988,3.31642191643393,0.6091588655869149,-1,0,0.0,0
pareto_20201218,fixed_random,66,5.44426438452636,-1.9304201262287157,0.8703240682345487,5.44426438452636,0.9999999999998163,25,0,0.0,0
pareto_20201218,fixed_random,67,5.44426438452636,-1.9304201262287157,0.8024737123565191,5.44426438452636,0.9999999999998163,25,0,0.0,0
pareto_20201218,fixed_random,68,5.44426438452636,-1.9304201262287157,0.8276157875779278,5.44426438452636,0.9999999999998163,19,0,0.0,0
pareto_20201218,fixed_random,69,5.44426438452636,-1.9304201262287157,0.9143547328791892,5.44426438452636,0.9999999999998163,12,0,0.0,0
pareto_20201218,fixed_random,70,5.44426438452636,-1.9304201262287157,0.5875397552595293,5.44426438452636,0.9999999999998163,57,0,0.0,0
pareto_20201218,fixed_random,71,5.44426438452636,-1.9304201262287157,1.0,5.44426438452636,0.9999999999998163,0,0,0.0,0
pareto_20201218,fixed_random,72,5.44426438452636,-1.9304201262287157,1.0,5.44426438452636,0.9999999999998163,0,0,0.0,0
pareto_20201218,fixed_random,73,5.44426438452636,-1.9304201262287157,0.7847896598733207,5.44426438452636,0.9999999999998163,48,0,0.0,0
pareto_20201218,fixed_random,74,5.44426438452636,-1.9304201262287157,0.9643144720329955,5.44426438452636,0.9999999999998163,5,0,0.0,0
pareto_20201218,fixed_random,75,5.44426438452636,-1.9304201262287157,0.5157592967074979,2.5157953071410795,0.46210013501383007,-1,0,0.0,0
pareto_20201218,fixed_random,76,5.44426438452636,-1.9304201262287157,0.795400891723244,5.44426438452636,0.9999999999998163,38,0,0.0,0
pareto_20201218,fixed_random,77,5.44426438452636,-1.9304201262287157,1.0,5.44426438452636,0.9999999999998163,0,0,0.0,0
pareto_20201218,fixed_random,78,5.44426438452636,-1.9304201262287157,0.9138279420274631,5.44426438452636,0.9999999999998163,9,0,0.0,0
pareto_20201218,fixed_random,79,5.44426438452636,-1.9304201262287157,0.8605834380481353,5.44426438452636,0.9999999999998163,16,0,0.0,0
pareto_20201218,fixed_lhs,0,5.44426438452636,-1.9304201262287157,0.6839628270843303,5.44426438452636,0.9999999999998163,43,0,0.0,0
pareto_20201218,fixed_lhs,1,5.44426438452636,-1.9304201262287157,0.6898476529907954,3.295055144471652,0.6052342266544262,-1,0,0.0,0
pareto_20201218,fixed_lhs,2,5.44426438452636,-1.9304201262287157,0.8627427283053452,5.44426438452636,0.9999999999998163,20,0,0.0,0
pareto_20201218,fixed_lhs,3,5.44426438452636,-1.9304201262287157,1.0,5.44426438452636,0.9999999999998163,0,0,0.0,0
pareto_20201218,fixed_lhs,4,5.44426438452636,-1.9304201262287157,1.0,5.44426438452636,0.9999999999998163,0,0,0.0,0
pareto_20201218,fixed_lhs,5,5.44426438452636,-1.9304201262287157,0.7949633710458691,5.44426438452636,0.9999999999998163,22,0,0.0,0
pareto_20201218,fixed_lhs,6,5.44426438452636,-1.9304201262287157,0.8669829204996968,5.44426438452636,0.9999999999998163,15,0,0.0,0
pareto_20201218,fixed_lhs,7,5.44426438452636,-1.9304201262287157,0.7229227945868548,5.44426438452636,0.9999999999998163,36,0,0.0,0
pareto_20201218,fixed_lhs,8,5.44426438452636,-1.9304201262287157,0.8638602658877488,5.44426438452636,0.9999999999998163,16,0,0.0,0
pareto_20201218,fixed_lhs,9,5.44426438452636,-1.9304201262287157,0.6302424987001319,5.44426438452636,0.9999999999998163,48,0,0.0,0
pareto_20201218,fixed_lhs,10,5.44426438452636,-1.9304201262287157,1.0,5.44426438452636,0.9999999999998163,0,0,0.0,0
pareto_20201218,fixed_lhs,11,5.44426438452636,-1.9304201262287157,0.8293931400082818,5.44426438452636,0.9999999999998163,32,0,0.0,0
pareto_20201218,fixed_lhs,12,5.44426438452636,-1.9304201262287157,0.8762641381049563,5.44426438452636,0.9999999999998163,14,0,0.0,0
pareto_20201218,fixed_lhs,13,5.44426438452636,-1.9304201262287157,0.8545842619415271,5.44426438452636,0.9999999999998163,19,0,0.0,0
pareto_20201218,fixed_lhs,14,5.44426438452636,-1.9304201262287157,1.0,5.44426438452636,0.9999999999998163,0,0,0.0,0
pareto_20201218,fixed_lhs,15,5.44426438452636,-1.9304201262287157,0.8437853885878873,5.44426438452636,0.9999999999998163,26,0,0.0,0
pareto_20201218,fixed_lhs,16,5.44426438452636,-1.9304201262287157,0.7114666444389273,3.31642191643393,0.6091588655869149,-1,0,0.0,0
pareto_20201218,fixed_lhs,17,5.44426438452636,-1.9304201262287157,0.797373161809745,5.44426438452636,0.9999999999998163,25,0,0.0,0
pareto_20201218,fixed_lhs,18,5.44426438452636,-1.9304201262287157,0.6731736887300682,5.44426438452636,0.9999999999998163,47,0,0.0,0
pareto_20201218,fixed_lhs,19,5.44426438452636,-1.9304201262287157,1.0,5.44426438452636,0.9999999999998163,0,0,0.0,0
pareto_20201218,fixed_lhs,20,5.44426438452636,-1.9304201262287157,0.8296251473997123,5.44426438452636,0.9999999999998163,38,0,0.0,0
pareto_20201218,fixed_lhs,21,5.44426438452636,-1.9304201262287157,0.7852012836545321,5.44426438452636,0.9999999999998163,25,0,0.0,0
pareto_20201218,fixed_lhs,22,5.44426438452636,-1.9304201262287157,0.7090596456471504,3.31642191643393,0.6091588655869149,-1,0,0.0,0
pareto_20201218,fixed_lhs,23,5.44426438452636,-1.9304201262287157,0.6710436098796254,5.44426438452636,0.9999999999998163,58,0,0.0,0
pareto_20201218,fixed_lhs,24,5.44426438452636,-1.9304201262287157,0.7227374976191505,5.44426438452636,0.9999999999998163,33,0,0.0,0
pareto_20201218,fixed_lhs,25,5.44426438452636,-1.9304201262287157,0.8685989907885342,5.44426438452636,0.9999999999998163,22,0,0.0,0
pareto_20201218,fixed_lhs,26,5.44426438452636,-1.9304201262287157,0.8569472400106848,5.44426438452636,0.9999999999998163,16,0,0.0,0
pareto_20201218,fixed_lhs,27,5.44426438452636,-1.9304201262287157,0.8696778192148829,5.44426438452636,0.9999999999998163,15,0,0.0,0
pareto_20201218,fixed_lhs,28,5.44426438452636,-1.9304201262287157,0.879890536677418,5.44426438452636,0.9999999999998163,13,0,0.0,0
pareto_20201218,fixed_lhs,29,5.44426438452636,-1.9304201262287157,0.7530476491937739,5.44426438452636,0.9999999999998163,33,0,0.0,0
pareto_20201218,fixed_lhs,30,5.44426438452636,-1.9304201262287157,0.8668855536006433,5.44426438452636,0.9999999999998163,22,0,0.0,0
pareto_20201218,fixed_lhs,31,5.44426438452636,-1.9304201262287157,0.8879112811840212,5.44426438452636,0.9999999999998163,25,0,0.0,0
pareto_20201218,fixed_lhs,32,5.44426438452636,-1.9304201262287157,0.7133574421090533,5.44426438452636,0.9999999999998163,56,0,0.0,0
pareto_20201218,fixed_lhs,33,5.44426438452636,-1.9304201262287157,1.0,5.44426438452636,0.9999999999998163,0,0,0.0,0
pareto_20201218,fixed_lhs,34,5.44426438452636,-1.9304201262287157,0.7780512649530209,5.44426438452636,0.9999999999998163,50,0,0.0,0
pareto_20201218,fixed_lhs,35,5.44426438452636,-1.9304201262287157,0.7949946196897087,5.44426438452636,0.9999999999998163,30,0,0.0,0
pareto_20201218,fixed_lhs,36,5.44426438452636,-1.9304201262287157,0.8838302844908349,5.44426438452636,0.9999999999998163,17,0,0.0,0
pareto_20201218,fixed_lhs,37,5.44426438452636,-1.9304201262287157,0.6915615808010769,3.31642191643393,0.6091588655869149,-1,0,0.0,0
pareto_20201218,fixed_lhs,38,5.44426438452636,-1.9304201262287157,0.7214867272317386,5.44426438452636,0.9999999999998163,46,0,0.0,0
pareto_20201218,fixed_lhs,39,5.44426438452636,-1.9304201262287157,0.7746993337004473,5.44426438452636,0.9999999999998163,43,0,0.0,0
pareto_20201218,fixed_lhs,40,5.44426438452636,-1.9304201262287157,0.804912042959345,5.44426438452636,0.9999999999998163,31,0,0.0,0
pareto_20201218,fixed_lhs,41,5.44426438452636,-1.9304201262287157,0.8370521467681197,5.44426438452636,0.9999999999998163,21,0,0.0,0
pareto_20201218,fixed_lhs,42,5.44426438452636,-1.9304201262287157,0.856496233782796,5.44426438452636,0.9999999999998163,21,0,0.0,0
pareto_20201218,fixed_lhs,43,5.44426438452636,-1.9304201262287157,1.0,5.44426438452636,0.9999999999998163,0,0,0.0,0
pareto_20201218,fixed_lhs,44,5.44426438452636,-1.9304201262287157,0.7291935069074764,5.44426438452636,0.9999999999998163,45,0,0.0,0
pareto_20201218,fixed_lhs,45,5.44426438452636,-1.9304201262287157,0.7809221181466811,5.44426438452636,0.9999999999998163,33,0,0.0,0
pareto_20201218,fixed_lhs,46,5.44426438452636,-1.9304201262287157,1.0,5.44426438452636,0.9999999999998163,0,0,0.0,0
pareto_20201218,fixed_lhs,47,5.44426438452636,-1.9304201262287157,1.0,5.44426438452636,0.9999999999998163,0,0,0.0,0
pareto_20201218,fixed_lhs,48,5.44426438452636,-1.9304201262287157,0.8615833001006623,5.44426438452636,0.9999999999998163,18,0,0.0,0
pareto_20201218,fixed_lhs,49,5.44426438452636,-1.9304201262287157,1.0,5.44426438452636,0.9999999999998163,0,0,0.0,0
pareto_20201218,fixed_lhs,50,5.44426438452636,-1.9304201262287157,0.8579528095699335,5.44426438452636,0.9999999999998163,32,0,0.0,0
pareto_20201218,fixed_lhs,51,5.44426438452636,-1.9304201262287157,0.8555067814176005,5.44426438452636,0.9999999999998163,25,0,0.0,0
pareto_20201218,fixed_lhs,52,5.44426438452636,-1.9304201262287157,1.0,5.44426438452636,0.9999999999998163,0,0,0.0,0
pareto_20201218,fixed_lhs,53,5.44426438452636,-1.9304201262287157,0.7131049889693978,5.44426438452636,0.9999999999998163,60,0,0.0,0
pareto_20201218,fixed_lhs,54,5.44426438452636,-1.9304201262287157,0.7339804059012631,5.44426438452636,0.9999999999998163,40,0,0.0,0
pareto_20201218,fixed_lhs,55,5.44426438452636,-1.9304201262287157,0.8313351423372546,5.44426438452636,0.9999999999998163,25,0,0.0,0
pareto_20201218,fixed_lhs,56,5.44426438452636,-1.9304201262287157,0.6630286625173263,5.44426438452636,0.9999999999998163,45,0,0.0,0
pareto_20201218,fixed_lhs,57,5.44426438452636,-1.9304201262287157,0.8237982790756464,5.44426438452636,0.9999999999998163,26,0,0.0,0
pareto_20201218,fixed_lhs,58,5.44426438452636,-1.9304201262287157,0.8724188431367624,5.44426438452636,0.9999999999998163,20,0,0.0,0
pareto_20201218,fixed_lhs,59,5.44426438452636,-1.9304201262287157,0.9192961224524953,5.44426438452636,0.9999999999998163,18,0,0.0,0
pareto_20201218,fixed_lhs,60,5.44426438452636,-1.9304201262287157,0.825141598647073,5.44426438452636,0.9999999999998163,39,0,0.0,0
pareto_20201218,fixed_lhs,61,5.44426438452636,-1.9304201262287157,1.0,5.44426438452636,0.9999999999998163,0,0,0.0,0
pareto_20201218,fixed_lhs,62,5.44426438452636,-1.9304201262287157,0.7234289258405168,5.44426438452636,0.9999999999998163,53,0,0.0,0
pareto_20201218,fixed_lhs,63,5.44426438452636,-1.9304201262287157,0.8578097361243515,5.44426438452636,0.9999999999998163,24,0,0.0,0
pareto_20201218,fixed_lhs,64,5.44426438452636,-1.9304201262287157,0.6297292427097091,3.295055144471652,0.6052342266544262,-1,0,0.0,0
pareto_20201218,fixed_lhs,65,5.44426438452636,-1.9304201262287157,0.7789991574186276,5.44426438452636,0.9999999999998163,39,0,0.0,0
pareto_20201218,fixed_lhs,66,5.44426438452636,-1.9304201262287157,0.637784181150644,3.31642191643393,0.6091588655869149,-1,0,0.0,0
pareto_20201218,fixed_lhs,67,5.44426438452636,-1.9304201262287157,0.8191065167866882,5.44426438452636,0.9999999999998163,20,0,0.0,0
pareto_20201218,fixed_lhs,68,5.44426438452636,-1.9304201262287157,0.7610693053313952,5.44426438452636,0.9999999999998163,33,0,0.0,0
pareto_20201218,fixed_lhs,69,5.44426438452636,-1.9304201262287157,0.8181873551077808,5.44426438452636,0.9999999999998163,37,0,0.0,0
pareto_20201218,fixed_lhs,70,5.44426438452636,-1.9304201262287157,0.942551961351642,5.44426438452636,0.9999999999998163,6,0,0.0,0
pareto_20201218,fixed_lhs,71,5.44426438452636,-1.9304201262287157,1.0,5.44426438452636,0.9999999999998163,0,0,0.0,0
pareto_20201218,fixed_lhs,72,5.44426438452636,-1.9304201262287157,1.0,5.44426438452636,0.9999999999998163,0,0,0.0,0
pareto_20201218,fixed_lhs,73,5.44426438452636,-1.9304201262287157,0.8430757936576296,5.44426438452636,0.9999999999998163,35,0,0.0,0
pareto_20201218,fixed_lhs,74,5.44426438452636,-1.9304201262287157,0.8945905459567552,5.44426438452636,0.9999999999998163,17,0,0.0,0
pareto_20201218,fixed_lhs,75,5.44426438452636,-1.9304201262287157,0.8835890131937556,5.44426438452636,0.9999999999998163,19,0,0.0,0
pareto_20201218,fixed_lhs,76,5.44426438452636,-1.9304201262287157,0.7920257246097833,5.44426438452636,0.9999999999998163,38,0,0.0,0
pareto_20201218,fixed_lhs,77,5.44426438452636,-1.9304201262287157,1.0,5.44426438452636,0.9999999999998163,0,0,0.0,0
pareto_20201218,fixed_lhs,78,5.44426438452636,-1.9304201262287157,0.6124409397974788,3.31642191643393,0.6091588655869149,-1,0,0.0,0
pareto_20201218,fixed_lhs,79,5.44426438452636,-1.9304201262287157,0.8602169200055906,5.44426438452636,0.9999999999998163,22,0,0.0,0
pareto_20201218,fixed_ucb_low,0,5.44426438452636,-1.9304201262287157,0.44595703859731833,2.173265080528347,0.3991843391560451,-1,0,0.0,0
pareto_20201218,fixed_ucb_low,1,5.44426438452636,-1.9304201262287157,0.9590574489184204,5.44426438452636,0.9999999999998163,6,0,0.0,0
pareto_20201218,fixed_ucb_low,2,5.44426438452636,-1.9304201262287157,0.4961587668183162,3.31642191643393,0.6091588655869149,-1,0,0.0,0
pareto_20201218,fixed_ucb_low,3,5.44426438452636,-1.9304201262287157,1.0,5.44426438452636,0.9999999999998163,0,0,0.0,0
pareto_20201218,fixed_ucb_low,4,5.44426438452636,-1.9304201262287157,1.0,5.44426438452636,0.9999999999998163,0,0,0.0,0
pareto_20201218,fixed_ucb_low,5,5.44426438452636,-1.9304201262287157,0.8396768329097956,5.44426438452636,0.9999999999998163,28,0,0.0,0
pareto_20201218,fixed_ucb_low,6,5.44426438452636,-1.9304201262287157,0.875579707574556,5.44426438452636,0.9999999999998163,13,0,0.0,0
pareto_20201218,fixed_ucb_low,7,5.44426438452636,-1.9304201262287157,0.6378689486680985,3.31642191643393,0.6091588655869149,-1,0,0.0,0
pareto_20201218,fixed_ucb_low,8,5.44426438452636,-1.9304201262287157,0.6308924528615492,3.31642191643393,0.6091588655869149,-1,0,0.0,0
pareto_20201218,fixed_ucb_low,9,5.44426438452636,-1.9304201262287157,0.6301490609811089,3.295055144471652,0.6052342266544262,-1,0,0.0,0
pareto_20201218,fixed_ucb_low,10,5.44426438452636,-1.9304201262287157,1.0,5.44426438452636,0.9999999999998163,0,0,0.0,0
pareto_20201218,fixed_ucb_low,11,5.44426438452636,-1.9304201262287157,0.7644755154177703,5.44426438452636,0.9999999999998163,33,0,0.0,0
pareto_20201218,fixed_ucb_low,12,5.44426438452636,-1.9304201262287157,0.46237003422275214,1.9178547519686475,0.3522706864529219,-1,0,0.0,0
pareto_20201218,fixed_ucb_low,13,5.44426438452636,-1.9304201262287157,0.6701499146839989,5.44426438452636,0.9999999999998163,40,0,0.0,0
pareto_20201218,fixed_ucb_low,14,5.44426438452636,-1.9304201262287157,1.0,5.44426438452636,0.9999999999998163,0,0,0.0,0
pareto_20201218,fixed_ucb_low,15,5.44426438452636,-1.9304201262287157,0.6570342840819121,3.295055144471652,0.6052342266544262,-1,0,0.0,0
pareto_20201218,fixed_ucb_low,16,5.44426438452636,-1.9304201262287157,0.7114666444389273,3.31642191643393,0.6091588655869149,-1,0,0.0,0
pareto_20201218,fixed_ucb_low,17,5.44426438452636,-1.9304201262287157,0.4776359925077059,3.295055144471652,0.6052342266544262,-1,0,0.0,0
pareto_20201218,fixed_ucb_low,18,5.44426438452636,-1.9304201262287157,0.762803082319411,5.44426438452636,0.9999999999998163,34,0,0.0,0
pareto_20201218,fixed_ucb_low,19,5.44426438452636,-1.9304201262287157,1.0,5.44426438452636,0.9999999999998163,0,0,0.0,0
pareto_20201218,fixed_ucb_low,20,5.44426438452636,-1.9304201262287157,0.7085693310784551,3.295055144471652,0.6052342266544262,-1,0,0.0,0
pareto_20201218,fixed_ucb_low,21,5.44426438452636,-1.9304201262287157,0.7625436342340932,5.44426438452636,0.9999999999998163,32,0,0.0,0
pareto_20201218,fixed_ucb_low,22,5.44426438452636,-1.9304201262287157,0.7085693310784551,3.295055144471652,0.6052342266544262,-1,0,0.0,0
pareto_20201218,fixed_ucb_low,23,5.44426438452636,-1.9304201262287157,0.48220982445251076,2.0230607498933537,0.3715948761861947,-1,0,0.0,0
pareto_20201218,fixed_ucb_low,24,5.44426438452636,-1.9304201262287157,0.4601812434795716,3.31642191643393,0.6091588655869149,-1,0,0.0,0
pareto_20201218,fixed_ucb_low,25,5.44426438452636,-1.9304201262287157,0.697157941562985,3.31642191643393,0.6091588655869149,-1,0,0.0,0
pareto_20201218,fixed_ucb_low,26,5.44426438452636,-1.9304201262287157,0.3776462479761223,0.8546018092655643,0.15697287069569013,-1,0,0.0,0
pareto_20201218,fixed_ucb_low,27,5.44426438452636,-1.9304201262287157,0.5053460013303949,2.173265080528347,0.3991843391560451,-1,0,0.0,0
pareto_20201218,fixed_ucb_low,28,5.44426438452636,-1.9304201262287157,0.4567542737384798,3.295055144471652,0.6052342266544262,-1,0,0.0,0
pareto_20201218,fixed_ucb_low,29,5.44426438452636,-1.9304201262287157,0.664893060962129,3.295055144471652,0.6052342266544262,-1,0,0.0,0
pareto_20201218,fixed_ucb_low,30,5.44426438452636,-1.9304201262287157,0.6910434080029414,3.31642191643393,0.6091588655869149,-1,0,0.0,0
pareto_20201218,fixed_ucb_low,31,5.44426438452636,-1.9304201262287157,0.7102631450430388,3.31642191643393,0.6091588655869149,-1,0,0.0,0
pareto_20201218,fixed_ucb_low,32,5.44426438452636,-1.9304201262287157,0.5945120536494742,3.31642191643393,0.6091588655869149,-1,0,0.0,0
pareto_20201218,fixed_ucb_low,33,5.44426438452636,-1.9304201262287157,1.0,5.44426438452636,0.9999999999998163,0,0,0.0,0
pareto_20201218,fixed_ucb_low,34,5.44426438452636,-1.9304201262287157,0.9467323035887251,5.44426438452636,0.9999999999998163,12,0,0.0,0
pareto_20201218,fixed_ucb_low,35,5.44426438452636,-1.9304201262287157,0.6850696918347496,3.295055144471652,0.6052342266544262,-1,0,0.0,0
pareto_20201218,fixed_ucb_low,36,5.44426438452636,-1.9304201262287157,0.5840212430868157,3.295055144471652,0.6052342266544262,-1,0,0.0,0
pareto_20201218,fixed_ucb_low,37,5.44426438452636,-1.9304201262287157,0.8813968690958581,5.44426438452636,0.9999999999998163,19,0,0.0,0
pareto_20201218,fixed_ucb_low,38,5.44426438452636,-1.9304201262287157,0.6263233786097798,3.295055144471652,0.6052342266544262,-1,0,0.0,0
pareto_20201218,fixed_ucb_low,39,5.44426438452636,-1.9304201262287157,0.5360881364289415,2.0230607498933537,0.3715948761861947,-1,0,0.0,0
pareto_20201218,fixed_ucb_low,40,5.44426438452636,-1.9304201262287157,0.7130789624399367,5.44426438452636,0.9999999999998163,33,0,0.0,0
pareto_20201218,fixed_ucb_low,41,5.44426438452636,-1.9304201262287157,0.6631404083863499,3.295055144471652,0.6052342266544262,-1,0,0.0,0
pareto_20201218,fixed_ucb_low,42,5.44426438452636,-1.9304201262287157,0.5558216759943689,2.1685893784688846,0.39832550833351,-1,0,0.0,0
pareto_20201218,fixed_ucb_low,43,5.44426438452636,-1.9304201262287157,1.0,5.44426438452636,0.9999999999998163,0,0,0.0,0
pareto_20201218,fixed_ucb_low,44,5.44426438452636,-1.9304201262287157,0.6627776700794628,3.31642191643393,0.6091588655869149,-1,0,0.0,0
pareto_20201218,fixed_ucb_low,45,5.44426438452636,-1.9304201262287157,0.5360881364289415,2.0230607498933537,0.3715948761861947,-1,0,0.0,0
pareto_20201218,fixed_ucb_low,46,5.44426438452636,-1.9304201262287157,1.0,5.44426438452636,0.9999999999998163,0,0,0.0,0
pareto_20201218,fixed_ucb_low,47,5.44426438452636,-1.9304201262287157,1.0,5.44426438452636,0.9999999999998163,0,0,0.0,0
pareto_20201218,fixed_ucb_low,48,5.44426438452636,-1.9304201262287157,0.5064807882354698,2.1685893784688846,0.39832550833351,-1,0,0.0,0
pareto_20201218,fixed_ucb_low,49,5.44426438452636,-1.9304201262287157,1.0,5.44426438452636,0.9999999999998163,0,0,0.0,0
pareto_20201218,fixed_ucb_low,50,5.44426438452636,-1.9304201262287157,0.9334153794859064,5.44426438452636,0.9999999999998163,15,0,0.0,0
pareto_20201218,fixed_ucb_low,51,5.44426438452636,-1.9304201262287157,0.9577610843150568,5.44426438452636,0.9999999999998163,5,0,0.0,0
pareto_20201218,fixed_ucb_low,52,5.44426438452636,-1.9304201262287157,1.0,5.44426438452636,0.9999999999998163,0,0,0.0,0
pareto_20201218,fixed_ucb_low,53,5.44426438452636,-1.9304201262287157,0.7014453351075008,3.31642191643393,0.6091588655869149,-1,0,0.0,0
pareto_20201218,fixed_ucb_low,54,5.44426438452636,-1.9304201262287157,0.5314632907728888,3.295055144471652,0.6052342266544262,-1,0,0.0,0
pareto_20201218,fixed_ucb_low,55,5.44426438452636,-1.9304201262287157,0.7102701577145198,5.44426438452636,0.9999999999998163,62,0,0.0,0
pareto_20201218,fixed_ucb_low,56,5.44426438452636,-1.9304201262287157,0.6857109936138173,3.295055144471652,0.6052342266544262,-1,0,0.0,0
pareto_20201218,fixed_ucb_low,57,5.44426438452636,-1.9304201262287157,0.5928696132921256,3.31642191643393,0.6091588655869149,-1,0,0.0,0
pareto_20201218,fixed_ucb_low,58,5.44426438452636,-1.9304201262287157,0.26727201453909005,0.040626659551016464,0.007462286303816863,-1,0,0.0,0
pareto_20201218,fixed_ucb_low,59,5.44426438452636,-1.9304201262287157,0.7085693310784551,3.295055144471652,0.6052342266544262,-1,0,0.0,0
pareto_20201218,fixed_ucb_low,60,5.44426438452636,-1.9304201262287157,0.7085693310784551,3.295055144471652,0.6052342266544262,-1,0,0.0,0
pareto_20201218,fixed_ucb_low,61,5.44426438452636,-1.9304201262287157,1.0,5.44426438452636,0.9999999999998163,0,0,0.0,0
pareto_20201218,fixed_ucb_low,62,5.44426438452636,-1.9304201262287157,0.8643949937253829,5.44426438452636,0.9999999999998163,19,0,0.0,0
pareto_20201218,fixed_ucb_low,63,5.44426438452636,-1.9304201262287157,0.8387668762039145,5.44426438452636,0.9999999999998163,25,0,0.0,0
pareto_20201218,fixed_ucb_low,64,5.44426438452636,-1.9304201262287157,0.46916457958069735,1.9178547519686475,0.3522706864529219,-1,0,0.0,0
pareto_20201218,fixed_ucb_low,65,5.44426438452636,-1.9304201262287157,0.42619847095924646,1.3947815802394472,0.2561928447493158,-1,0,0.0,0
pareto_20201218,fixed_ucb_low,66,5.44426438452636,-1.9304201262287157,0.8439432488103397,5.44426438452636,0.9999999999998163,25,0,0.0,0
pareto_20201218,fixed_ucb_low,67,5.44426438452636,-1.9304201262287157,0.759106399149,5.44426438452636,0.9999999999998163,30,0,0.0,0
pareto_20201218,fixed_ucb_low,68,5.44426438452636,-1.9304201262287157,0.8659545764871649,5.44426438452636,0.9999999999998163,14,0,0.0,0
pareto_20201218,fixed_ucb_low,69,5.44426438452636,-1.9304201262287157,0.6721980256410616,5.44426438452636,0.9999999999998163,46,0,0.0,0
pareto_20201218,fixed_ucb_low,70,5.44426438452636,-1.9304201262287157,0.5338923925459692,2.1685893784688846,0.39832550833351,-1,0,0.0,0
pareto_20201218,fixed_ucb_low,71,5.44426438452636,-1.9304201262287157,1.0,5.44426438452636,0.9999999999998163,0,0,0.0,0
pareto_20201218,fixed_ucb_low,72,5.44426438452636,-1.9304201262287157,1.0,5.44426438452636,0.9999999999998163,0,0,0.0,0
pareto_20201218,fixed_ucb_low,73,5.44426438452636,-1.9304201262287157,0.9551645124736085,5.44426438452636,0.9999999999998163,10,0,0.0,0
pareto_20201218,fixed_ucb_low,74,5.44426438452636,-1.9304201262287157,0.5360881364289415,2.0230607498933537,0.3715948761861947,-1,0,0.0,0
pareto_20201218,fixed_ucb_low,75,5.44426438452636,-1.9304201262287157,0.45089409609573977,1.3947815802394472,0.2561928447493158,-1,0,0.0,0
pareto_20201218,fixed_ucb_low,76,5.44426438452636,-1.9304201262287157,0.6404203772717091,3.295055144471652,0.6052342266544262,-1,0,0.0,0
pareto_20201218,fixed_ucb_low,77,5.44426438452636,-1.9304201262287157,1.0,5.44426438452636,0.9999999999998163,0,0,0.0,0
pareto_20201218,fixed_ucb_low,78,5.44426438452636,-1.9304201262287157,0.4678362460184963,2.0230607498933537,0.3715948761861947,-1,0,0.0,0
pareto_20201218,fixed_ucb_low,79,5.44426438452636,-1.9304201262287157,0.5303378412856031,3.295055144471652,0.6052342266544262,-1,0,0.0,0
pareto_20201218,fixed_ucb_high,0,5.44426438452636,-1.9304201262287157,0.616763674551812,5.44426438452636,0.9999999999998163,61,0,0.0,0
pareto_20201218,fixed_ucb_high,1,5.44426438452636,-1.9304201262287157,0.9590574489184204,5.44426438452636,0.9999999999998163,6,0,0.0,0
pareto_20201218,fixed_ucb_high,2,5.44426438452636,-1.9304201262287157,0.6445340955485092,3.31642191643393,0.6091588655869149,-1,0,0.0,0
pareto_20201218,fixed_ucb_high,3,5.44426438452636,-1.9304201262287157,1.0,5.44426438452636,0.9999999999998163,0,0,0.0,0
pareto_20201218,fixed_ucb_high,4,5.44426438452636,-1.9304201262287157,1.0,5.44426438452636,0.9999999999998163,0,0,0.0,0
pareto_20201218,fixed_ucb_high,5,5.44426438452636,-1.9304201262287157,0.675434768975031,3.31642191643393,0.6091588655869149,-1,0,0.0,0
pareto_20201218,fixed_ucb_high,6,5.44426438452636,-1.9304201262287157,0.875579707574556,5.44426438452636,0.9999999999998163,13,0,0.0,0
pareto_20201218,fixed_ucb_high,7,5.44426438452636,-1.9304201262287157,0.7895966837472466,5.44426438452636,0.9999999999998163,34,0,0.0,0
pareto_20201218,fixed_ucb_high,8,5.44426438452636,-1.9304201262287157,0.8268517649788105,5.44426438452636,0.9999999999998163,30,0,0.0,0
pareto_20201218,fixed_ucb_high,9,5.44426438452636,-1.9304201262287157,0.7984708256644077,5.44426438452636,0.9999999999998163,37,0,0.0,0
pareto_20201218,fixed_ucb_high,10,5.44426438452636,-1.9304201262287157,1.0,5.44426438452636,0.9999999999998163,0,0,0.0,0
pareto_20201218,fixed_ucb_high,11,5.44426438452636,-1.9304201262287157,0.7605531659479838,5.44426438452636,0.9999999999998163,46,0,0.0,0
pareto_20201218,fixed_ucb_high,12,5.44426438452636,-1.9304201262287157,0.6765676586279622,3.295055144471652,0.6052342266544262,-1,0,0.0,0
pareto_20201218,fixed_ucb_high,13,5.44426438452636,-1.9304201262287157,0.6995261662293254,5.44426438452636,0.9999999999998163,56,0,0.0,0
pareto_20201218,fixed_ucb_high,14,5.44426438452636,-1.9304201262287157,1.0,5.44426438452636,0.9999999999998163,0,0,0.0,0
pareto_20201218,fixed_ucb_high,15,5.44426438452636,-1.9304201262287157,0.7982356235815156,5.44426438452636,0.9999999999998163,31,0,0.0,0
pareto_20201218,fixed_ucb_high,16,5.44426438452636,-1.9304201262287157,0.8979035818783897,5.44426438452636,0.9999999999998163,23,0,0.0,0
pareto_20201218,fixed_ucb_high,17,5.44426438452636,-1.9304201262287157,0.798917061833223,5.44426438452636,0.9999999999998163,32,0,0.0,0
pareto_20201218,fixed_ucb_high,18,5.44426438452636,-1.9304201262287157,0.7730768888148312,5.44426438452636,0.9999999999998163,37,0,0.0,0
pareto_20201218,fixed_ucb_high,19,5.44426438452636,-1.9304201262287157,1.0,5.44426438452636,0.9999999999998163,0,0,0.0,0
pareto_20201218,fixed_ucb_high,20,5.44426438452636,-1.9304201262287157,0.9013619274419387,5.44426438452636,0.9999999999998163,22,0,0.0,0
pareto_20201218,fixed_ucb_high,21,5.44426438452636,-1.9304201262287157,0.6013975407294267,3.295055144471652,0.6052342266544262,-1,0,0.0,0
pareto_20201218,fixed_ucb_high,22,5.44426438452636,-1.9304201262287157,0.8072074036365164,5.44426438452636,0.9999999999998163,43,0,0.0,0
pareto_20201218,fixed_ucb_high,23,5.44426438452636,-1.9304201262287157,0.6597028107913965,3.31642191643393,0.6091588655869149,-1,0,0.0,0
pareto_20201218,fixed_ucb_high,24,5.44426438452636,-1.9304201262287157,0.7152688697083299,5.44426438452636,0.9999999999998163,41,0,0.0,0
pareto_20201218,fixed_ucb_high,25,5.44426438452636,-1.9304201262287157,0.6407032480106887,3.295055144471652,0.6052342266544262,-1,0,0.0,0
pareto_20201218,fixed_ucb_high,26,5.44426438452636,-1.9304201262287157,0.8088495726265478,5.44426438452636,0.9999999999998163,22,0,0.0,0
pareto_20201218,fixed_ucb_high,27,5.44426438452636,-1.9304201262287157,0.7746684433724034,5.44426438452636,0.9999999999998163,30,0,0.0,0
pareto_20201218,fixed_ucb_high,28,5.44426438452636,-1.9304201262287157,0.6538102753183999,5.44426438452636,0.9999999999998163,62,0,0.0,0
pareto_20201218,fixed_ucb_high,29,5.44426438452636,-1.9304201262287157,0.8473261815076547,5.44426438452636,0.9999999999998163,20,0,0.0,0
pareto_20201218,fixed_ucb_high,30,5.44426438452636,-1.9304201262287157,0.828559372180354,5.44426438452636,0.9999999999998163,25,0,0.0,0
pareto_20201218,fixed_ucb_high,31,5.44426438452636,-1.9304201262287157,0.8621689140123752,5.44426438452636,0.9999999999998163,31,0,0.0,0
pareto_20201218,fixed_ucb_high,32,5.44426438452636,-1.9304201262287157,0.6744316321907914,3.295055144471652,0.6052342266544262,-1,0,0.0,0
pareto_20201218,fixed_ucb_high,33,5.44426438452636,-1.9304201262287157,1.0,5.44426438452636,0.9999999999998163,0,0,0.0,0
pareto_20201218,fixed_ucb_high,34,5.44426438452636,-1.9304201262287157,0.9467323035887251,5.44426438452636,0.9999999999998163,12,0,0.0,0
pareto_20201218,fixed_ucb_high,35,5.44426438452636,-1.9304201262287157,0.8223286703977477,5.44426438452636,0.9999999999998163,26,0,0.0,0
pareto_20201218,fixed_ucb_high,36,5.44426438452636,-1.9304201262287157,0.678019800061638,3.295055144471652,0.6052342266544262,-1,0,0.0,0
pareto_20201218,fixed_ucb_high,37,5.44426438452636,-1.9304201262287157,0.8173140983350814,5.44426438452636,0.9999999999998163,38,0,0.0,0
pareto_20201218,fixed_ucb_high,38,5.44426438452636,-1.9304201262287157,0.7855348906477395,5.44426438452636,0.9999999999998163,30,0,0.0,0
pareto_20201218,fixed_ucb_high,39,5.44426438452636,-1.9304201262287157,0.8108540501545808,5.44426438452636,0.9999999999998163,28,0,0.0,0
pareto_20201218,fixed_ucb_high,40,5.44426438452636,-1.9304201262287157,0.8623474144274657,5.44426438452636,0.9999999999998163,22,0,0.0,0
pareto_20201218,fixed_ucb_high,41,5.44426438452636,-1.9304201262287157,0.7853811697804187,5.44426438452636,0.9999999999998163,29,0,0.0,0
pareto_20201218,fixed_ucb_high,42,5.44426438452636,-1.9304201262287157,0.7744940816586797,5.44426438452636,0.9999999999998163,33,0,0.0,0
pareto_20201218,fixed_ucb_high,43,5.44426438452636,-1.9304201262287157,1.0,5.44426438452636,0.9999999999998163,0,0,0.0,0
pareto_20201218,fixed_ucb_high,44,5.44426438452636,-1.9304201262287157,0.67339490517951,3.295055144471652,0.6052342266544262,-1,0,0.0,0
pareto_20201218,fixed_ucb_high,45,5.44426438452636,-1.9304201262287157,0.8054171729385545,5.44426438452636,0.9999999999998163,30,0,0.0,0
pareto_20201218,fixed_ucb_high,46,5.44426438452636,-1.9304201262287157,1.0,5.44426438452636,0.9999999999998163,0,0,0.0,0
pareto_20201218,fixed_ucb_high,47,5.44426438452636,-1.9304201262287157,1.0,5.44426438452636,0.9999999999998163,0,0,0.0,0
pareto_20201218,fixed_ucb_high,48,5.44426438452636,-1.9304201262287157,0.7580531663792383,5.44426438452636,0.9999999999998163,28,0,0.0,0
pareto_20201218,fixed_ucb_high,49,5.44426438452636,-1.9304201262287157,1.0,5.44426438452636,0.9999999999998163,0,0,0.0,0
pareto_20201218,fixed_ucb_high,50,5.44426438452636,-1.9304201262287157,0.9112205059812084,5.44426438452636,0.9999999999998163,20,0,0.0,0
pareto_20201218,fixed_ucb_high,51,5.44426438452636,-1.9304201262287157,0.9577610843150568,5.44426438452636,0.9999999999998163,5,0,0.0,0
pareto_20201218,fixed_ucb_high,52,5.44426438452636,-1.9304201262287157,1.0,5.44426438452636,0.9999999999998163,0,0,0.0,0
pareto_20201218,fixed_ucb_high,53,5.44426438452636,-1.9304201262287157,0.8924469390749639,5.44426438452636,0.9999999999998163,20,0,0.0,0
pareto_20201218,fixed_ucb_high,54,5.44426438452636,-1.9304201262287157,0.5079988934480683,2.1685893784688846,0.39832550833351,-1,0,0.0,0
pareto_20201218,fixed_ucb_high,55,5.44426438452636,-1.9304201262287157,0.894095656572725,5.44426438452636,0.9999999999998163,21,0,0.0,0
pareto_20201218,fixed_ucb_high,56,5.44426438452636,-1.9304201262287157,0.8474307670707236,5.44426438452636,0.9999999999998163,29,0,0.0,0
pareto_20201218,fixed_ucb_high,57,5.44426438452636,-1.9304201262287157,0.798959055355675,5.44426438452636,0.9999999999998163,35,0,0.0,0
pareto_20201218,fixed_ucb_high,58,5.44426438452636,-1.9304201262287157,0.6517060791559888,5.44426438452636,0.9999999999998163,52,0,0.0,0
pareto_20201218,fixed_ucb_high,59,5.44426438452636,-1.9304201262287157,0.9013619274419387,5.44426438452636,0.9999999999998163,22,0,0.0,0
pareto_20201218,fixed_ucb_high,60,5.44426438452636,-1.9304201262287157,0.8710468634142542,5.44426438452636,0.9999999999998163,29,0,0.0,0
pareto_20201218,fixed_ucb_high,61,5.44426438452636,-1.9304201262287157,1.0,5.44426438452636,0.9999999999998163,0,0,0.0,0
pareto_20201218,fixed_ucb_high,62,5.44426438452636,-1.9304201262287157,0.7355881442953602,5.44426438452636,0.9999999999998163,44,0,0.0,0
pareto_20201218,fixed_ucb_high,63,5.44426438452636,-1.9304201262287157,0.8282991611530853,5.44426438452636,0.9999999999998163,27,0,0.0,0
pareto_20201218,fixed_ucb_high,64,5.44426438452636,-1.9304201262287157,0.6869593535623654,5.44426438452636,0.9999999999998163,55,0,0.0,0
pareto_20201218,fixed_ucb_high,65,5.44426438452636,-1.9304201262287157,0.6521598308671661,3.295055144471652,0.6052342266544262,-1,0,0.0,0
pareto_20201218,fixed_ucb_high,66,5.44426438452636,-1.9304201262287157,0.8791176747092849,5.44426438452636,0.9999999999998163,25,0,0.0,0
pareto_20201218,fixed_ucb_high,67,5.44426438452636,-1.9304201262287157,0.6865864179934201,5.44426438452636,0.9999999999998163,49,0,0.0,0
pareto_20201218,fixed_ucb_high,68,5.44426438452636,-1.9304201262287157,0.5449496268213093,5.44426438452636,0.9999999999998163,59,0,0.0,0
pareto_20201218,fixed_ucb_high,69,5.44426438452636,-1.9304201262287157,0.7961353354528026,5.44426438452636,0.9999999999998163,36,0,0.0,0
pareto_20201218,fixed_ucb_high,70,5.44426438452636,-1.9304201262287157,0.6531102886687643,3.295055144471652,0.6052342266544262,-1,0,0.0,0
pareto_20201218,fixed_ucb_high,71,5.44426438452636,-1.9304201262287157,1.0,5.44426438452636,0.9999999999998163,0,0,0.0,0
pareto_20201218,fixed_ucb_high,72,5.44426438452636,-1.9304201262287157,1.0,5.44426438452636,0.9999999999998163,0,0,0.0,0
pareto_20201218,fixed_ucb_high,73,5.44426438452636,-1.9304201262287157,0.9058454761945778,5.44426438452636,0.9999999999998163,21,0,0.0,0
pareto_20201218,fixed_ucb_high,74,5.44426438452636,-1.9304201262287157,0.643725313450921,5.44426438452636,0.9999999999998163,60,0,0.0,0
pareto_20201218,fixed_ucb_high,75,5.44426438452636,-1.9304201262287157,0.7814925950721453,5.44426438452636,0.9999999999998163,42,0,0.0,0
pareto_20201218,fixed_ucb_high,76,5.44426438452636,-1.9304201262287157,0.6809170790783009,3.295055144471652,0.6052342266544262,-1,0,0.0,0
pareto_20201218,fixed_ucb_high,77,5.44426438452636,-1.9304201262287157,1.0,5.44426438452636,0.9999999999998163,0,0,0.0,0
pareto_20201218,fixed_ucb_high,78,5.44426438452636,-1.9304201262287157,0.6392000882027037,3.295055144471652,0.6052342266544262,-1,0,0.0,0
pareto_20201218,fixed_ucb_high,79,5.44426438452636,-1.9304201262287157,0.7570605511707141,5.44426438452636,0.9999999999998163,41,0,0.0,0
pareto_20201218,fixed_ei,0,5.44426438452636,-1.9304201262287157,0.5714866663479807,3.31642191643393,0.6091588655869149,-1,0,0.0,0
pareto_20201218,fixed_ei,1,5.44426438452636,-1.9304201262287157,0.9590574489184204,5.44426438452636,0.9999999999998163,6,0,0.0,0
pareto_20201218,fixed_ei,2,5.44426438452636,-1.9304201262287157,0.6392707022635981,3.31642191643393,0.6091588655869149,-1,0,0.0,0
pareto_20201218,fixed_ei,3,5.44426438452636,-1.9304201262287157,1.0,5.44426438452636,0.9999999999998163,0,0,0.0,0
pareto_20201218,fixed_ei,4,5.44426438452636,-1.9304201262287157,1.0,5.44426438452636,0.9999999999998163,0,0,0.0,0
pareto_20201218,fixed_ei,5,5.44426438452636,-1.9304201262287157,0.675434768975031,3.31642191643393,0.6091588655869149,-1,0,0.0,0
pareto_20201218,fixed_ei,6,5.44426438452636,-1.9304201262287157,0.875579707574556,5.44426438452636,0.9999999999998163,13,0,0.0,0
pareto_20201218,fixed_ei,7,5.44426438452636,-1.9304201262287157,0.6350536472275451,3.31642191643393,0.6091588655869149,-1,0,0.0,0
pareto_20201218,fixed_ei,8,5.44426438452636,-1.9304201262287157,0.6466707103068144,3.31642191643393,0.6091588655869149,-1,0,0.0,0
pareto_20201218,fixed_ei,9,5.44426438452636,-1.9304201262287157,0.6529260464395161,3.31642191643393,0.6091588655869149,-1,0,0.0,0
pareto_20201218,fixed_ei,10,5.44426438452636,-1.9304201262287157,1.0,5.44426438452636,0.9999999999998163,0,0,0.0,0
pareto_20201218,fixed_ei,11,5.44426438452636,-1.9304201262287157,0.6000770935236146,3.295055144471652,0.6052342266544262,-1,0,0.0,0
pareto_20201218,fixed_ei,12,5.44426438452636,-1.9304201262287157,0.5041681749745767,3.295055144471652,0.6052342266544262,-1,0,0.0,0
pareto_20201218,fixed_ei,13,5.44426438452636,-1.9304201262287157,0.8045933153472241,5.44426438452636,0.9999999999998163,21,0,0.0,0
pareto_20201218,fixed_ei,14,5.44426438452636,-1.9304201262287157,1.0,5.44426438452636,0.9999999999998163,0,0,0.0,0
pareto_20201218,fixed_ei,15,5.44426438452636,-1.9304201262287157,0.6593906667017018,5.44426438452636,0.9999999999998163,64,0,0.0,0
pareto_20201218,fixed_ei,16,5.44426438452636,-1.9304201262287157,0.7114666444389273,3.31642191643393,0.6091588655869149,-1,0,0.0,0
pareto_20201218,fixed_ei,17,5.44426438452636,-1.9304201262287157,0.589811637899008,3.31642191643393,0.6091588655869149,-1,0,0.0,0
pareto_20201218,fixed_ei,18,5.44426438452636,-1.9304201262287157,0.762803082319411,5.44426438452636,0.9999999999998163,34,0,0.0,0
pareto_20201218,fixed_ei,19,5.44426438452636,-1.9304201262287157,1.0,5.44426438452636,0.9999999999998163,0,0,0.0,0
pareto_20201218,fixed_ei,20,5.44426438452636,-1.9304201262287157,0.7105305893532362,3.31642191643393,0.6091588655869149,-1,0,0.0,0
pareto_20201218,fixed_ei,21,5.44426438452636,-1.9304201262287157,0.7625436342340932,5.44426438452636,0.9999999999998163,32,0,0.0,0
pareto_20201218,fixed_ei,22,5.44426438452636,-1.9304201262287157,0.7091933678022491,3.31642191643393,0.6091588655869149,-1,0,0.0,0
pareto_20201218,fixed_ei,23,5.44426438452636,-1.9304201262287157,0.8212426174396742,5.44426438452636,0.9999999999998163,18,0,0.0,0
pareto_20201218,fixed_ei,24,5.44426438452636,-1.9304201262287157,0.5977631338040301,3.31642191643393,0.6091588655869149,-1,0,0.0,0
pareto_20201218,fixed_ei,25,5.44426438452636,-1.9304201262287157,0.697157941562985,3.31642191643393,0.6091588655869149,-1,0,0.0,0
pareto_20201218,fixed_ei,26,5.44426438452636,-1.9304201262287157,0.6138883747036458,3.31642191643393,0.6091588655869149,-1,0,0.0,0
pareto_20201218,fixed_ei,27,5.44426438452636,-1.9304201262287157,0.5988178334809103,3.295055144471652,0.6052342266544262,-1,0,0.0,0
pareto_20201218,fixed_ei,28,5.44426438452636,-1.9304201262287157,0.6271113413917271,3.295055144471652,0.6052342266544262,-1,0,0.0,0
pareto_20201218,fixed_ei,29,5.44426438452636,-1.9304201262287157,0.6873108047253247,5.44426438452636,0.9999999999998163,60,0,0.0,0
pareto_20201218,fixed_ei,30,5.44426438452636,-1.9304201262287157,0.647194902994759,3.31642191643393,0.6091588655869149,-1,0,0.0,0
pareto_20201218,fixed_ei,31,5.44426438452636,-1.9304201262287157,0.7085693310784551,3.295055144471652,0.6052342266544262,-1,0,0.0,0
pareto_20201218,fixed_ei,32,5.44426438452636,-1.9304201262287157,0.6407749140927352,3.295055144471652,0.6052342266544262,-1,0,0.0,0
pareto_20201218,fixed_ei,33,5.44426438452636,-1.9304201262287157,1.0,5.44426438452636,0.9999999999998163,0,0,0.0,0
pareto_20201218,fixed_ei,34,5.44426438452636,-1.9304201262287157,0.9467323035887251,5.44426438452636,0.9999999999998163,12,0,0.0,0
pareto_20201218,fixed_ei,35,5.44426438452636,-1.9304201262287157,0.6921195836078612,3.295055144471652,0.6052342266544262,-1,0,0.0,0
pareto_20201218,fixed_ei,36,5.44426438452636,-1.9304201262287157,0.8930287676855378,5.44426438452636,0.9999999999998163,16,0,0.0,0
pareto_20201218,fixed_ei,37,5.44426438452636,-1.9304201262287157,0.8813968690958581,5.44426438452636,0.9999999999998163,19,0,0.0,0
pareto_20201218,fixed_ei,38,5.44426438452636,-1.9304201262287157,0.6580764090224855,3.31642191643393,0.6091588655869149,-1,0,0.0,0
pareto_20201218,fixed_ei,39,5.44426438452636,-1.9304201262287157,0.6528446374224585,3.295055144471652,0.6052342266544262,-1,0,0.0,0
pareto_20201218,fixed_ei,40,5.44426438452636,-1.9304201262287157,0.6454982764249144,3.295055144471652,0.6052342266544262,-1,0,0.0,0
pareto_20201218,fixed_ei,41,5.44426438452636,-1.9304201262287157,0.6602036292649273,3.31642191643393,0.6091588655869149,-1,0,0.0,0
pareto_20201218,fixed_ei,42,5.44426438452636,-1.9304201262287157,0.656870124742303,3.295055144471652,0.6052342266544262,-1,0,0.0,0
pareto_20201218,fixed_ei,43,5.44426438452636,-1.9304201262287157,1.0,5.44426438452636,0.9999999999998163,0,0,0.0,0
pareto_20201218,fixed_ei,44,5.44426438452636,-1.9304201262287157,0.7024501677056931,3.31642191643393,0.6091588655869149,-1,0,0.0,0
pareto_20201218,fixed_ei,45,5.44426438452636,-1.9304201262287157,0.5785069540238014,3.31642191643393,0.6091588655869149,-1,0,0.0,0
pareto_20201218,fixed_ei,46,5.44426438452636,-1.9304201262287157,1.0,5.44426438452636,0.9999999999998163,0,0,0.0,0
pareto_20201218,fixed_ei,47,5.44426438452636,-1.9304201262287157,1.0,5.44426438452636,0.9999999999998163,0,0,0.0,0
pareto_20201218,fixed_ei,48,5.44426438452636,-1.9304201262287157,0.6673561683489315,3.31642191643393,0.6091588655869149,-1,0,0.0,0
pareto_20201218,fixed_ei,49,5.44426438452636,-1.9304201262287157,1.0,5.44426438452636,0.9999999999998163,0,0,0.0,0
pareto_20201218,fixed_ei,50,5.44426438452636,-1.9304201262287157,0.7114666444389273,3.31642191643393,0.6091588655869149,-1,0,0.0,0
pareto_20201218,fixed_ei,51,5.44426438452636,-1.9304201262287157,0.9577610843150568,5.44426438452636,0.9999999999998163,5,0,0.0,0
pareto_20201218,fixed_ei,52,5.44426438452636,-1.9304201262287157,1.0,5.44426438452636,0.9999999999998163,0,0,0.0,0
pareto_20201218,fixed_ei,53,5.44426438452636,-1.9304201262287157,0.7014453351075008,3.31642191643393,0.6091588655869149,-1,0,0.0,0
pareto_20201218,fixed_ei,54,5.44426438452636,-1.9304201262287157,0.46599285061712153,3.295055144471652,0.6052342266544262,-1,0,0.0,0
pareto_20201218,fixed_ei,55,5.44426438452636,-1.9304201262287157,0.6968195114566024,3.295055144471652,0.6052342266544262,-1,0,0.0,0
pareto_20201218,fixed_ei,56,5.44426438452636,-1.9304201262287157,0.687805974043697,3.31642191643393,0.6091588655869149,-1,0,0.0,0
pareto_20201218,fixed_ei,57,5.44426438452636,-1.9304201262287157,0.6836158690904774,3.31642191643393,0.6091588655869149,-1,0,0.0,0
pareto_20201218,fixed_ei,58,5.44426438452636,-1.9304201262287157,0.46229199291142803,3.31642191643393,0.6091588655869149,-1,0,0.0,0
pareto_20201218,fixed_ei,59,5.44426438452636,-1.9304201262287157,0.710664311508335,3.31642191643393,0.6091588655869149,-1,0,0.0,0
pareto_20201218,fixed_ei,60,5.44426438452636,-1.9304201262287157,0.7094608121124465,3.31642191643393,0.6091588655869149,-1,0,0.0,0
pareto_20201218,fixed_ei,61,5.44426438452636,-1.9304201262287157,1.0,5.44426438452636,0.9999999999998163,0,0,0.0,0
pareto_20201218,fixed_ei,62,5.44426438452636,-1.9304201262287157,0.6871834664067754,3.31642191643393,0.6091588655869149,-1,0,0.0,0
pareto_20201218,fixed_ei,63,5.44426438452636,-1.9304201262287157,0.6664455553812207,3.295055144471652,0.6052342266544262,-1,0,0.0,0
pareto_20201218,fixed_ei,64,5.44426438452636,-1.9304201262287157,0.6281162387068753,3.295055144471652,0.6052342266544262,-1,0,0.0,0
pareto_20201218,fixed_ei,65,5.44426438452636,-1.9304201262287157,0.6555124893434282,3.31642191643393,0.6091588655869149,-1,0,0.0,0
pareto_20201218,fixed_ei,66,5.44426438452636,-1.9304201262287157,0.6735974421593438,3.31642191643393,0.6091588655869149,-1,0,0.0,0
pareto_20201218,fixed_ei,67,5.44426438452636,-1.9304201262287157,0.759106399149,5.44426438452636,0.9999999999998163,30,0,0.0,0
pareto_20201218,fixed_ei,68,5.44426438452636,-1.9304201262287157,0.5819788410928708,3.31642191643393,0.6091588655869149,-1,0,0.0,0
pareto_20201218,fixed_ei,69,5.44426438452636,-1.9304201262287157,0.7573384098243694,5.44426438452636,0.9999999999998163,34,0,0.0,0
pareto_20201218,fixed_ei,70,5.44426438452636,-1.9304201262287157,0.6525641782845354,3.295055144471652,0.6052342266544262,-1,0,0.0,0
pareto_20201218,fixed_ei,71,5.44426438452636,-1.9304201262287157,1.0,5.44426438452636,0.9999999999998163,0,0,0.0,0
pareto_20201218,fixed_ei,72,5.44426438452636,-1.9304201262287157,1.0,5.44426438452636,0.9999999999998163,0,0,0.0,0
pareto_20201218,fixed_ei,73,5.44426438452636,-1.9304201262287157,0.7085693310784551,3.295055144471652,0.6052342266544262,-1,0,0.0,0
pareto_20201218,fixed_ei,74,5.44426438452636,-1.9304201262287157,0.5430707735059389,2.1685893784688846,0.39832550833351,-1,0,0.0,0
pareto_20201218,fixed_ei,75,5.44426438452636,-1.9304201262287157,0.5618926588575249,3.295055144471652,0.6052342266544262,-1,0,0.0,0
pareto_20201218,fixed_ei,76,5.44426438452636,-1.9304201262287157,0.7633508190726174,5.44426438452636,0.9999999999998163,39,0,0.0,0
pareto_20201218,fixed_ei,77,5.44426438452636,-1.9304201262287157,1.0,5.44426438452636,0.9999999999998163,0,0,0.0,0
pareto_20201218,fixed_ei,78,5.44426438452636,-1.9304201262287157,0.5225449089679729,3.295055144471652,0.6052342266544262,-1,0,0.0,0
pareto_20201218,fixed_ei,79,5.44426438452636,-1.9304201262287157,0.8648362496395497,5.44426438452636,0.9999999999998163,19,0,0.0,0
