dataset,condition,repeat,global_best,global_min,init_best_norm,auc_best,final_best,final_best_normalised,steps_to_90pct,switch_count,switch_frequency,failure_count,regime,ea_ratio,pool_size,acq
hartmann6,ea20_p40_ucb2,0,1.7914431443280272,0.0001950575971415,0.6051133527708046,0.7637664494377868,1.7914431443280272,0.9999999999994418,37,0,0.0,0,multimodal,0.2,40.0,ucb2
hartmann6,ea20_p40_ucb2,1,1.7914431443280272,0.0001950575971415,0.6565749876852086,0.93236225575713,1.7914431443280272,0.9999999999994418,17,0,0.0,0,multimodal,0.2,40.0,ucb2
hartmann6,ea20_p40_ucb2,2,1.7914431443280272,0.0001950575971415,0.4753460434620039,0.9475288911375805,1.7914431443280272,0.9999999999994418,5,0,0.0,0,multimodal,0.2,40.0,ucb2
hartmann6,ea20_p40_ucb2,3,1.7914431443280272,0.0001950575971415,0.48122562128817803,0.8787444682499509,1.7914431443280272,0.9999999999994418,17,0,0.0,0,multimodal,0.2,40.0,ucb2
hartmann6,ea20_p40_ucb2,4,1.7914431443280272,0.0001950575971415,0.10777015419263257,0.7709046511163151,1.7914431443280272,0.9999999999994418,21,0,0.0,0,multimodal,0.2,40.0,ucb2
hartmann6,ea20_p40_ucb2,5,1.7914431443280272,0.0001950575971415,0.07995088424058891,0.797841111132918,1.7914431443280272,0.9999999999994418,13,0,0.0,0,multimodal,0.2,40.0,ucb2
hartmann6,ea20_p40_ucb2,6,1.7914431443280272,0.0001950575971415,0.12824218389169903,0.8198203692392922,1.7914431443280272,0.9999999999994418,13,0,0.0,0,multimodal,0.2,40.0,ucb2
hartmann6,ea20_p40_ucb2,7,1.7914431443280272,0.0001950575971415,0.3582180283520165,0.8534313924704341,1.7914431443280272,0.9999999999994418,29,0,0.0,0,multimodal,0.2,40.0,ucb2
hartmann6,ea20_p40_ucb2,8,1.7914431443280272,0.0001950575971415,0.08921943774938301,0.8274242661167451,1.7914431443280272,0.9999999999994418,17,0,0.0,0,multimodal,0.2,40.0,ucb2
hartmann6,ea20_p40_ucb2,9,1.7914431443280272,0.0001950575971415,0.8119295856233414,0.8758600097842475,1.7914431443280272,0.9999999999994418,33,0,0.0,0,multimodal,0.2,40.0,ucb2
hartmann6,ea20_p40_ucb2,10,1.7914431443280272,0.0001950575971415,0.41884855836326584,0.7929824050353191,1.7914431443280272,0.9999999999994418,33,0,0.0,0,multimodal,0.2,40.0,ucb2
hartmann6,ea20_p40_ucb2,11,1.7914431443280272,0.0001950575971415,0.0893963570108011,0.8978325519372821,1.7914431443280272,0.9999999999994418,9,0,0.0,0,multimodal,0.2,40.0,ucb2
hartmann6,ea20_p40_ucb2,12,1.7914431443280272,0.0001950575971415,0.0893963570108011,0.6430750500178197,1.7914431443280272,0.9999999999994418,45,0,0.0,0,multimodal,0.2,40.0,ucb2
hartmann6,ea20_p40_ucb2,13,1.7914431443280272,0.0001950575971415,0.30705316798911725,0.7146069297033344,1.7914431443280272,0.9999999999994418,29,0,0.0,0,multimodal,0.2,40.0,ucb2
hartmann6,ea20_p40_ucb2,14,1.7914431443280272,0.0001950575971415,0.5277412980450483,0.8500367800204194,1.7914431443280272,0.9999999999994418,17,0,0.0,0,multimodal,0.2,40.0,ucb2
hartmann6,ea20_p40_ucb2,15,1.7914431443280272,0.0001950575971415,0.6605046370631522,0.7725343318669025,1.454525689842031,0.8119295856228881,-1,0,0.0,0,multimodal,0.2,40.0,ucb2
hartmann6,ea20_p40_ucb2,16,1.7914431443280272,0.0001950575971415,0.6565749876852086,0.8023638334016467,1.7914431443280272,0.9999999999994418,29,0,0.0,0,multimodal,0.2,40.0,ucb2
hartmann6,ea20_p40_ucb2,17,1.7914431443280272,0.0001950575971415,0.8613005066045224,0.9306427014756586,1.7914431443280272,0.9999999999994418,25,0,0.0,0,multimodal,0.2,40.0,ucb2
hartmann6,ea20_p40_ucb2,18,1.7914431443280272,0.0001950575971415,0.12304381533818813,0.7325371326269245,1.7914431443280272,0.9999999999994418,25,0,0.0,0,multimodal,0.2,40.0,ucb2
hartmann6,ea20_p40_ucb2,19,1.7914431443280272,0.0001950575971415,1.0,1.0,1.7914431443280272,0.9999999999994418,0,0,0.0,0,multimodal,0.2,40.0,ucb2
hartmann6,ea20_p40_rand,0,1.7914431443280272,0.0001950575971415,0.6051133527708046,0.7415839293518564,1.454525689842031,0.8119295856228881,-1,0,0.0,0,multimodal,0.2,40.0,
hartmann6,ea20_p40_rand,1,1.7914431443280272,0.0001950575971415,0.6565749876852086,0.8408106217049993,1.5429708877629285,0.8613005066040417,-1,0,0.0,0,multimodal,0.2,40.0,
hartmann6,ea20_p40_rand,2,1.7914431443280272,0.0001950575971415,0.4753460434620039,0.7804261405820279,1.5429708877629285,0.8613005066040417,-1,0,0.0,0,multimodal,0.2,40.0,
hartmann6,ea20_p40_rand,3,1.7914431443280272,0.0001950575971415,0.48122562128817803,0.7259167119018722,1.454525689842031,0.8119295856228881,-1,0,0.0,0,multimodal,0.2,40.0,
hartmann6,ea20_p40_rand,4,1.7914431443280272,0.0001950575971415,0.10777015419263257,0.636936936071417,1.454525689842031,0.8119295856228881,-1,0,0.0,0,multimodal,0.2,40.0,
hartmann6,ea20_p40_rand,5,1.7914431443280272,0.0001950575971415,0.07995088424058891,0.6233162610204316,1.5429708877629285,0.8613005066040417,-1,0,0.0,0,multimodal,0.2,40.0,
hartmann6,ea20_p40_rand,6,1.7914431443280272,0.0001950575971415,0.12824218389169903,0.6888319724218399,1.454525689842031,0.8119295856228881,-1,0,0.0,0,multimodal,0.2,40.0,
hartmann6,ea20_p40_rand,7,1.7914431443280272,0.0001950575971415,0.3582180283520165,0.8363478263850394,1.7914431443280272,0.9999999999994418,25,0,0.0,0,multimodal,0.2,40.0,
hartmann6,ea20_p40_rand,8,1.7914431443280272,0.0001950575971415,0.08921943774938301,0.6730661270637954,1.7914431443280272,0.9999999999994418,33,0,0.0,0,multimodal,0.2,40.0,
hartmann6,ea20_p40_rand,9,1.7914431443280272,0.0001950575971415,0.8119295856233414,0.8608127382429441,1.7914431443280272,0.9999999999994418,37,0,0.0,0,multimodal,0.2,40.0,
hartmann6,ea20_p40_rand,10,1.7914431443280272,0.0001950575971415,0.41884855836326584,0.6169648369023322,1.1832565038636558,0.6605046370627835,-1,0,0.0,0,multimodal,0.2,40.0,
hartmann6,ea20_p40_rand,11,1.7914431443280272,0.0001950575971415,0.0893963570108011,0.7840865823573623,1.5429708877629285,0.8613005066040417,-1,0,0.0,0,multimodal,0.2,40.0,
hartmann6,ea20_p40_rand,12,1.7914431443280272,0.0001950575971415,0.0893963570108011,0.7319128229001362,1.5429708877629285,0.8613005066040417,-1,0,0.0,0,multimodal,0.2,40.0,
hartmann6,ea20_p40_rand,13,1.7914431443280272,0.0001950575971415,0.30705316798911725,0.6204380079279599,1.7914431443280272,0.9999999999994418,37,0,0.0,0,multimodal,0.2,40.0,
hartmann6,ea20_p40_rand,14,1.7914431443280272,0.0001950575971415,0.5277412980450483,0.7331082128716705,1.7914431443280272,0.9999999999994418,37,0,0.0,0,multimodal,0.2,40.0,
hartmann6,ea20_p40_rand,15,1.7914431443280272,0.0001950575971415,0.6605046370631522,0.7725343318669025,1.454525689842031,0.8119295856228881,-1,0,0.0,0,multimodal,0.2,40.0,
hartmann6,ea20_p40_rand,16,1.7914431443280272,0.0001950575971415,0.6565749876852086,0.853757050050771,1.7914431443280272,0.9999999999994418,25,0,0.0,0,multimodal,0.2,40.0,
hartmann6,ea20_p40_rand,17,1.7914431443280272,0.0001950575971415,0.8613005066045224,0.9306427014756586,1.7914431443280272,0.9999999999994418,25,0,0.0,0,multimodal,0.2,40.0,
hartmann6,ea20_p40_rand,18,1.7914431443280272,0.0001950575971415,0.12304381533818813,0.6159267962136519,1.5429708877629285,0.8613005066040417,-1,0,0.0,0,multimodal,0.2,40.0,
hartmann6,ea20_p40_rand,19,1.7914431443280272,0.0001950575971415,1.0,1.0,1.7914431443280272,0.9999999999994418,0,0,0.0,0,multimodal,0.2,40.0,
hartmann6,ea20_p160_ucb2,0,1.7914431443280272,0.0001950575971415,0.6051133527708046,0.8745874901460116,1.7914431443280272,0.9999999999994418,17,0,0.0,0,multimodal,0.2,160.0,ucb2
hartmann6,ea20_p160_ucb2,1,1.7914431443280272,0.0001950575971415,0.6565749876852086,0.9545565912849193,1.7914431443280272,0.9999999999994418,9,0,0.0,0,multimodal,0.2,160.0,ucb2
hartmann6,ea20_p160_ucb2,2,1.7914431443280272,0.0001950575971415,0.4753460434620039,0.9475288911375805,1.7914431443280272,0.9999999999994418,5,0,0.0,0,multimodal,0.2,160.0,ucb2
hartmann6,ea20_p160_ucb2,3,1.7914431443280272,0.0001950575971415,0.48122562128817803,0.7612982524248872,1.7914431443280272,0.9999999999994418,45,0,0.0,0,multimodal,0.2,160.0,ucb2
hartmann6,ea20_p160_ucb2,4,1.7914431443280272,0.0001950575971415,0.10777015419263257,0.6808321177613265,1.454525689842031,0.8119295856228881,-1,0,0.0,0,multimodal,0.2,160.0,ucb2
hartmann6,ea20_p160_ucb2,5,1.7914431443280272,0.0001950575971415,0.07995088424058891,0.6801385919238093,1.454525689842031,0.8119295856228881,-1,0,0.0,0,multimodal,0.2,160.0,ucb2
hartmann6,ea20_p160_ucb2,6,1.7914431443280272,0.0001950575971415,0.12824218389169903,0.806578053846208,1.7914431443280272,0.9999999999994418,17,0,0.0,0,multimodal,0.2,160.0,ucb2
hartmann6,ea20_p160_ucb2,7,1.7914431443280272,0.0001950575971415,0.3582180283520165,0.691954682005901,1.454525689842031,0.8119295856228881,-1,0,0.0,0,multimodal,0.2,160.0,ucb2
hartmann6,ea20_p160_ucb2,8,1.7914431443280272,0.0001950575971415,0.08921943774938301,0.773099092962258,1.7914431443280272,0.9999999999994418,25,0,0.0,0,multimodal,0.2,160.0,ucb2
hartmann6,ea20_p160_ucb2,9,1.7914431443280272,0.0001950575971415,0.8119295856233414,0.8909072813255509,1.7914431443280272,0.9999999999994418,29,0,0.0,0,multimodal,0.2,160.0,ucb2
hartmann6,ea20_p160_ucb2,10,1.7914431443280272,0.0001950575971415,0.41884855836326584,0.9120087806627418,1.7914431443280272,0.9999999999994418,9,0,0.0,0,multimodal,0.2,160.0,ucb2
hartmann6,ea20_p160_ucb2,11,1.7914431443280272,0.0001950575971415,0.0893963570108011,0.8867353841733875,1.7914431443280272,0.9999999999994418,13,0,0.0,0,multimodal,0.2,160.0,ucb2
hartmann6,ea20_p160_ucb2,12,1.7914431443280272,0.0001950575971415,0.0893963570108011,0.7730983765255293,1.7914431443280272,0.9999999999994418,33,0,0.0,0,multimodal,0.2,160.0,ucb2
hartmann6,ea20_p160_ucb2,13,1.7914431443280272,0.0001950575971415,0.30705316798911725,0.7733170264375282,1.7914431443280272,0.9999999999994418,17,0,0.0,0,multimodal,0.2,160.0,ucb2
hartmann6,ea20_p160_ucb2,14,1.7914431443280272,0.0001950575971415,0.5277412980450483,0.9149841768753052,1.7914431443280272,0.9999999999994418,9,0,0.0,0,multimodal,0.2,160.0,ucb2
hartmann6,ea20_p160_ucb2,15,1.7914431443280272,0.0001950575971415,0.6605046370631522,0.7361883867590815,1.454525689842031,0.8119295856228881,-1,0,0.0,0,multimodal,0.2,160.0,ucb2
hartmann6,ea20_p160_ucb2,16,1.7914431443280272,0.0001950575971415,0.6565749876852086,0.7342233481109237,1.454525689842031,0.8119295856228881,-1,0,0.0,0,multimodal,0.2,160.0,ucb2
hartmann6,ea20_p160_ucb2,17,1.7914431443280272,0.0001950575971415,0.8613005066045224,0.9528370370034479,1.7914431443280272,0.9999999999994418,17,0,0.0,0,multimodal,0.2,160.0,ucb2
hartmann6,ea20_p160_ucb2,18,1.7914431443280272,0.0001950575971415,0.12304381533818813,0.7895270600797136,1.7914431443280272,0.9999999999994418,17,0,0.0,0,multimodal,0.2,160.0,ucb2
hartmann6,ea20_p160_ucb2,19,1.7914431443280272,0.0001950575971415,1.0,1.0,1.7914431443280272,0.9999999999994418,0,0,0.0,0,multimodal,0.2,160.0,ucb2
hartmann6,ea20_p160_rand,0,1.7914431443280272,0.0001950575971415,0.6051133527708046,0.8973182914340536,1.7914431443280272,0.9999999999994418,13,0,0.0,0,multimodal,0.2,160.0,
hartmann6,ea20_p160_rand,1,1.7914431443280272,0.0001950575971415,0.6565749876852086,0.7230512516260991,1.454525689842031,0.8119295856228881,-1,0,0.0,0,multimodal,0.2,160.0,
hartmann6,ea20_p160_rand,2,1.7914431443280272,0.0001950575971415,0.4753460434620039,0.830082675312517,1.7914431443280272,0.9999999999994418,33,0,0.0,0,multimodal,0.2,160.0,
hartmann6,ea20_p160_rand,3,1.7914431443280272,0.0001950575971415,0.48122562128817803,0.7166865020078513,1.454525689842031,0.8119295856228881,-1,0,0.0,0,multimodal,0.2,160.0,
hartmann6,ea20_p160_rand,4,1.7914431443280272,0.0001950575971415,0.10777015419263257,0.5219940762333913,1.1832565038636558,0.6605046370627835,-1,0,0.0,0,multimodal,0.2,160.0,
hartmann6,ea20_p160_rand,5,1.7914431443280272,0.0001950575971415,0.07995088424058891,0.5373626710382399,1.1832565038636558,0.6605046370627835,-1,0,0.0,0,multimodal,0.2,160.0,
hartmann6,ea20_p160_rand,6,1.7914431443280272,0.0001950575971415,0.12824218389169903,0.6888319724218399,1.454525689842031,0.8119295856228881,-1,0,0.0,0,multimodal,0.2,160.0,
hartmann6,ea20_p160_rand,7,1.7914431443280272,0.0001950575971415,0.3582180283520165,0.7699297730920454,1.7914431443280272,0.9999999999994418,21,0,0.0,0,multimodal,0.2,160.0,
hartmann6,ea20_p160_rand,8,1.7914431443280272,0.0001950575971415,0.08921943774938301,0.49008599575694456,1.5429708877629285,0.8613005066040417,-1,0,0.0,0,multimodal,0.2,160.0,
hartmann6,ea20_p160_rand,9,1.7914431443280272,0.0001950575971415,0.8119295856233414,0.8608127382429441,1.7914431443280272,0.9999999999994418,37,0,0.0,0,multimodal,0.2,160.0,
hartmann6,ea20_p160_rand,10,1.7914431443280272,0.0001950575971415,0.41884855836326584,0.5681653837922185,1.7914431443280272,0.9999999999994418,45,0,0.0,0,multimodal,0.2,160.0,
hartmann6,ea20_p160_rand,11,1.7914431443280272,0.0001950575971415,0.0893963570108011,0.6162048301825728,1.7914431443280272,0.9999999999994418,37,0,0.0,0,multimodal,0.2,160.0,
hartmann6,ea20_p160_rand,12,1.7914431443280272,0.0001950575971415,0.0893963570108011,0.5687628235270286,1.454525689842031,0.8119295856228881,-1,0,0.0,0,multimodal,0.2,160.0,
hartmann6,ea20_p160_rand,13,1.7914431443280272,0.0001950575971415,0.30705316798911725,0.761415966128775,1.454525689842031,0.8119295856228881,-1,0,0.0,0,multimodal,0.2,160.0,
hartmann6,ea20_p160_rand,14,1.7914431443280272,0.0001950575971415,0.5277412980450483,0.6153232170577607,1.1832565038636558,0.6605046370627835,-1,0,0.0,0,multimodal,0.2,160.0,
hartmann6,ea20_p160_rand,15,1.7914431443280272,0.0001950575971415,0.6605046370631522,0.7487460741604963,1.7914431443280272,0.9999999999994418,37,0,0.0,0,multimodal,0.2,160.0,
hartmann6,ea20_p160_rand,16,1.7914431443280272,0.0001950575971415,0.6565749876852086,0.7097720217285652,1.5429708877629285,0.8613005066040417,-1,0,0.0,0,multimodal,0.2,160.0,
hartmann6,ea20_p160_rand,17,1.7914431443280272,0.0001950575971415,0.8613005066045224,0.8612854029513173,1.5429708877629285,0.8613005066040417,-1,0,0.0,0,multimodal,0.2,160.0,
hartmann6,ea20_p160_rand,18,1.7914431443280272,0.0001950575971415,0.12304381533818813,0.510042775427412,1.1832565038636558,0.6605046370627835,-1,0,0.0,0,multimodal,0.2,160.0,
hartmann6,ea20_p160_rand,19,1.7914431443280272,0.0001950575971415,1.0,1.0,1.7914431443280272,0.9999999999994418,0,0,0.0,0,multimodal,0.2,160.0,
hartmann6,ea90_p40_ucb2,0,1.7914431443280272,0.0001950575971415,0.6051133527708046,0.901750076723255,1.7914431443280272,0.9999999999994418,13,0,0.0,0,multimodal,0.9,40.0,ucb2
hartmann6,ea90_p40_ucb2,1,1.7914431443280272,0.0001950575971415,0.6565749876852086,0.9545565912849193,1.7914431443280272,0.9999999999994418,9,0,0.0,0,multimodal,0.9,40.0,ucb2
hartmann6,ea90_p40_ucb2,2,1.7914431443280272,0.0001950575971415,0.4753460434620039,0.9475288911375805,1.7914431443280272,0.9999999999994418,5,0,0.0,0,multimodal,0.9,40.0,ucb2
hartmann6,ea90_p40_ucb2,3,1.7914431443280272,0.0001950575971415,0.48122562128817803,0.7424891629982582,1.454525689842031,0.8119295856228881,-1,0,0.0,0,multimodal,0.9,40.0,ucb2
hartmann6,ea90_p40_ucb2,4,1.7914431443280272,0.0001950575971415,0.10777015419263257,0.6964591806456917,1.7914431443280272,0.9999999999994418,21,0,0.0,0,multimodal,0.9,40.0,ucb2
hartmann6,ea90_p40_ucb2,5,1.7914431443280272,0.0001950575971415,0.07995088424058891,0.6801385919238093,1.454525689842031,0.8119295856228881,-1,0,0.0,0,multimodal,0.9,40.0,ucb2
hartmann6,ea90_p40_ucb2,6,1.7914431443280272,0.0001950575971415,0.12824218389169903,0.7559781881232694,1.7914431443280272,0.9999999999994418,29,0,0.0,0,multimodal,0.9,40.0,ucb2
hartmann6,ea90_p40_ucb2,7,1.7914431443280272,0.0001950575971415,0.3582180283520165,0.884466665494186,1.7914431443280272,0.9999999999994418,9,0,0.0,0,multimodal,0.9,40.0,ucb2
hartmann6,ea90_p40_ucb2,8,1.7914431443280272,0.0001950575971415,0.08921943774938301,0.8173452456248964,1.7914431443280272,0.9999999999994418,25,0,0.0,0,multimodal,0.9,40.0,ucb2
hartmann6,ea90_p40_ucb2,9,1.7914431443280272,0.0001950575971415,0.8119295856233414,0.8608127382429441,1.7914431443280272,0.9999999999994418,37,0,0.0,0,multimodal,0.9,40.0,ucb2
hartmann6,ea90_p40_ucb2,10,1.7914431443280272,0.0001950575971415,0.41884855836326584,0.8842841815551847,1.7914431443280272,0.9999999999994418,13,0,0.0,0,multimodal,0.9,40.0,ucb2
hartmann6,ea90_p40_ucb2,11,1.7914431443280272,0.0001950575971415,0.0893963570108011,0.8534438808817036,1.7914431443280272,0.9999999999994418,25,0,0.0,0,multimodal,0.9,40.0,ucb2
hartmann6,ea90_p40_ucb2,12,1.7914431443280272,0.0001950575971415,0.0893963570108011,0.5999503312618947,1.454525689842031,0.8119295856228881,-1,0,0.0,0,multimodal,0.9,40.0,ucb2
hartmann6,ea90_p40_ucb2,13,1.7914431443280272,0.0001950575971415,0.30705316798911725,0.5582631417662347,1.7914431443280272,0.9999999999994418,37,0,0.0,0,multimodal,0.9,40.0,ucb2
hartmann6,ea90_p40_ucb2,14,1.7914431443280272,0.0001950575971415,0.5277412980450483,0.6969454868604736,1.5429708877629285,0.8613005066040417,-1,0,0.0,0,multimodal,0.9,40.0,ucb2
hartmann6,ea90_p40_ucb2,15,1.7914431443280272,0.0001950575971415,0.6605046370631522,0.6604676677844544,1.1832565038636558,0.6605046370627835,-1,0,0.0,0,multimodal,0.9,40.0,ucb2
hartmann6,ea90_p40_ucb2,16,1.7914431443280272,0.0001950575971415,0.6565749876852086,0.6597602538711176,1.1832565038636558,0.6605046370627835,-1,0,0.0,0,multimodal,0.9,40.0,ucb2
hartmann6,ea90_p40_ucb2,17,1.7914431443280272,0.0001950575971415,0.8613005066045224,0.9417398692395532,1.7914431443280272,0.9999999999994418,21,0,0.0,0,multimodal,0.9,40.0,ucb2
hartmann6,ea90_p40_ucb2,18,1.7914431443280272,0.0001950575971415,0.12304381533818813,0.6426169594296006,1.7914431443280272,0.9999999999994418,41,0,0.0,0,multimodal,0.9,40.0,ucb2
hartmann6,ea90_p40_ucb2,19,1.7914431443280272,0.0001950575971415,1.0,1.0,1.7914431443280272,0.9999999999994418,0,0,0.0,0,multimodal,0.9,40.0,ucb2
hartmann6,ea90_p40_rand,0,1.7914431443280272,0.0001950575971415,0.6051133527708046,0.7250368290267146,1.454525689842031,0.8119295856228881,-1,0,0.0,0,multimodal,0.9,40.0,
hartmann6,ea90_p40_rand,1,1.7914431443280272,0.0001950575971415,0.6565749876852086,0.6581882229525914,1.1832565038636558,0.6605046370627835,-1,0,0.0,0,multimodal,0.9,40.0,
hartmann6,ea90_p40_rand,2,1.7914431443280272,0.0001950575971415,0.4753460434620039,0.5872799596428028,1.1226415606613571,0.6266688196134936,-1,0,0.0,0,multimodal,0.9,40.0,
hartmann6,ea90_p40_rand,3,1.7914431443280272,0.0001950575971415,0.48122562128817803,0.7079084844176456,1.454525689842031,0.8119295856228881,-1,0,0.0,0,multimodal,0.9,40.0,
hartmann6,ea90_p40_rand,4,1.7914431443280272,0.0001950575971415,0.10777015419263257,0.6199225408944811,1.7914431443280272,0.9999999999994418,29,0,0.0,0,multimodal,0.9,40.0,
hartmann6,ea90_p40_rand,5,1.7914431443280272,0.0001950575971415,0.07995088424058891,0.5651157366024221,1.5429708877629285,0.8613005066040417,-1,0,0.0,0,multimodal,0.9,40.0,
hartmann6,ea90_p40_rand,6,1.7914431443280272,0.0001950575971415,0.12824218389169903,0.6816987206459256,1.454525689842031,0.8119295856228881,-1,0,0.0,0,multimodal,0.9,40.0,
hartmann6,ea90_p40_rand,7,1.7914431443280272,0.0001950575971415,0.3582180283520165,0.7665330093237742,1.454525689842031,0.8119295856228881,-1,0,0.0,0,multimodal,0.9,40.0,
hartmann6,ea90_p40_rand,8,1.7914431443280272,0.0001950575971415,0.08921943774938301,0.7225772761970106,1.5429708877629285,0.8613005066040417,-1,0,0.0,0,multimodal,0.9,40.0,
hartmann6,ea90_p40_rand,9,1.7914431443280272,0.0001950575971415,0.8119295856233414,0.8484475656747389,1.5429708877629285,0.8613005066040417,-1,0,0.0,0,multimodal,0.9,40.0,
hartmann6,ea90_p40_rand,10,1.7914431443280272,0.0001950575971415,0.41884855836326584,0.6952144049183591,1.7914431443280272,0.9999999999994418,41,0,0.0,0,multimodal,0.9,40.0,
hartmann6,ea90_p40_rand,11,1.7914431443280272,0.0001950575971415,0.0893963570108011,0.5845749523518213,1.1832565038636558,0.6605046370627835,-1,0,0.0,0,multimodal,0.9,40.0,
hartmann6,ea90_p40_rand,12,1.7914431443280272,0.0001950575971415,0.0893963570108011,0.5321619480437798,1.176216760425926,0.6565749876848421,-1,0,0.0,0,multimodal,0.9,40.0,
hartmann6,ea90_p40_rand,13,1.7914431443280272,0.0001950575971415,0.30705316798911725,0.701099983888563,1.5429708877629285,0.8613005066040417,-1,0,0.0,0,multimodal,0.9,40.0,
hartmann6,ea90_p40_rand,14,1.7914431443280272,0.0001950575971415,0.5277412980450483,0.724403698469125,1.454525689842031,0.8119295856228881,-1,0,0.0,0,multimodal,0.9,40.0,
hartmann6,ea90_p40_rand,15,1.7914431443280272,0.0001950575971415,0.6605046370631522,0.7487460741604963,1.7914431443280272,0.9999999999994418,37,0,0.0,0,multimodal,0.9,40.0,
hartmann6,ea90_p40_rand,16,1.7914431443280272,0.0001950575971415,0.6565749876852086,0.7342233481109237,1.454525689842031,0.8119295856228881,-1,0,0.0,0,multimodal,0.9,40.0,
hartmann6,ea90_p40_rand,17,1.7914431443280272,0.0001950575971415,0.8613005066045224,0.8862540304200802,1.7914431443280272,0.9999999999994418,41,0,0.0,0,multimodal,0.9,40.0,
hartmann6,ea90_p40_rand,18,1.7914431443280272,0.0001950575971415,0.12304381533818813,0.40130252600316424,1.1832565038636558,0.6605046370627835,-1,0,0.0,0,multimodal,0.9,40.0,
hartmann6,ea90_p40_rand,19,1.7914431443280272,0.0001950575971415,1.0,1.0,1.7914431443280272,0.9999999999994418,0,0,0.0,0,multimodal,0.9,40.0,
hartmann6,ea90_p160_ucb2,0,1.7914431443280272,0.0001950575971415,0.6051133527708046,0.917815495536604,1.7914431443280272,0.9999999999994418,13,0,0.0,0,multimodal,0.9,160.0,ucb2
hartmann6,ea90_p160_ucb2,1,1.7914431443280272,0.0001950575971415,0.6565749876852086,0.9545565912849193,1.7914431443280272,0.9999999999994418,9,0,0.0,0,multimodal,0.9,160.0,ucb2
hartmann6,ea90_p160_ucb2,2,1.7914431443280272,0.0001950575971415,0.4753460434620039,0.9475288911375805,1.7914431443280272,0.9999999999994418,5,0,0.0,0,multimodal,0.9,160.0,ucb2
hartmann6,ea90_p160_ucb2,3,1.7914431443280272,0.0001950575971415,0.48122562128817803,0.7763455239661906,1.7914431443280272,0.9999999999994418,41,0,0.0,0,multimodal,0.9,160.0,ucb2
hartmann6,ea90_p160_ucb2,4,1.7914431443280272,0.0001950575971415,0.10777015419263257,0.8211580592902117,1.7914431443280272,0.9999999999994418,17,0,0.0,0,multimodal,0.9,160.0,ucb2
hartmann6,ea90_p160_ucb2,5,1.7914431443280272,0.0001950575971415,0.07995088424058891,0.7800479520676811,1.7914431443280272,0.9999999999994418,17,0,0.0,0,multimodal,0.9,160.0,ucb2
hartmann6,ea90_p160_ucb2,6,1.7914431443280272,0.0001950575971415,0.12824218389169903,0.806578053846208,1.7914431443280272,0.9999999999994418,17,0,0.0,0,multimodal,0.9,160.0,ucb2
hartmann6,ea90_p160_ucb2,7,1.7914431443280272,0.0001950575971415,0.3582180283520165,0.9083378214024878,1.7914431443280272,0.9999999999994418,9,0,0.0,0,multimodal,0.9,160.0,ucb2
hartmann6,ea90_p160_ucb2,8,1.7914431443280272,0.0001950575971415,0.08921943774938301,0.8259682242578994,1.7914431443280272,0.9999999999994418,17,0,0.0,0,multimodal,0.9,160.0,ucb2
hartmann6,ea90_p160_ucb2,9,1.7914431443280272,0.0001950575971415,0.8119295856233414,0.8758600097842475,1.7914431443280272,0.9999999999994418,33,0,0.0,0,multimodal,0.9,160.0,ucb2
hartmann6,ea90_p160_ucb2,10,1.7914431443280272,0.0001950575971415,0.41884855836326584,0.9307813596355939,1.7914431443280272,0.9999999999994418,9,0,0.0,0,multimodal,0.9,160.0,ucb2
hartmann6,ea90_p160_ucb2,11,1.7914431443280272,0.0001950575971415,0.0893963570108011,0.8978325519372821,1.7914431443280272,0.9999999999994418,9,0,0.0,0,multimodal,0.9,160.0,ucb2
hartmann6,ea90_p160_ucb2,12,1.7914431443280272,0.0001950575971415,0.0893963570108011,0.677040797769059,1.5429708877629285,0.8613005066040417,-1,0,0.0,0,multimodal,0.9,160.0,ucb2
hartmann6,ea90_p160_ucb2,13,1.7914431443280272,0.0001950575971415,0.30705316798911725,0.7097078163501169,1.7914431443280272,0.9999999999994418,29,0,0.0,0,multimodal,0.9,160.0,ucb2
hartmann6,ea90_p160_ucb2,14,1.7914431443280272,0.0001950575971415,0.5277412980450483,0.8712812274212163,1.7914431443280272,0.9999999999994418,17,0,0.0,0,multimodal,0.9,160.0,ucb2
hartmann6,ea90_p160_ucb2,15,1.7914431443280272,0.0001950575971415,0.6605046370631522,0.7361883867590815,1.454525689842031,0.8119295856228881,-1,0,0.0,0,multimodal,0.9,160.0,ucb2
hartmann6,ea90_p160_ucb2,16,1.7914431443280272,0.0001950575971415,0.6565749876852086,0.7217936268912781,1.454525689842031,0.8119295856228881,-1,0,0.0,0,multimodal,0.9,160.0,ucb2
hartmann6,ea90_p160_ucb2,17,1.7914431443280272,0.0001950575971415,0.8613005066045224,0.9750313725312371,1.7914431443280272,0.9999999999994418,9,0,0.0,0,multimodal,0.9,160.0,ucb2
hartmann6,ea90_p160_ucb2,18,1.7914431443280272,0.0001950575971415,0.12304381533818813,0.7295306636067072,1.7914431443280272,0.9999999999994418,21,0,0.0,0,multimodal,0.9,160.0,ucb2
hartmann6,ea90_p160_ucb2,19,1.7914431443280272,0.0001950575971415,1.0,1.0,1.7914431443280272,0.9999999999994418,0,0,0.0,0,multimodal,0.9,160.0,ucb2
hartmann6,ea90_p160_rand,0,1.7914431443280272,0.0001950575971415,0.6051133527708046,0.8143984039807981,1.7914431443280272,0.9999999999994418,33,0,0.0,0,multimodal,0.9,160.0,
hartmann6,ea90_p160_rand,1,1.7914431443280272,0.0001950575971415,0.6565749876852086,0.7679705240493843,1.5429708877629285,0.8613005066040417,-1,0,0.0,0,multimodal,0.9,160.0,
hartmann6,ea90_p160_rand,2,1.7914431443280272,0.0001950575971415,0.4753460434620039,0.8184333023337996,1.7914431443280272,0.9999999999994418,25,0,0.0,0,multimodal,0.9,160.0,
hartmann6,ea90_p160_rand,3,1.7914431443280272,0.0001950575971415,0.48122562128817803,0.6729983156976654,1.454525689842031,0.8119295856228881,-1,0,0.0,0,multimodal,0.9,160.0,
hartmann6,ea90_p160_rand,4,1.7914431443280272,0.0001950575971415,0.10777015419263257,0.7196648839868636,1.7914431443280272,0.9999999999994418,41,0,0.0,0,multimodal,0.9,160.0,
hartmann6,ea90_p160_rand,5,1.7914431443280272,0.0001950575971415,0.07995088424058891,0.41192340499369445,1.176216760425926,0.6565749876848421,-1,0,0.0,0,multimodal,0.9,160.0,
hartmann6,ea90_p160_rand,6,1.7914431443280272,0.0001950575971415,0.12824218389169903,0.6866535544947299,1.5429708877629285,0.8613005066040417,-1,0,0.0,0,multimodal,0.9,160.0,
hartmann6,ea90_p160_rand,7,1.7914431443280272,0.0001950575971415,0.3582180283520165,0.9358148141634366,1.7914431443280272,0.9999999999994418,5,0,0.0,0,multimodal,0.9,160.0,
hartmann6,ea90_p160_rand,8,1.7914431443280272,0.0001950575971415,0.08921943774938301,0.7272004997891682,1.454525689842031,0.8119295856228881,-1,0,0.0,0,multimodal,0.9,160.0,
hartmann6,ea90_p160_rand,9,1.7914431443280272,0.0001950575971415,0.8119295856233414,0.8119091057337084,1.454525689842031,0.8119295856228881,-1,0,0.0,0,multimodal,0.9,160.0,
hartmann6,ea90_p160_rand,10,1.7914431443280272,0.0001950575971415,0.41884855836326584,0.6482952195999203,1.5429708877629285,0.8613005066040417,-1,0,0.0,0,multimodal,0.9,160.0,
hartmann6,ea90_p160_rand,11,1.7914431443280272,0.0001950575971415,0.0893963570108011,0.6170801620700318,1.7914431443280272,0.9999999999994418,37,0,0.0,0,multimodal,0.9,160.0,
hartmann6,ea90_p160_rand,12,1.7914431443280272,0.0001950575971415,0.0893963570108011,0.45991179004555427,1.1832565038636558,0.6605046370627835,-1,0,0.0,0,multimodal,0.9,160.0,
hartmann6,ea90_p160_rand,13,1.7914431443280272,0.0001950575971415,0.30705316798911725,0.46815309721529164,1.1832565038636558,0.6605046370627835,-1,0,0.0,0,multimodal,0.9,160.0,
hartmann6,ea90_p160_rand,14,1.7914431443280272,0.0001950575971415,0.5277412980450483,0.8703380088701007,1.7914431443280272,0.9999999999994418,17,0,0.0,0,multimodal,0.9,160.0,
hartmann6,ea90_p160_rand,15,1.7914431443280272,0.0001950575971415,0.6605046370631522,0.7529763278130684,1.5429708877629285,0.8613005066040417,-1,0,0.0,0,multimodal,0.9,160.0,
hartmann6,ea90_p160_rand,16,1.7914431443280272,0.0001950575971415,0.6565749876852086,0.686390900334573,1.454525689842031,0.8119295856228881,-1,0,0.0,0,multimodal,0.9,160.0,
hartmann6,ea90_p160_rand,17,1.7914431443280272,0.0001950575971415,0.8613005066045224,0.9750313725312371,1.7914431443280272,0.9999999999994418,9,0,0.0,0,multimodal,0.9,160.0,
hartmann6,ea90_p160_rand,18,1.7914431443280272,0.0001950575971415,0.12304381533818813,0.5874261281662962,1.454525689842031,0.8119295856228881,-1,0,0.0,0,multimodal,0.9,160.0,
hartmann6,ea90_p160_rand,19,1.7914431443280272,0.0001950575971415,1.0,1.0,1.7914431443280272,0.9999999999994418,0,0,0.0,0,multimodal,0.9,160.0,
hartmann6,egbo_default,0,1.7914431443280272,0.0001950575971415,0.6051133527708046,0.8745874901460116,1.7914431443280272,0.9999999999994418,17,0,0.0,0,multimodal,,,
hartmann6,egbo_default,1,1.7914431443280272,0.0001950575971415,0.6565749876852086,0.9545565912849193,1.7914431443280272,0.9999999999994418,9,0,0.0,0,multimodal,,,
hartmann6,egbo_default,2,1.7914431443280272,0.0001950575971415,0.4753460434620039,0.9475288911375805,1.7914431443280272,0.9999999999994418,5,0,0.0,0,multimodal,,,
hartmann6,egbo_default,3,1.7914431443280272,0.0001950575971415,0.48122562128817803,0.7992930030623114,1.7914431443280272,0.9999999999994418,37,0,0.0,0,multimodal,,,
hartmann6,egbo_default,4,1.7914431443280272,0.0001950575971415,0.10777015419263257,0.6964591806456917,1.7914431443280272,0.9999999999994418,21,0,0.0,0,multimodal,,,
hartmann6,egbo_default,5,1.7914431443280272,0.0001950575971415,0.07995088424058891,0.7800479520676811,1.7914431443280272,0.9999999999994418,17,0,0.0,0,multimodal,,,
hartmann6,egbo_default,6,1.7914431443280272,0.0001950575971415,0.12824218389169903,0.809285214005711,1.7914431443280272,0.9999999999994418,17,0,0.0,0,multimodal,,,
hartmann6,egbo_default,7,1.7914431443280272,0.0001950575971415,0.3582180283520165,0.9358148141634366,1.7914431443280272,0.9999999999994418,5,0,0.0,0,multimodal,,,
hartmann6,egbo_default,8,1.7914431443280272,0.0001950575971415,0.08921943774938301,0.8163270983528506,1.7914431443280272,0.9999999999994418,21,0,0.0,0,multimodal,,,
hartmann6,egbo_default,9,1.7914431443280272,0.0001950575971415,0.8119295856233414,0.8119091057337084,1.454525689842031,0.8119295856228881,-1,0,0.0,0,multimodal,,,
hartmann6,egbo_default,10,1.7914431443280272,0.0001950575971415,0.41884855836326584,0.8842841815551847,1.7914431443280272,0.9999999999994418,13,0,0.0,0,multimodal,,,
hartmann6,egbo_default,11,1.7914431443280272,0.0001950575971415,0.0893963570108011,0.8978325519372821,1.7914431443280272,0.9999999999994418,9,0,0.0,0,multimodal,,,
hartmann6,egbo_default,12,1.7914431443280272,0.0001950575971415,0.0893963570108011,0.750194590817211,1.7914431443280272,0.9999999999994418,21,0,0.0,0,multimodal,,,
hartmann6,egbo_default,13,1.7914431443280272,0.0001950575971415,0.30705316798911725,0.6347969333918069,1.7914431443280272,0.9999999999994418,37,0,0.0,0,multimodal,,,
hartmann6,egbo_default,14,1.7914431443280272,0.0001950575971415,0.5277412980450483,0.7350259221695237,1.454525689842031,0.8119295856228881,-1,0,0.0,0,multimodal,,,
hartmann6,egbo_default,15,1.7914431443280272,0.0001950575971415,0.6605046370631522,0.6877271266153202,1.454525689842031,0.8119295856228881,-1,0,0.0,0,multimodal,,,
hartmann6,egbo_default,16,1.7914431443280272,0.0001950575971415,0.6565749876852086,0.7217936268912781,1.454525689842031,0.8119295856228881,-1,0,0.0,0,multimodal,,,
hartmann6,egbo_default,17,1.7914431443280272,0.0001950575971415,0.8613005066045224,0.9417398692395532,1.7914431443280272,0.9999999999994418,21,0,0.0,0,multimodal,,,
hartmann6,egbo_default,18,1.7914431443280272,0.0001950575971415,0.12304381533818813,0.6843197852651107,1.7914431443280272,0.9999999999994418,33,0,0.0,0,multimodal,,,
hartmann6,egbo_default,19,1.7914431443280272,0.0001950575971415,1.0,1.0,1.7914431443280272,0.9999999999994418,0,0,0.0,0,multimodal,,,
pareto_20210112,ea20_p40_ucb2,0,6.114679357715656,-1.6910003165941683,0.19584878968100458,0.8743334765791567,6.114679357715656,0.9999999999998365,9,0,0.0,0,structured,0.2,40.0,ucb2
pareto_20210112,ea20_p40_ucb2,1,6.114679357715656,-1.6910003165941683,0.4115825569226108,0.7660042759440597,5.007901563748517,0.8189965934074044,-1,0,0.0,0,structured,0.2,40.0,ucb2
pareto_20210112,ea20_p40_ucb2,2,6.114679357715656,-1.6910003165941683,0.057067065648016786,0.7789348058005278,6.114679357715656,0.9999999999998365,17,0,0.0,0,structured,0.2,40.0,ucb2
pareto_20210112,ea20_p40_ucb2,3,6.114679357715656,-1.6910003165941683,0.5462879482906924,0.9506359501334125,6.114679357715656,0.9999999999998365,5,0,0.0,0,structured,0.2,40.0,ucb2
pareto_20210112,ea20_p40_ucb2,4,6.114679357715656,-1.6910003165941683,0.45221717849653986,0.8234534906067021,6.114679357715656,0.9999999999998365,29,0,0.0,0,structured,0.2,40.0,ucb2
pareto_20210112,ea20_p40_ucb2,5,6.114679357715656,-1.6910003165941683,0.45221717849653986,0.6790642691611599,3.8867505271241742,0.6356425741636214,-1,0,0.0,0,structured,0.2,40.0,ucb2
pareto_20210112,ea20_p40_ucb2,6,6.114679357715656,-1.6910003165941683,0.4115825569226108,0.7456972398433575,6.114679357715656,0.9999999999998365,29,0,0.0,0,structured,0.2,40.0,ucb2
pareto_20210112,ea20_p40_ucb2,7,6.114679357715656,-1.6910003165941683,0.8189965934075383,0.9645521645728756,6.114679357715656,0.9999999999998365,9,0,0.0,0,structured,0.2,40.0,ucb2
pareto_20210112,ea20_p40_ucb2,8,6.114679357715656,-1.6910003165941683,0.6356425741637254,0.8335026281624506,6.114679357715656,0.9999999999998365,21,0,0.0,0,structured,0.2,40.0,ucb2
pareto_20210112,ea20_p40_ucb2,9,6.114679357715656,-1.6910003165941683,-0.023234323203362002,0.5658518674400699,6.114679357715656,0.9999999999998365,29,0,0.0,0,structured,0.2,40.0,ucb2
pareto_20210112,ea20_p40_ucb2,10,6.114679357715656,-1.6910003165941683,0.03158159366629744,0.688455182099737,6.114679357715656,0.9999999999998365,17,0,0.0,0,structured,0.2,40.0,ucb2
pareto_20210112,ea20_p40_ucb2,11,6.114679357715656,-1.6910003165941683,1.0,1.0,6.114679357715656,0.9999999999998365,0,0,0.0,0,structured,0.2,40.0,ucb2
pareto_20210112,ea20_p40_ucb2,12,6.114679357715656,-1.6910003165941683,1.0,1.0,6.114679357715656,0.9999999999998365,0,0,0.0,0,structured,0.2,40.0,ucb2
pareto_20210112,ea20_p40_ucb2,13,6.114679357715656,-1.6910003165941683,0.25146153966618423,0.85340569742685,6.114679357715656,0.9999999999998365,9,0,0.0,0,structured,0.2,40.0,ucb2
pareto_20210112,ea20_p40_ucb2,14,6.114679357715656,-1.6910003165941683,0.07304071307402091,0.8991464646096115,6.114679357715656,0.9999999999998365,5,0,0.0,0,structured,0.2,40.0,ucb2
pareto_20210112,ea20_p40_ucb2,15,6.114679357715656,-1.6910003165941683,0.3758852792804206,0.6863142380349037,3.8867505271241742,0.6356425741636214,-1,0,0.0,0,structured,0.2,40.0,ucb2
pareto_20210112,ea20_p40_ucb2,16,6.114679357715656,-1.6910003165941683,0.45221717849653986,0.7501183026697215,6.114679357715656,0.9999999999998365,29,0,0.0,0,structured,0.2,40.0,ucb2
pareto_20210112,ea20_p40_ucb2,17,6.114679357715656,-1.6910003165941683,0.29067556891335994,0.821594160812967,6.114679357715656,0.9999999999998365,13,0,0.0,0,structured,0.2,40.0,ucb2
pareto_20210112,ea20_p40_ucb2,18,6.114679357715656,-1.6910003165941683,0.19789332743827667,0.811405673733141,6.114679357715656,0.9999999999998365,17,0,0.0,0,structured,0.2,40.0,ucb2
pareto_20210112,ea20_p40_ucb2,19,6.114679357715656,-1.6910003165941683,0.14877319700318745,0.8284037088928105,6.114679357715656,0.9999999999998365,13,0,0.0,0,structured,0.2,40.0,ucb2
pareto_20210112,ea20_p40_rand,0,6.114679357715656,-1.6910003165941683,0.19584878968100458,0.7283006241768066,6.114679357715656,0.9999999999998365,29,0,0.0,0,structured,0.2,40.0,
pareto_20210112,ea20_p40_rand,1,6.114679357715656,-1.6910003165941683,0.4115825569226108,0.6185590442556694,3.8867505271241742,0.6356425741636214,-1,0,0.0,0,structured,0.2,40.0,
pareto_20210112,ea20_p40_rand,2,6.114679357715656,-1.6910003165941683,0.057067065648016786,0.5936556146630407,3.4328742170248834,0.5614152461964559,-1,0,0.0,0,structured,0.2,40.0,
pareto_20210112,ea20_p40_rand,3,6.114679357715656,-1.6910003165941683,0.5462879482906924,0.9506359501334125,6.114679357715656,0.9999999999998365,5,0,0.0,0,structured,0.2,40.0,
pareto_20210112,ea20_p40_rand,4,6.114679357715656,-1.6910003165941683,0.45221717849653986,0.7385007429665552,5.007901563748517,0.8189965934074044,-1,0,0.0,0,structured,0.2,40.0,
pareto_20210112,ea20_p40_rand,5,6.114679357715656,-1.6910003165941683,0.45221717849653986,0.818302913536667,5.007901563748517,0.8189965934074044,-1,0,0.0,0,structured,0.2,40.0,
pareto_20210112,ea20_p40_rand,6,6.114679357715656,-1.6910003165941683,0.4115825569226108,0.6133779070370187,3.4328742170248834,0.5614152461964559,-1,0,0.0,0,structured,0.2,40.0,
pareto_20210112,ea20_p40_rand,7,6.114679357715656,-1.6910003165941683,0.8189965934075383,0.9330429775265426,6.114679357715656,0.9999999999998365,17,0,0.0,0,structured,0.2,40.0,
pareto_20210112,ea20_p40_rand,8,6.114679357715656,-1.6910003165941683,0.6356425741637254,0.8652164132743647,6.114679357715656,0.9999999999998365,17,0,0.0,0,structured,0.2,40.0,
pareto_20210112,ea20_p40_rand,9,6.114679357715656,-1.6910003165941683,-0.023234323203362002,0.6059708644396586,5.007901563748517,0.8189965934074044,-1,0,0.0,0,structured,0.2,40.0,
pareto_20210112,ea20_p40_rand,10,6.114679357715656,-1.6910003165941683,0.03158159366629744,0.8946356960943,6.114679357715656,0.9999999999998365,5,0,0.0,0,structured,0.2,40.0,
pareto_20210112,ea20_p40_rand,11,6.114679357715656,-1.6910003165941683,1.0,1.0,6.114679357715656,0.9999999999998365,0,0,0.0,0,structured,0.2,40.0,
pareto_20210112,ea20_p40_rand,12,6.114679357715656,-1.6910003165941683,1.0,1.0,6.114679357715656,0.9999999999998365,0,0,0.0,0,structured,0.2,40.0,
pareto_20210112,ea20_p40_rand,13,6.114679357715656,-1.6910003165941683,0.25146153966618423,0.6406778529505981,5.007901563748517,0.8189965934074044,-1,0,0.0,0,structured,0.2,40.0,
pareto_20210112,ea20_p40_rand,14,6.114679357715656,-1.6910003165941683,0.07304071307402091,0.8514672752825766,6.114679357715656,0.9999999999998365,9,0,0.0,0,structured,0.2,40.0,
pareto_20210112,ea20_p40_rand,15,6.114679357715656,-1.6910003165941683,0.3758852792804206,0.6927775367802655,6.114679357715656,0.9999999999998365,25,0,0.0,0,structured,0.2,40.0,
pareto_20210112,ea20_p40_rand,16,6.114679357715656,-1.6910003165941683,0.45221717849653986,0.818302913536667,5.007901563748517,0.8189965934074044,-1,0,0.0,0,structured,0.2,40.0,
pareto_20210112,ea20_p40_rand,17,6.114679357715656,-1.6910003165941683,0.29067556891335994,0.5923159516223812,3.340375640781934,0.546287948290603,-1,0,0.0,0,structured,0.2,40.0,
pareto_20210112,ea20_p40_rand,18,6.114679357715656,-1.6910003165941683,0.19789332743827667,0.6700240094532901,5.007901563748517,0.8189965934074044,-1,0,0.0,0,structured,0.2,40.0,
pareto_20210112,ea20_p40_rand,19,6.114679357715656,-1.6910003165941683,0.14877319700318745,0.7093260232265097,6.114679357715656,0.9999999999998365,29,0,0.0,0,structured,0.2,40.0,
pareto_20210112,ea20_p160_ucb2,0,6.114679357715656,-1.6910003165941683,0.19584878968100458,0.8809988446514964,6.114679357715656,0.9999999999998365,13,0,0.0,0,structured,0.2,160.0,ucb2
pareto_20210112,ea20_p160_ucb2,1,6.114679357715656,-1.6910003165941683,0.4115825569226108,0.7774110249552716,6.114679357715656,0.9999999999998365,25,0,0.0,0,structured,0.2,160.0,ucb2
pareto_20210112,ea20_p160_ucb2,2,6.114679357715656,-1.6910003165941683,0.057067065648016786,0.699348360027497,6.114679357715656,0.9999999999998365,29,0,0.0,0,structured,0.2,160.0,ucb2
pareto_20210112,ea20_p160_ucb2,3,6.114679357715656,-1.6910003165941683,0.5462879482906924,0.9506359501334125,6.114679357715656,0.9999999999998365,5,0,0.0,0,structured,0.2,160.0,ucb2
pareto_20210112,ea20_p160_ucb2,4,6.114679357715656,-1.6910003165941683,0.45221717849653986,0.7618700186103577,6.114679357715656,0.9999999999998365,25,0,0.0,0,structured,0.2,160.0,ucb2
pareto_20210112,ea20_p160_ucb2,5,6.114679357715656,-1.6910003165941683,0.45221717849653986,0.6946191787238717,3.8867505271241742,0.6356425741636214,-1,0,0.0,0,structured,0.2,160.0,ucb2
pareto_20210112,ea20_p160_ucb2,6,6.114679357715656,-1.6910003165941683,0.4115825569226108,0.9359799505148426,6.114679357715656,0.9999999999998365,5,0,0.0,0,structured,0.2,160.0,ucb2
pareto_20210112,ea20_p160_ucb2,7,6.114679357715656,-1.6910003165941683,0.8189965934075383,0.9487975710497092,6.114679357715656,0.9999999999998365,13,0,0.0,0,structured,0.2,160.0,ucb2
pareto_20210112,ea20_p160_ucb2,8,6.114679357715656,-1.6910003165941683,0.6356425741637254,0.8652164132743647,6.114679357715656,0.9999999999998365,17,0,0.0,0,structured,0.2,160.0,ucb2
pareto_20210112,ea20_p160_ucb2,9,6.114679357715656,-1.6910003165941683,-0.023234323203362002,0.5555149786592088,3.8867505271241742,0.6356425741636214,-1,0,0.0,0,structured,0.2,160.0,ucb2
pareto_20210112,ea20_p160_ucb2,10,6.114679357715656,-1.6910003165941683,0.03158159366629744,0.824820078662955,6.114679357715656,0.9999999999998365,9,0,0.0,0,structured,0.2,160.0,ucb2
pareto_20210112,ea20_p160_ucb2,11,6.114679357715656,-1.6910003165941683,1.0,1.0,6.114679357715656,0.9999999999998365,0,0,0.0,0,structured,0.2,160.0,ucb2
pareto_20210112,ea20_p160_ucb2,12,6.114679357715656,-1.6910003165941683,1.0,1.0,6.114679357715656,0.9999999999998365,0,0,0.0,0,structured,0.2,160.0,ucb2
pareto_20210112,ea20_p160_ucb2,13,6.114679357715656,-1.6910003165941683,0.25146153966618423,0.6436390442463541,6.114679357715656,0.9999999999998365,29,0,0.0,0,structured,0.2,160.0,ucb2
pareto_20210112,ea20_p160_ucb2,14,6.114679357715656,-1.6910003165941683,0.07304071307402091,0.8991464646096115,6.114679357715656,0.9999999999998365,5,0,0.0,0,structured,0.2,160.0,ucb2
pareto_20210112,ea20_p160_ucb2,15,6.114679357715656,-1.6910003165941683,0.3758852792804206,0.7735271470926675,6.114679357715656,0.9999999999998365,25,0,0.0,0,structured,0.2,160.0,ucb2
pareto_20210112,ea20_p160_ucb2,16,6.114679357715656,-1.6910003165941683,0.45221717849653986,0.8931372327717073,6.114679357715656,0.9999999999998365,17,0,0.0,0,structured,0.2,160.0,ucb2
pareto_20210112,ea20_p160_ucb2,17,6.114679357715656,-1.6910003165941683,0.29067556891335994,0.8438427428280361,6.114679357715656,0.9999999999998365,13,0,0.0,0,structured,0.2,160.0,ucb2
pareto_20210112,ea20_p160_ucb2,18,6.114679357715656,-1.6910003165941683,0.19789332743827667,0.9127304782108188,6.114679357715656,0.9999999999998365,5,0,0.0,0,structured,0.2,160.0,ucb2
pareto_20210112,ea20_p160_ucb2,19,6.114679357715656,-1.6910003165941683,0.14877319700318745,0.7889124689995404,6.114679357715656,0.9999999999998365,17,0,0.0,0,structured,0.2,160.0,ucb2
pareto_20210112,ea20_p160_rand,0,6.114679357715656,-1.6910003165941683,0.19584878968100458,0.8967534381746627,6.114679357715656,0.9999999999998365,9,0,0.0,0,structured,0.2,160.0,
pareto_20210112,ea20_p160_rand,1,6.114679357715656,-1.6910003165941683,0.4115825569226108,0.6418089171926589,3.8867505271241742,0.6356425741636214,-1,0,0.0,0,structured,0.2,160.0,
pareto_20210112,ea20_p160_rand,2,6.114679357715656,-1.6910003165941683,0.057067065648016786,0.6407906561027622,5.007901563748517,0.8189965934074044,-1,0,0.0,0,structured,0.2,160.0,
pareto_20210112,ea20_p160_rand,3,6.114679357715656,-1.6910003165941683,0.5462879482906924,0.6445788409605695,3.340375640781934,0.546287948290603,-1,0,0.0,0,structured,0.2,160.0,
pareto_20210112,ea20_p160_rand,4,6.114679357715656,-1.6910003165941683,0.45221717849653986,0.9404010133412066,6.114679357715656,0.9999999999998365,5,0,0.0,0,structured,0.2,160.0,
pareto_20210112,ea20_p160_rand,5,6.114679357715656,-1.6910003165941683,0.45221717849653986,0.7286230671546429,5.007901563748517,0.8189965934074044,-1,0,0.0,0,structured,0.2,160.0,
pareto_20210112,ea20_p160_rand,6,6.114679357715656,-1.6910003165941683,0.4115825569226108,0.5926868435164488,3.8867505271241742,0.6356425741636214,-1,0,0.0,0,structured,0.2,160.0,
pareto_20210112,ea20_p160_rand,7,6.114679357715656,-1.6910003165941683,0.8189965934075383,0.8582086582915023,5.007901563748517,0.8189965934074044,-1,0,0.0,0,structured,0.2,160.0,
pareto_20210112,ea20_p160_rand,8,6.114679357715656,-1.6910003165941683,0.6356425741637254,0.7145759339927724,3.8867505271241742,0.6356425741636214,-1,0,0.0,0,structured,0.2,160.0,
pareto_20210112,ea20_p160_rand,9,6.114679357715656,-1.6910003165941683,-0.023234323203362002,0.5943188300363121,5.007901563748517,0.8189965934074044,-1,0,0.0,0,structured,0.2,160.0,
pareto_20210112,ea20_p160_rand,10,6.114679357715656,-1.6910003165941683,0.03158159366629744,0.60218913278883,3.8867505271241742,0.6356425741636214,-1,0,0.0,0,structured,0.2,160.0,
pareto_20210112,ea20_p160_rand,11,6.114679357715656,-1.6910003165941683,1.0,1.0,6.114679357715656,0.9999999999998365,0,0,0.0,0,structured,0.2,160.0,
pareto_20210112,ea20_p160_rand,12,6.114679357715656,-1.6910003165941683,1.0,1.0,6.114679357715656,0.9999999999998365,0,0,0.0,0,structured,0.2,160.0,
pareto_20210112,ea20_p160_rand,13,6.114679357715656,-1.6910003165941683,0.25146153966618423,0.4406978253058248,2.0448204179806235,0.33441171619245796,-1,0,0.0,0,structured,0.2,160.0,
pareto_20210112,ea20_p160_rand,14,6.114679357715656,-1.6910003165941683,0.07304071307402091,0.6689263169887146,5.007901563748517,0.8189965934074044,-1,0,0.0,0,structured,0.2,160.0,
pareto_20210112,ea20_p160_rand,15,6.114679357715656,-1.6910003165941683,0.3758852792804206,0.686900155180667,6.114679357715656,0.9999999999998365,29,0,0.0,0,structured,0.2,160.0,
pareto_20210112,ea20_p160_rand,16,6.114679357715656,-1.6910003165941683,0.45221717849653986,0.7510430287501488,5.007901563748517,0.8189965934074044,-1,0,0.0,0,structured,0.2,160.0,
pareto_20210112,ea20_p160_rand,17,6.114679357715656,-1.6910003165941683,0.29067556891335994,0.5869652776079666,3.8867505271241742,0.6356425741636214,-1,0,0.0,0,structured,0.2,160.0,
pareto_20210112,ea20_p160_rand,18,6.114679357715656,-1.6910003165941683,0.19789332743827667,0.657133556778255,6.114679357715656,0.9999999999998365,21,0,0.0,0,structured,0.2,160.0,
pareto_20210112,ea20_p160_rand,19,6.114679357715656,-1.6910003165941683,0.14877319700318745,0.6395744226036094,5.007901563748517,0.8189965934074044,-1,0,0.0,0,structured,0.2,160.0,
pareto_20210112,ea90_p40_ucb2,0,6.114679357715656,-1.6910003165941683,0.19584878968100458,0.8110052700097596,6.114679357715656,0.9999999999998365,17,0,0.0,0,structured,0.9,40.0,ucb2
pareto_20210112,ea90_p40_ucb2,1,6.114679357715656,-1.6910003165941683,0.4115825569226108,0.809124810067186,6.114679357715656,0.9999999999998365,21,0,0.0,0,structured,0.9,40.0,ucb2
pareto_20210112,ea90_p40_ucb2,2,6.114679357715656,-1.6910003165941683,0.057067065648016786,0.7802514905751254,6.114679357715656,0.9999999999998365,17,0,0.0,0,structured,0.9,40.0,ucb2
pareto_20210112,ea90_p40_ucb2,3,6.114679357715656,-1.6910003165941683,0.5462879482906924,0.9506359501334125,6.114679357715656,0.9999999999998365,5,0,0.0,0,structured,0.9,40.0,ucb2
pareto_20210112,ea90_p40_ucb2,4,6.114679357715656,-1.6910003165941683,0.45221717849653986,0.7065823597890597,5.007901563748517,0.8189965934074044,-1,0,0.0,0,structured,0.9,40.0,ucb2
pareto_20210112,ea90_p40_ucb2,5,6.114679357715656,-1.6910003165941683,0.45221717849653986,0.7225415513778075,5.007901563748517,0.8189965934074044,-1,0,0.0,0,structured,0.9,40.0,ucb2
pareto_20210112,ea90_p40_ucb2,6,6.114679357715656,-1.6910003165941683,0.4115825569226108,0.7500450843553118,5.007901563748517,0.8189965934074044,-1,0,0.0,0,structured,0.9,40.0,ucb2
pareto_20210112,ea90_p40_ucb2,7,6.114679357715656,-1.6910003165941683,0.8189965934075383,0.9330429775265426,6.114679357715656,0.9999999999998365,17,0,0.0,0,structured,0.9,40.0,ucb2
pareto_20210112,ea90_p40_ucb2,8,6.114679357715656,-1.6910003165941683,0.6356425741637254,0.8335026281624506,6.114679357715656,0.9999999999998365,21,0,0.0,0,structured,0.9,40.0,ucb2
pareto_20210112,ea90_p40_ucb2,9,6.114679357715656,-1.6910003165941683,-0.023234323203362002,0.7208360973452224,6.114679357715656,0.9999999999998365,29,0,0.0,0,structured,0.9,40.0,ucb2
pareto_20210112,ea90_p40_ucb2,10,6.114679357715656,-1.6910003165941683,0.03158159366629744,0.681737416030147,6.114679357715656,0.9999999999998365,29,0,0.0,0,structured,0.9,40.0,ucb2
pareto_20210112,ea90_p40_ucb2,11,6.114679357715656,-1.6910003165941683,1.0,1.0,6.114679357715656,0.9999999999998365,0,0,0.0,0,structured,0.9,40.0,ucb2
pareto_20210112,ea90_p40_ucb2,12,6.114679357715656,-1.6910003165941683,1.0,1.0,6.114679357715656,0.9999999999998365,0,0,0.0,0,structured,0.9,40.0,ucb2
pareto_20210112,ea90_p40_ucb2,13,6.114679357715656,-1.6910003165941683,0.25146153966618423,0.6474136214451799,6.114679357715656,0.9999999999998365,29,0,0.0,0,structured,0.9,40.0,ucb2
pareto_20210112,ea90_p40_ucb2,14,6.114679357715656,-1.6910003165941683,0.07304071307402091,0.8991464646096115,6.114679357715656,0.9999999999998365,5,0,0.0,0,structured,0.9,40.0,ucb2
pareto_20210112,ea90_p40_ucb2,15,6.114679357715656,-1.6910003165941683,0.3758852792804206,0.8052409322045817,6.114679357715656,0.9999999999998365,21,0,0.0,0,structured,0.9,40.0,ucb2
pareto_20210112,ea90_p40_ucb2,16,6.114679357715656,-1.6910003165941683,0.45221717849653986,0.8931372327717073,6.114679357715656,0.9999999999998365,17,0,0.0,0,structured,0.9,40.0,ucb2
pareto_20210112,ea90_p40_ucb2,17,6.114679357715656,-1.6910003165941683,0.29067556891335994,0.8067622588280278,6.114679357715656,0.9999999999998365,13,0,0.0,0,structured,0.9,40.0,ucb2
pareto_20210112,ea90_p40_ucb2,18,6.114679357715656,-1.6910003165941683,0.19789332743827667,0.8745559230921464,6.114679357715656,0.9999999999998365,9,0,0.0,0,structured,0.9,40.0,ucb2
pareto_20210112,ea90_p40_ucb2,19,6.114679357715656,-1.6910003165941683,0.14877319700318745,0.6782162041010861,6.114679357715656,0.9999999999998365,29,0,0.0,0,structured,0.9,40.0,ucb2
pareto_20210112,ea90_p40_rand,0,6.114679357715656,-1.6910003165941683,0.19584878968100458,0.8585788830559903,6.114679357715656,0.9999999999998365,13,0,0.0,0,structured,0.9,40.0,
pareto_20210112,ea90_p40_rand,1,6.114679357715656,-1.6910003165941683,0.4115825569226108,0.7979226591215551,5.007901563748517,0.8189965934074044,-1,0,0.0,0,structured,0.9,40.0,
pareto_20210112,ea90_p40_rand,2,6.114679357715656,-1.6910003165941683,0.057067065648016786,0.5913514163074951,3.340375640781934,0.546287948290603,-1,0,0.0,0,structured,0.9,40.0,
pareto_20210112,ea90_p40_rand,3,6.114679357715656,-1.6910003165941683,0.5462879482906924,0.9506359501334125,6.114679357715656,0.9999999999998365,5,0,0.0,0,structured,0.9,40.0,
pareto_20210112,ea90_p40_rand,4,6.114679357715656,-1.6910003165941683,0.45221717849653986,0.7544537219289301,5.007901563748517,0.8189965934074044,-1,0,0.0,0,structured,0.9,40.0,
pareto_20210112,ea90_p40_rand,5,6.114679357715656,-1.6910003165941683,0.45221717849653986,0.6731162757908093,5.007901563748517,0.8189965934074044,-1,0,0.0,0,structured,0.9,40.0,
pareto_20210112,ea90_p40_rand,6,6.114679357715656,-1.6910003165941683,0.4115825569226108,0.6526128398291543,5.007901563748517,0.8189965934074044,-1,0,0.0,0,structured,0.9,40.0,
pareto_20210112,ea90_p40_rand,7,6.114679357715656,-1.6910003165941683,0.8189965934075383,0.8582086582915023,5.007901563748517,0.8189965934074044,-1,0,0.0,0,structured,0.9,40.0,
pareto_20210112,ea90_p40_rand,8,6.114679357715656,-1.6910003165941683,0.6356425741637254,0.8063412856280722,5.007901563748517,0.8189965934074044,-1,0,0.0,0,structured,0.9,40.0,
pareto_20210112,ea90_p40_rand,9,6.114679357715656,-1.6910003165941683,-0.023234323203362002,0.6385027845708227,6.114679357715656,0.9999999999998365,29,0,0.0,0,structured,0.9,40.0,
pareto_20210112,ea90_p40_rand,10,6.114679357715656,-1.6910003165941683,0.03158159366629744,0.5222032918720934,3.340375640781934,0.546287948290603,-1,0,0.0,0,structured,0.9,40.0,
pareto_20210112,ea90_p40_rand,11,6.114679357715656,-1.6910003165941683,1.0,1.0,6.114679357715656,0.9999999999998365,0,0,0.0,0,structured,0.9,40.0,
pareto_20210112,ea90_p40_rand,12,6.114679357715656,-1.6910003165941683,1.0,1.0,6.114679357715656,0.9999999999998365,0,0,0.0,0,structured,0.9,40.0,
pareto_20210112,ea90_p40_rand,13,6.114679357715656,-1.6910003165941683,0.25146153966618423,0.6340122661348102,3.8867505271241742,0.6356425741636214,-1,0,0.0,0,structured,0.9,40.0,
pareto_20210112,ea90_p40_rand,14,6.114679357715656,-1.6910003165941683,0.07304071307402091,0.8991464646096115,6.114679357715656,0.9999999999998365,5,0,0.0,0,structured,0.9,40.0,
pareto_20210112,ea90_p40_rand,15,6.114679357715656,-1.6910003165941683,0.3758852792804206,0.7413793153440993,6.114679357715656,0.9999999999998365,21,0,0.0,0,structured,0.9,40.0,
pareto_20210112,ea90_p40_rand,16,6.114679357715656,-1.6910003165941683,0.45221717849653986,0.6255389427547705,3.4328742170248834,0.5614152461964559,-1,0,0.0,0,structured,0.9,40.0,
pareto_20210112,ea90_p40_rand,17,6.114679357715656,-1.6910003165941683,0.29067556891335994,0.5091460864965314,3.4328742170248834,0.5614152461964559,-1,0,0.0,0,structured,0.9,40.0,
pareto_20210112,ea90_p40_rand,18,6.114679357715656,-1.6910003165941683,0.19789332743827667,0.5293107822911239,3.8867505271241742,0.6356425741636214,-1,0,0.0,0,structured,0.9,40.0,
pareto_20210112,ea90_p40_rand,19,6.114679357715656,-1.6910003165941683,0.14877319700318745,0.6790016456884348,6.114679357715656,0.9999999999998365,29,0,0.0,0,structured,0.9,40.0,
pareto_20210112,ea90_p160_ucb2,0,6.114679357715656,-1.6910003165941683,0.19584878968100458,0.8110052700097596,6.114679357715656,0.9999999999998365,17,0,0.0,0,structured,0.9,160.0,ucb2
pareto_20210112,ea90_p160_ucb2,1,6.114679357715656,-1.6910003165941683,0.4115825569226108,0.809124810067186,6.114679357715656,0.9999999999998365,21,0,0.0,0,structured,0.9,160.0,ucb2
pareto_20210112,ea90_p160_ucb2,2,6.114679357715656,-1.6910003165941683,0.057067065648016786,0.7789348058005278,6.114679357715656,0.9999999999998365,17,0,0.0,0,structured,0.9,160.0,ucb2
pareto_20210112,ea90_p160_ucb2,3,6.114679357715656,-1.6910003165941683,0.5462879482906924,0.9506359501334125,6.114679357715656,0.9999999999998365,5,0,0.0,0,structured,0.9,160.0,ucb2
pareto_20210112,ea90_p160_ucb2,4,6.114679357715656,-1.6910003165941683,0.45221717849653986,0.8135458728935498,6.114679357715656,0.9999999999998365,21,0,0.0,0,structured,0.9,160.0,ucb2
pareto_20210112,ea90_p160_ucb2,5,6.114679357715656,-1.6910003165941683,0.45221717849653986,0.7065761471626869,5.007901563748517,0.8189965934074044,-1,0,0.0,0,structured,0.9,160.0,ucb2
pareto_20210112,ea90_p160_ucb2,6,6.114679357715656,-1.6910003165941683,0.4115825569226108,0.72236487549929,6.114679357715656,0.9999999999998365,29,0,0.0,0,structured,0.9,160.0,ucb2
pareto_20210112,ea90_p160_ucb2,7,6.114679357715656,-1.6910003165941683,0.8189965934075383,0.9645521645728756,6.114679357715656,0.9999999999998365,9,0,0.0,0,structured,0.9,160.0,ucb2
pareto_20210112,ea90_p160_ucb2,8,6.114679357715656,-1.6910003165941683,0.6356425741637254,0.8335026281624506,6.114679357715656,0.9999999999998365,21,0,0.0,0,structured,0.9,160.0,ucb2
pareto_20210112,ea90_p160_ucb2,9,6.114679357715656,-1.6910003165941683,-0.023234323203362002,0.6268489135052805,6.114679357715656,0.9999999999998365,25,0,0.0,0,structured,0.9,160.0,ucb2
pareto_20210112,ea90_p160_ucb2,10,6.114679357715656,-1.6910003165941683,0.03158159366629744,0.7839325830036564,6.114679357715656,0.9999999999998365,13,0,0.0,0,structured,0.9,160.0,ucb2
pareto_20210112,ea90_p160_ucb2,11,6.114679357715656,-1.6910003165941683,1.0,1.0,6.114679357715656,0.9999999999998365,0,0,0.0,0,structured,0.9,160.0,ucb2
pareto_20210112,ea90_p160_ucb2,12,6.114679357715656,-1.6910003165941683,1.0,1.0,6.114679357715656,0.9999999999998365,0,0,0.0,0,structured,0.9,160.0,ucb2
pareto_20210112,ea90_p160_ucb2,13,6.114679357715656,-1.6910003165941683,0.25146153966618423,0.9185587207926945,6.114679357715656,0.9999999999998365,5,0,0.0,0,structured,0.9,160.0,ucb2
pareto_20210112,ea90_p160_ucb2,14,6.114679357715656,-1.6910003165941683,0.07304071307402091,0.7160518130752536,6.114679357715656,0.9999999999998365,25,0,0.0,0,structured,0.9,160.0,ucb2
pareto_20210112,ea90_p160_ucb2,15,6.114679357715656,-1.6910003165941683,0.3758852792804206,0.8304877346833648,6.114679357715656,0.9999999999998365,17,0,0.0,0,structured,0.9,160.0,ucb2
pareto_20210112,ea90_p160_ucb2,16,6.114679357715656,-1.6910003165941683,0.45221717849653986,0.6946191787238717,3.8867505271241742,0.6356425741636214,-1,0,0.0,0,structured,0.9,160.0,ucb2
pareto_20210112,ea90_p160_ucb2,17,6.114679357715656,-1.6910003165941683,0.29067556891335994,0.6544340312309462,3.8867505271241742,0.6356425741636214,-1,0,0.0,0,structured,0.9,160.0,ucb2
pareto_20210112,ea90_p160_ucb2,18,6.114679357715656,-1.6910003165941683,0.19789332743827667,0.8745559230921464,6.114679357715656,0.9999999999998365,9,0,0.0,0,structured,0.9,160.0,ucb2
pareto_20210112,ea90_p160_ucb2,19,6.114679357715656,-1.6910003165941683,0.14877319700318745,0.42532487857917034,2.0448204179806235,0.33441171619245796,-1,0,0.0,0,structured,0.9,160.0,ucb2
pareto_20210112,ea90_p160_rand,0,6.114679357715656,-1.6910003165941683,0.19584878968100458,0.7070636788521851,5.007901563748517,0.8189965934074044,-1,0,0.0,0,structured,0.9,160.0,
pareto_20210112,ea90_p160_rand,1,6.114679357715656,-1.6910003165941683,0.4115825569226108,0.6217103178832334,3.8867505271241742,0.6356425741636214,-1,0,0.0,0,structured,0.9,160.0,
pareto_20210112,ea90_p160_rand,2,6.114679357715656,-1.6910003165941683,0.057067065648016786,0.5990343695278576,3.8867505271241742,0.6356425741636214,-1,0,0.0,0,structured,0.9,160.0,
pareto_20210112,ea90_p160_rand,3,6.114679357715656,-1.6910003165941683,0.5462879482906924,0.7048541155160777,3.8867505271241742,0.6356425741636214,-1,0,0.0,0,structured,0.9,160.0,
pareto_20210112,ea90_p160_rand,4,6.114679357715656,-1.6910003165941683,0.45221717849653986,0.6261559547345988,3.340375640781934,0.546287948290603,-1,0,0.0,0,structured,0.9,160.0,
pareto_20210112,ea90_p160_rand,5,6.114679357715656,-1.6910003165941683,0.45221717849653986,0.7225291261250617,5.007901563748517,0.8189965934074044,-1,0,0.0,0,structured,0.9,160.0,
pareto_20210112,ea90_p160_rand,6,6.114679357715656,-1.6910003165941683,0.4115825569226108,0.6128450978588058,3.185571697980825,0.5209711763480566,-1,0,0.0,0,structured,0.9,160.0,
pareto_20210112,ea90_p160_rand,7,6.114679357715656,-1.6910003165941683,0.8189965934075383,0.9803067580960421,6.114679357715656,0.9999999999998365,5,0,0.0,0,structured,0.9,160.0,
pareto_20210112,ea90_p160_rand,8,6.114679357715656,-1.6910003165941683,0.6356425741637254,0.8335026281624506,6.114679357715656,0.9999999999998365,21,0,0.0,0,structured,0.9,160.0,
pareto_20210112,ea90_p160_rand,9,6.114679357715656,-1.6910003165941683,-0.023234323203362002,0.5819788873024072,5.007901563748517,0.8189965934074044,-1,0,0.0,0,structured,0.9,160.0,
pareto_20210112,ea90_p160_rand,10,6.114679357715656,-1.6910003165941683,0.03158159366629744,0.6965686824492697,6.114679357715656,0.9999999999998365,25,0,0.0,0,structured,0.9,160.0,
pareto_20210112,ea90_p160_rand,11,6.114679357715656,-1.6910003165941683,1.0,1.0,6.114679357715656,0.9999999999998365,0,0,0.0,0,structured,0.9,160.0,
pareto_20210112,ea90_p160_rand,12,6.114679357715656,-1.6910003165941683,1.0,1.0,6.114679357715656,0.9999999999998365,0,0,0.0,0,structured,0.9,160.0,
pareto_20210112,ea90_p160_rand,13,6.114679357715656,-1.6910003165941683,0.25146153966618423,0.5696672627053948,6.114679357715656,0.9999999999998365,29,0,0.0,0,structured,0.9,160.0,
pareto_20210112,ea90_p160_rand,14,6.114679357715656,-1.6910003165941683,0.07304071307402091,0.5593653341910947,3.8867505271241742,0.6356425741636214,-1,0,0.0,0,structured,0.9,160.0,
pareto_20210112,ea90_p160_rand,15,6.114679357715656,-1.6910003165941683,0.3758852792804206,0.7202209803183208,5.007901563748517,0.8189965934074044,-1,0,0.0,0,structured,0.9,160.0,
pareto_20210112,ea90_p160_rand,16,6.114679357715656,-1.6910003165941683,0.45221717849653986,0.738506955592928,5.007901563748517,0.8189965934074044,-1,0,0.0,0,structured,0.9,160.0,
pareto_20210112,ea90_p160_rand,17,6.114679357715656,-1.6910003165941683,0.29067556891335994,0.5995727667313601,3.4328742170248834,0.5614152461964559,-1,0,0.0,0,structured,0.9,160.0,
pareto_20210112,ea90_p160_rand,18,6.114679357715656,-1.6910003165941683,0.19789332743827667,0.8206267744503076,6.114679357715656,0.9999999999998365,17,0,0.0,0,structured,0.9,160.0,
pareto_20210112,ea90_p160_rand,19,6.114679357715656,-1.6910003165941683,0.14877319700318745,0.5790804974914385,3.340375640781934,0.546287948290603,-1,0,0.0,0,structured,0.9,160.0,
pareto_20210112,egbo_default,0,6.114679357715656,-1.6910003165941683,0.19584878968100458,0.8110052700097596,6.114679357715656,0.9999999999998365,17,0,0.0,0,structured,,,
pareto_20210112,egbo_default,1,6.114679357715656,-1.6910003165941683,0.4115825569226108,0.7896163429646013,6.114679357715656,0.9999999999998365,21,0,0.0,0,structured,,,
pareto_20210112,egbo_default,2,6.114679357715656,-1.6910003165941683,0.057067065648016786,0.7789348058005278,6.114679357715656,0.9999999999998365,17,0,0.0,0,structured,,,
pareto_20210112,egbo_default,3,6.114679357715656,-1.6910003165941683,0.5462879482906924,0.9506359501334125,6.114679357715656,0.9999999999998365,5,0,0.0,0,structured,,,
pareto_20210112,egbo_default,4,6.114679357715656,-1.6910003165941683,0.45221717849653986,0.7818320877816356,6.114679357715656,0.9999999999998365,25,0,0.0,0,structured,,,
pareto_20210112,egbo_default,5,6.114679357715656,-1.6910003165941683,0.45221717849653986,0.8037632237471193,6.114679357715656,0.9999999999998365,25,0,0.0,0,structured,,,
pareto_20210112,egbo_default,6,6.114679357715656,-1.6910003165941683,0.4115825569226108,0.809124810067186,6.114679357715656,0.9999999999998365,21,0,0.0,0,structured,,,
pareto_20210112,egbo_default,7,6.114679357715656,-1.6910003165941683,0.8189965934075383,0.9330429775265426,6.114679357715656,0.9999999999998365,17,0,0.0,0,structured,,,
pareto_20210112,egbo_default,8,6.114679357715656,-1.6910003165941683,0.6356425741637254,0.8969301983862787,6.114679357715656,0.9999999999998365,13,0,0.0,0,structured,,,
pareto_20210112,egbo_default,9,6.114679357715656,-1.6910003165941683,-0.023234323203362002,0.6122961046374615,3.8867505271241742,0.6356425741636214,-1,0,0.0,0,structured,,,
pareto_20210112,egbo_default,10,6.114679357715656,-1.6910003165941683,0.03158159366629744,0.6467488986271724,6.114679357715656,0.9999999999998365,29,0,0.0,0,structured,,,
pareto_20210112,egbo_default,11,6.114679357715656,-1.6910003165941683,1.0,1.0,6.114679357715656,0.9999999999998365,0,0,0.0,0,structured,,,
pareto_20210112,egbo_default,12,6.114679357715656,-1.6910003165941683,1.0,1.0,6.114679357715656,0.9999999999998365,0,0,0.0,0,structured,,,
pareto_20210112,egbo_default,13,6.114679357715656,-1.6910003165941683,0.25146153966618423,0.9185587207926945,6.114679357715656,0.9999999999998365,5,0,0.0,0,structured,,,
pareto_20210112,egbo_default,14,6.114679357715656,-1.6910003165941683,0.07304071307402091,0.8991464646096115,6.114679357715656,0.9999999999998365,5,0,0.0,0,structured,,,
pareto_20210112,egbo_default,15,6.114679357715656,-1.6910003165941683,0.3758852792804206,0.7418133619807533,6.114679357715656,0.9999999999998365,29,0,0.0,0,structured,,,
pareto_20210112,egbo_default,16,6.114679357715656,-1.6910003165941683,0.45221717849653986,0.8773826392485409,6.114679357715656,0.9999999999998365,21,0,0.0,0,structured,,,
pareto_20210112,egbo_default,17,6.114679357715656,-1.6910003165941683,0.29067556891335994,0.8067622588280278,6.114679357715656,0.9999999999998365,13,0,0.0,0,structured,,,
pareto_20210112,egbo_default,18,6.114679357715656,-1.6910003165941683,0.19789332743827667,0.8745559230921464,6.114679357715656,0.9999999999998365,9,0,0.0,0,structured,,,
pareto_20210112,egbo_default,19,6.114679357715656,-1.6910003165941683,0.14877319700318745,0.6316007658350071,5.007901563748517,0.8189965934074044,-1,0,0.0,0,structured,,,
pareto_20201218,ea20_p40_ucb2,0,5.44426438452636,-1.9304201262287157,0.39832550833358316,0.6148475677297235,3.31642191643393,0.6091588655869149,-1,0,0.0,0,flat,0.2,40.0,ucb2
pareto_20201218,ea20_p40_ucb2,1,5.44426438452636,-1.9304201262287157,-0.14795900137072068,0.5666076156352571,3.31642191643393,0.6091588655869149,-1,0,0.0,0,flat,0.2,40.0,ucb2
pareto_20201218,ea20_p40_ucb2,2,5.44426438452636,-1.9304201262287157,1.0,1.0,5.44426438452636,0.9999999999998163,0,0,0.0,0,flat,0.2,40.0,ucb2
pareto_20201218,ea20_p40_ucb2,3,5.44426438452636,-1.9304201262287157,0.37159487618626297,0.6243387737579363,3.295055144471652,0.6052342266544262,-1,0,0.0,0,flat,0.2,40.0,ucb2
pareto_20201218,ea20_p40_ucb2,4,5.44426438452636,-1.9304201262287157,0.6052342266545373,0.9544639579810086,5.44426438452636,0.9999999999998163,5,0,0.0,0,flat,0.2,40.0,ucb2
pareto_20201218,ea20_p40_ucb2,5,5.44426438452636,-1.9304201262287157,0.15697287069571897,0.6220892306967258,5.44426438452636,0.9999999999998163,25,0,0.0,0,flat,0.2,40.0,ucb2
pareto_20201218,ea20_p40_ucb2,6,5.44426438452636,-1.9304201262287157,0.39832550833358316,0.6656090530860559,3.295055144471652,0.6052342266544262,-1,0,0.0,0,flat,0.2,40.0,ucb2
pareto_20201218,ea20_p40_ucb2,7,5.44426438452636,-1.9304201262287157,0.6091588655870268,0.7114666444389273,3.31642191643393,0.6091588655869149,-1,0,0.0,0,flat,0.2,40.0,ucb2
pareto_20201218,ea20_p40_ucb2,8,5.44426438452636,-1.9304201262287157,0.37159487618626297,0.6233887021054421,3.31642191643393,0.6091588655869149,-1,0,0.0,0,flat,0.2,40.0,ucb2
pareto_20201218,ea20_p40_ucb2,9,5.44426438452636,-1.9304201262287157,0.14231863694654603,0.5714571754640018,3.31642191643393,0.6091588655869149,-1,0,0.0,0,flat,0.2,40.0,ucb2
pareto_20201218,ea20_p40_ucb2,10,5.44426438452636,-1.9304201262287157,0.16862640616095434,0.6231444746504866,3.31642191643393,0.6091588655869149,-1,0,0.0,0,flat,0.2,40.0,ucb2
pareto_20201218,ea20_p40_ucb2,11,5.44426438452636,-1.9304201262287157,0.37159487618626297,0.6266486025068974,3.31642191643393,0.6091588655869149,-1,0,0.0,0,flat,0.2,40.0,ucb2
pareto_20201218,ea20_p40_ucb2,12,5.44426438452636,-1.9304201262287157,0.6052342266545373,0.7102896108862354,3.31642191643393,0.6091588655869149,-1,0,0.0,0,flat,0.2,40.0,ucb2
pareto_20201218,ea20_p40_ucb2,13,5.44426438452636,-1.9304201262287157,0.03707029581911419,0.5783514470276931,3.295055144471652,0.6052342266544262,-1,0,0.0,0,flat,0.2,40.0,ucb2
pareto_20201218,ea20_p40_ucb2,14,5.44426438452636,-1.9304201262287157,0.37159487618626297,0.5953785470897119,3.295055144471652,0.6052342266544262,-1,0,0.0,0,flat,0.2,40.0,ucb2
pareto_20201218,ea20_p40_ucb2,15,5.44426438452636,-1.9304201262287157,0.20270980841072048,0.46127007773687007,2.173265080528347,0.3991843391560451,-1,0,0.0,0,flat,0.2,40.0,ucb2
pareto_20201218,ea20_p40_ucb2,16,5.44426438452636,-1.9304201262287157,0.46210013501391495,0.6945034906227108,3.31642191643393,0.6091588655869149,-1,0,0.0,0,flat,0.2,40.0,ucb2
pareto_20201218,ea20_p40_ucb2,17,5.44426438452636,-1.9304201262287157,0.006682810262795429,0.6419713213307805,3.31642191643393,0.6091588655869149,-1,0,0.0,0,flat,0.2,40.0,ucb2
pareto_20201218,ea20_p40_ucb2,18,5.44426438452636,-1.9304201262287157,0.37159487618626297,0.6225058686098612,3.31642191643393,0.6091588655869149,-1,0,0.0,0,flat,0.2,40.0,ucb2
pareto_20201218,ea20_p40_ucb2,19,5.44426438452636,-1.9304201262287157,0.15697287069571897,0.9027572262462691,5.44426438452636,0.9999999999998163,5,0,0.0,0,flat,0.2,40.0,ucb2
pareto_20201218,ea20_p40_rand,0,5.44426438452636,-1.9304201262287157,0.39832550833358316,0.6465948487782764,3.295055144471652,0.6052342266544262,-1,0,0.0,0,flat,0.2,40.0,
pareto_20201218,ea20_p40_rand,1,5.44426438452636,-1.9304201262287157,-0.14795900137072068,0.6564727530107288,5.44426438452636,0.9999999999998163,17,0,0.0,0,flat,0.2,40.0,
pareto_20201218,ea20_p40_rand,2,5.44426438452636,-1.9304201262287157,1.0,1.0,5.44426438452636,0.9999999999998163,0,0,0.0,0,flat,0.2,40.0,
pareto_20201218,ea20_p40_rand,3,5.44426438452636,-1.9304201262287157,0.37159487618626297,0.7535468224778752,5.44426438452636,0.9999999999998163,17,0,0.0,0,flat,0.2,40.0,
pareto_20201218,ea20_p40_rand,4,5.44426438452636,-1.9304201262287157,0.6052342266545373,0.7085693310784551,3.295055144471652,0.6052342266544262,-1,0,0.0,0,flat,0.2,40.0,
pareto_20201218,ea20_p40_rand,5,5.44426438452636,-1.9304201262287157,0.15697287069571897,0.8663283926310761,5.44426438452636,0.9999999999998163,9,0,0.0,0,flat,0.2,40.0,
pareto_20201218,ea20_p40_rand,6,5.44426438452636,-1.9304201262287157,0.39832550833358316,0.8750748463734163,5.44426438452636,0.9999999999998163,9,0,0.0,0,flat,0.2,40.0,
pareto_20201218,ea20_p40_rand,7,5.44426438452636,-1.9304201262287157,0.6091588655870268,0.810649985413046,5.44426438452636,0.9999999999998163,21,0,0.0,0,flat,0.2,40.0,
pareto_20201218,ea20_p40_rand,8,5.44426438452636,-1.9304201262287157,0.37159487618626297,0.7171179888626822,5.44426438452636,0.9999999999998163,21,0,0.0,0,flat,0.2,40.0,
pareto_20201218,ea20_p40_rand,9,5.44426438452636,-1.9304201262287157,0.14231863694654603,0.7122800599408284,5.44426438452636,0.9999999999998163,17,0,0.0,0,flat,0.2,40.0,
pareto_20201218,ea20_p40_rand,10,5.44426438452636,-1.9304201262287157,0.16862640616095434,0.8354632179672048,5.44426438452636,0.9999999999998163,9,0,0.0,0,flat,0.2,40.0,
pareto_20201218,ea20_p40_rand,11,5.44426438452636,-1.9304201262287157,0.37159487618626297,0.9275137713170221,5.44426438452636,0.9999999999998163,5,0,0.0,0,flat,0.2,40.0,
pareto_20201218,ea20_p40_rand,12,5.44426438452636,-1.9304201262287157,0.6052342266545373,0.9544639579810086,5.44426438452636,0.9999999999998163,5,0,0.0,0,flat,0.2,40.0,
pareto_20201218,ea20_p40_rand,13,5.44426438452636,-1.9304201262287157,0.03707029581911419,0.6430318950212608,3.295055144471652,0.6052342266544262,-1,0,0.0,0,flat,0.2,40.0,
pareto_20201218,ea20_p40_rand,14,5.44426438452636,-1.9304201262287157,0.37159487618626297,0.9275137713170221,5.44426438452636,0.9999999999998163,5,0,0.0,0,flat,0.2,40.0,
pareto_20201218,ea20_p40_rand,15,5.44426438452636,-1.9304201262287157,0.20270980841072048,0.7623259891204651,5.44426438452636,0.9999999999998163,17,0,0.0,0,flat,0.2,40.0,
pareto_20201218,ea20_p40_rand,16,5.44426438452636,-1.9304201262287157,0.46210013501391495,0.8386791243811512,5.44426438452636,0.9999999999998163,13,0,0.0,0,flat,0.2,40.0,
pareto_20201218,ea20_p40_rand,17,5.44426438452636,-1.9304201262287157,0.006682810262795429,0.583071266633957,5.44426438452636,0.9999999999998163,25,0,0.0,0,flat,0.2,40.0,
pareto_20201218,ea20_p40_rand,18,5.44426438452636,-1.9304201262287157,0.37159487618626297,0.8115358054242575,5.44426438452636,0.9999999999998163,13,0,0.0,0,flat,0.2,40.0,
pareto_20201218,ea20_p40_rand,19,5.44426438452636,-1.9304201262287157,0.15697287069571897,0.9027572262462691,5.44426438452636,0.9999999999998163,5,0,0.0,0,flat,0.2,40.0,
pareto_20201218,ea20_p160_ucb2,0,5.44426438452636,-1.9304201262287157,0.39832550833358316,0.6483151285860569,3.31642191643393,0.6091588655869149,-1,0,0.0,0,flat,0.2,160.0,ucb2
pareto_20201218,ea20_p160_ucb2,1,5.44426438452636,-1.9304201262287157,-0.14795900137072068,0.624133462762747,3.31642191643393,0.6091588655869149,-1,0,0.0,0,flat,0.2,160.0,ucb2
pareto_20201218,ea20_p160_ucb2,2,5.44426438452636,-1.9304201262287157,1.0,1.0,5.44426438452636,0.9999999999998163,0,0,0.0,0,flat,0.2,160.0,ucb2
pareto_20201218,ea20_p160_ucb2,3,5.44426438452636,-1.9304201262287157,0.37159487618626297,0.641599325495372,3.31642191643393,0.6091588655869149,-1,0,0.0,0,flat,0.2,160.0,ucb2
pareto_20201218,ea20_p160_ucb2,4,5.44426438452636,-1.9304201262287157,0.6052342266545373,0.9544639579810086,5.44426438452636,0.9999999999998163,5,0,0.0,0,flat,0.2,160.0,ucb2
pareto_20201218,ea20_p160_ucb2,5,5.44426438452636,-1.9304201262287157,0.15697287069571897,0.5758521083759127,3.31642191643393,0.6091588655869149,-1,0,0.0,0,flat,0.2,160.0,ucb2
pareto_20201218,ea20_p160_ucb2,6,5.44426438452636,-1.9304201262287157,0.39832550833358316,0.6673293328938362,3.31642191643393,0.6091588655869149,-1,0,0.0,0,flat,0.2,160.0,ucb2
pareto_20201218,ea20_p160_ucb2,7,5.44426438452636,-1.9304201262287157,0.6091588655870268,0.8827833243033142,5.44426438452636,0.9999999999998163,13,0,0.0,0,flat,0.2,160.0,ucb2
pareto_20201218,ea20_p160_ucb2,8,5.44426438452636,-1.9304201262287157,0.37159487618626297,0.6233887021054421,3.31642191643393,0.6091588655869149,-1,0,0.0,0,flat,0.2,160.0,ucb2
pareto_20201218,ea20_p160_ucb2,9,5.44426438452636,-1.9304201262287157,0.14231863694654603,0.8219203613811922,5.44426438452636,0.9999999999998163,9,0,0.0,0,flat,0.2,160.0,ucb2
pareto_20201218,ea20_p160_ucb2,10,5.44426438452636,-1.9304201262287157,0.16862640616095434,0.6592027805203461,3.31642191643393,0.6091588655869149,-1,0,0.0,0,flat,0.2,160.0,ucb2
pareto_20201218,ea20_p160_ucb2,11,5.44426438452636,-1.9304201262287157,0.37159487618626297,0.6621414390611189,3.31642191643393,0.6091588655869149,-1,0,0.0,0,flat,0.2,160.0,ucb2
pareto_20201218,ea20_p160_ucb2,12,5.44426438452636,-1.9304201262287157,0.6052342266545373,0.7102896108862354,3.31642191643393,0.6091588655869149,-1,0,0.0,0,flat,0.2,160.0,ucb2
pareto_20201218,ea20_p160_ucb2,13,5.44426438452636,-1.9304201262287157,0.03707029581911419,0.6230302689697095,3.31642191643393,0.6091588655869149,-1,0,0.0,0,flat,0.2,160.0,ucb2
pareto_20201218,ea20_p160_ucb2,14,5.44426438452636,-1.9304201262287157,0.37159487618626297,0.8115358054242575,5.44426438452636,0.9999999999998163,13,0,0.0,0,flat,0.2,160.0,ucb2
pareto_20201218,ea20_p160_ucb2,15,5.44426438452636,-1.9304201262287157,0.20270980841072048,0.7418439687241783,5.44426438452636,0.9999999999998163,21,0,0.0,0,flat,0.2,160.0,ucb2
pareto_20201218,ea20_p160_ucb2,16,5.44426438452636,-1.9304201262287157,0.46210013501391495,0.6945034906227108,3.31642191643393,0.6091588655869149,-1,0,0.0,0,flat,0.2,160.0,ucb2
pareto_20201218,ea20_p160_ucb2,17,5.44426438452636,-1.9304201262287157,0.006682810262795429,0.6419713213307805,3.31642191643393,0.6091588655869149,-1,0,0.0,0,flat,0.2,160.0,ucb2
pareto_20201218,ea20_p160_ucb2,18,5.44426438452636,-1.9304201262287157,0.37159487618626297,0.7022493045786782,5.44426438452636,0.9999999999998163,25,0,0.0,0,flat,0.2,160.0,ucb2
pareto_20201218,ea20_p160_ucb2,19,5.44426438452636,-1.9304201262287157,0.15697287069571897,0.9027572262462691,5.44426438452636,0.9999999999998163,5,0,0.0,0,flat,0.2,160.0,ucb2
pareto_20201218,ea20_p160_rand,0,5.44426438452636,-1.9304201262287157,0.39832550833358316,0.9305971368741202,5.44426438452636,0.9999999999998163,5,0,0.0,0,flat,0.2,160.0,
pareto_20201218,ea20_p160_rand,1,5.44426438452636,-1.9304201262287157,-0.14795900137072068,0.8095944985710197,5.44426438452636,0.9999999999998163,9,0,0.0,0,flat,0.2,160.0,
pareto_20201218,ea20_p160_rand,2,5.44426438452636,-1.9304201262287157,1.0,1.0,5.44426438452636,0.9999999999998163,0,0,0.0,0,flat,0.2,160.0,
pareto_20201218,ea20_p160_rand,3,5.44426438452636,-1.9304201262287157,0.37159487618626297,0.6863468684789639,5.44426438452636,0.9999999999998163,25,0,0.0,0,flat,0.2,160.0,
pareto_20201218,ea20_p160_rand,4,5.44426438452636,-1.9304201262287157,0.6052342266545373,0.8451774571354292,5.44426438452636,0.9999999999998163,17,0,0.0,0,flat,0.2,160.0,
pareto_20201218,ea20_p160_rand,5,5.44426438452636,-1.9304201262287157,0.15697287069571897,0.8447682432998869,5.44426438452636,0.9999999999998163,9,0,0.0,0,flat,0.2,160.0,
pareto_20201218,ea20_p160_rand,6,5.44426438452636,-1.9304201262287157,0.39832550833358316,0.9305971368741202,5.44426438452636,0.9999999999998163,5,0,0.0,0,flat,0.2,160.0,
pareto_20201218,ea20_p160_rand,7,5.44426438452636,-1.9304201262287157,0.6091588655870268,0.7114666444389273,3.31642191643393,0.6091588655869149,-1,0,0.0,0,flat,0.2,160.0,
pareto_20201218,ea20_p160_rand,8,5.44426438452636,-1.9304201262287157,0.37159487618626297,0.6621414390611189,3.31642191643393,0.6091588655869149,-1,0,0.0,0,flat,0.2,160.0,
pareto_20201218,ea20_p160_rand,9,5.44426438452636,-1.9304201262287157,0.14231863694654603,0.5506434387707106,3.295055144471652,0.6052342266544262,-1,0,0.0,0,flat,0.2,160.0,
pareto_20201218,ea20_p160_rand,10,5.44426438452636,-1.9304201262287157,0.16862640616095434,0.846112473008855,5.44426438452636,0.9999999999998163,9,0,0.0,0,flat,0.2,160.0,
pareto_20201218,ea20_p160_rand,11,5.44426438452636,-1.9304201262287157,0.37159487618626297,0.9275137713170221,5.44426438452636,0.9999999999998163,5,0,0.0,0,flat,0.2,160.0,
pareto_20201218,ea20_p160_rand,12,5.44426438452636,-1.9304201262287157,0.6052342266545373,0.8087486235202361,5.44426438452636,0.9999999999998163,21,0,0.0,0,flat,0.2,160.0,
pareto_20201218,ea20_p160_rand,13,5.44426438452636,-1.9304201262287157,0.03707029581911419,0.5369860616399016,3.295055144471652,0.6052342266544262,-1,0,0.0,0,flat,0.2,160.0,
pareto_20201218,ea20_p160_rand,14,5.44426438452636,-1.9304201262287157,0.37159487618626297,0.7443358514253462,5.44426438452636,0.9999999999998163,21,0,0.0,0,flat,0.2,160.0,
pareto_20201218,ea20_p160_rand,15,5.44426438452636,-1.9304201262287157,0.20270980841072048,0.8525899220829904,5.44426438452636,0.9999999999998163,9,0,0.0,0,flat,0.2,160.0,
pareto_20201218,ea20_p160_rand,16,5.44426438452636,-1.9304201262287157,0.46210013501391495,0.6029024600151415,2.5157953071410795,0.46210013501383007,-1,0,0.0,0,flat,0.2,160.0,
pareto_20201218,ea20_p160_rand,17,5.44426438452636,-1.9304201262287157,0.006682810262795429,0.6669586445229889,5.44426438452636,0.9999999999998163,21,0,0.0,0,flat,0.2,160.0,
pareto_20201218,ea20_p160_rand,18,5.44426438452636,-1.9304201262287157,0.37159487618626297,0.6600589950832794,3.295055144471652,0.6052342266544262,-1,0,0.0,0,flat,0.2,160.0,
pareto_20201218,ea20_p160_rand,19,5.44426438452636,-1.9304201262287157,0.15697287069571897,0.615497213955924,3.295055144471652,0.6052342266544262,-1,0,0.0,0,flat,0.2,160.0,
pareto_20201218,ea90_p40_ucb2,0,5.44426438452636,-1.9304201262287157,0.39832550833358316,0.6479529644159978,3.31642191643393,0.6091588655869149,-1,0,0.0,0,flat,0.9,40.0,ucb2
pareto_20201218,ea90_p40_ucb2,1,5.44426438452636,-1.9304201262287157,-0.14795900137072068,0.7012543677484846,5.44426438452636,0.9999999999998163,17,0,0.0,0,flat,0.9,40.0,ucb2
pareto_20201218,ea90_p40_ucb2,2,5.44426438452636,-1.9304201262287157,1.0,1.0,5.44426438452636,0.9999999999998163,0,0,0.0,0,flat,0.9,40.0,ucb2
pareto_20201218,ea90_p40_ucb2,3,5.44426438452636,-1.9304201262287157,0.37159487618626297,0.8695247883706398,5.44426438452636,0.9999999999998163,9,0,0.0,0,flat,0.9,40.0,ucb2
pareto_20201218,ea90_p40_ucb2,4,5.44426438452636,-1.9304201262287157,0.6052342266545373,0.9544639579810086,5.44426438452636,0.9999999999998163,5,0,0.0,0,flat,0.9,40.0,ucb2
pareto_20201218,ea90_p40_ucb2,5,5.44426438452636,-1.9304201262287157,0.15697287069571897,0.5550383716826217,3.295055144471652,0.6052342266544262,-1,0,0.0,0,flat,0.9,40.0,ucb2
pareto_20201218,ea90_p40_ucb2,6,5.44426438452636,-1.9304201262287157,0.39832550833358316,0.687147118119465,3.31642191643393,0.6091588655869149,-1,0,0.0,0,flat,0.9,40.0,ucb2
pareto_20201218,ea90_p40_ucb2,7,5.44426438452636,-1.9304201262287157,0.6091588655870268,0.7114666444389273,3.31642191643393,0.6091588655869149,-1,0,0.0,0,flat,0.9,40.0,ucb2
pareto_20201218,ea90_p40_ucb2,8,5.44426438452636,-1.9304201262287157,0.37159487618626297,0.6014663886041938,3.31642191643393,0.6091588655869149,-1,0,0.0,0,flat,0.9,40.0,ucb2
pareto_20201218,ea90_p40_ucb2,9,5.44426438452636,-1.9304201262287157,0.14231863694654603,0.8219203613811922,5.44426438452636,0.9999999999998163,9,0,0.0,0,flat,0.9,40.0,ucb2
pareto_20201218,ea90_p40_ucb2,10,5.44426438452636,-1.9304201262287157,0.16862640616095434,0.6411958161450124,3.31642191643393,0.6091588655869149,-1,0,0.0,0,flat,0.9,40.0,ucb2
pareto_20201218,ea90_p40_ucb2,11,5.44426438452636,-1.9304201262287157,0.37159487618626297,0.6621414390611189,3.31642191643393,0.6091588655869149,-1,0,0.0,0,flat,0.9,40.0,ucb2
pareto_20201218,ea90_p40_ucb2,12,5.44426438452636,-1.9304201262287157,0.6052342266545373,0.7085693310784551,3.295055144471652,0.6052342266544262,-1,0,0.0,0,flat,0.9,40.0,ucb2
pareto_20201218,ea90_p40_ucb2,13,5.44426438452636,-1.9304201262287157,0.03707029581911419,0.8889265219238143,5.44426438452636,0.9999999999998163,5,0,0.0,0,flat,0.9,40.0,ucb2
pareto_20201218,ea90_p40_ucb2,14,5.44426438452636,-1.9304201262287157,0.37159487618626297,0.8115358054242575,5.44426438452636,0.9999999999998163,13,0,0.0,0,flat,0.9,40.0,ucb2
pareto_20201218,ea90_p40_ucb2,15,5.44426438452636,-1.9304201262287157,0.20270980841072048,0.7262593196753311,5.44426438452636,0.9999999999998163,21,0,0.0,0,flat,0.9,40.0,ucb2
pareto_20201218,ea90_p40_ucb2,16,5.44426438452636,-1.9304201262287157,0.46210013501391495,0.8297535010419635,5.44426438452636,0.9999999999998163,17,0,0.0,0,flat,0.9,40.0,ucb2
pareto_20201218,ea90_p40_ucb2,17,5.44426438452636,-1.9304201262287157,0.006682810262795429,0.6204332562973713,3.295055144471652,0.6052342266544262,-1,0,0.0,0,flat,0.9,40.0,ucb2
pareto_20201218,ea90_p40_ucb2,18,5.44426438452636,-1.9304201262287157,0.37159487618626297,0.8695247883706398,5.44426438452636,0.9999999999998163,9,0,0.0,0,flat,0.9,40.0,ucb2
pareto_20201218,ea90_p40_ucb2,19,5.44426438452636,-1.9304201262287157,0.15697287069571897,0.9027572262462691,5.44426438452636,0.9999999999998163,5,0,0.0,0,flat,0.9,40.0,ucb2
pareto_20201218,ea90_p40_rand,0,5.44426438452636,-1.9304201262287157,0.39832550833358316,0.7641887705274714,5.44426438452636,0.9999999999998163,17,0,0.0,0,flat,0.9,40.0,
pareto_20201218,ea90_p40_rand,1,5.44426438452636,-1.9304201262287157,-0.14795900137072068,0.7060167928577982,5.44426438452636,0.9999999999998163,13,0,0.0,0,flat,0.9,40.0,
pareto_20201218,ea90_p40_rand,2,5.44426438452636,-1.9304201262287157,1.0,1.0,5.44426438452636,0.9999999999998163,0,0,0.0,0,flat,0.9,40.0,
pareto_20201218,ea90_p40_rand,3,5.44426438452636,-1.9304201262287157,0.37159487618626297,0.5360881364289416,2.0230607498933537,0.3715948761861947,-1,0,0.0,0,flat,0.9,40.0,
pareto_20201218,ea90_p40_rand,4,5.44426438452636,-1.9304201262287157,0.6052342266545373,0.9544639579810086,5.44426438452636,0.9999999999998163,5,0,0.0,0,flat,0.9,40.0,
pareto_20201218,ea90_p40_rand,5,5.44426438452636,-1.9304201262287157,0.15697287069571897,0.8531200337481618,5.44426438452636,0.9999999999998163,9,0,0.0,0,flat,0.9,40.0,
pareto_20201218,ea90_p40_rand,6,5.44426438452636,-1.9304201262287157,0.39832550833358316,0.9305971368741202,5.44426438452636,0.9999999999998163,5,0,0.0,0,flat,0.9,40.0,
pareto_20201218,ea90_p40_rand,7,5.44426438452636,-1.9304201262287157,0.6091588655870268,0.9188499937484482,5.44426438452636,0.9999999999998163,9,0,0.0,0,flat,0.9,40.0,
pareto_20201218,ea90_p40_rand,8,5.44426438452636,-1.9304201262287157,0.37159487618626297,0.7602382875250604,5.44426438452636,0.9999999999998163,21,0,0.0,0,flat,0.9,40.0,
pareto_20201218,ea90_p40_rand,9,5.44426438452636,-1.9304201262287157,0.14231863694654603,0.6695135618732344,5.44426438452636,0.9999999999998163,21,0,0.0,0,flat,0.9,40.0,
pareto_20201218,ea90_p40_rand,10,5.44426438452636,-1.9304201262287157,0.16862640616095434,0.43975288529183604,2.0230607498933537,0.3715948761861947,-1,0,0.0,0,flat,0.9,40.0,
pareto_20201218,ea90_p40_rand,11,5.44426438452636,-1.9304201262287157,0.37159487618626297,0.9275137713170221,5.44426438452636,0.9999999999998163,5,0,0.0,0,flat,0.9,40.0,
pareto_20201218,ea90_p40_rand,12,5.44426438452636,-1.9304201262287157,0.6052342266545373,0.9544639579810086,5.44426438452636,0.9999999999998163,5,0,0.0,0,flat,0.9,40.0,
pareto_20201218,ea90_p40_rand,13,5.44426438452636,-1.9304201262287157,0.03707029581911419,0.5141510610440632,2.1685893784688846,0.39832550833351,-1,0,0.0,0,flat,0.9,40.0,
pareto_20201218,ea90_p40_rand,14,5.44426438452636,-1.9304201262287157,0.37159487618626297,0.7535468224778752,5.44426438452636,0.9999999999998163,17,0,0.0,0,flat,0.9,40.0,
pareto_20201218,ea90_p40_rand,15,5.44426438452636,-1.9304201262287157,0.20270980841072048,0.7028967130691214,5.44426438452636,0.9999999999998163,17,0,0.0,0,flat,0.9,40.0,
pareto_20201218,ea90_p40_rand,16,5.44426438452636,-1.9304201262287157,0.46210013501391495,0.9018868399322317,5.44426438452636,0.9999999999998163,9,0,0.0,0,flat,0.9,40.0,
pareto_20201218,ea90_p40_rand,17,5.44426438452636,-1.9304201262287157,0.006682810262795429,0.8274323571390532,5.44426438452636,0.9999999999998163,9,0,0.0,0,flat,0.9,40.0,
pareto_20201218,ea90_p40_rand,18,5.44426438452636,-1.9304201262287157,0.37159487618626297,0.8695247883706398,5.44426438452636,0.9999999999998163,9,0,0.0,0,flat,0.9,40.0,
pareto_20201218,ea90_p40_rand,19,5.44426438452636,-1.9304201262287157,0.15697287069571897,0.9027572262462691,5.44426438452636,0.9999999999998163,5,0,0.0,0,flat,0.9,40.0,
pareto_20201218,ea90_p160_ucb2,0,5.44426438452636,-1.9304201262287157,0.39832550833358316,0.7085079748713047,5.44426438452636,0.9999999999998163,21,0,0.0,0,flat,0.9,160.0,ucb2
pareto_20201218,ea90_p160_ucb2,1,5.44426438452636,-1.9304201262287157,-0.14795900137072068,0.624133462762747,3.31642191643393,0.6091588655869149,-1,0,0.0,0,flat,0.9,160.0,ucb2
pareto_20201218,ea90_p160_ucb2,2,5.44426438452636,-1.9304201262287157,1.0,1.0,5.44426438452636,0.9999999999998163,0,0,0.0,0,flat,0.9,160.0,ucb2
pareto_20201218,ea90_p160_ucb2,3,5.44426438452636,-1.9304201262287157,0.37159487618626297,0.6419614896654309,3.31642191643393,0.6091588655869149,-1,0,0.0,0,flat,0.9,160.0,ucb2
pareto_20201218,ea90_p160_ucb2,4,5.44426438452636,-1.9304201262287157,0.6052342266545373,0.9544639579810086,5.44426438452636,0.9999999999998163,5,0,0.0,0,flat,0.9,160.0,ucb2
pareto_20201218,ea90_p160_ucb2,5,5.44426438452636,-1.9304201262287157,0.15697287069571897,0.5758521083759127,3.31642191643393,0.6091588655869149,-1,0,0.0,0,flat,0.9,160.0,ucb2
pareto_20201218,ea90_p160_ucb2,6,5.44426438452636,-1.9304201262287157,0.39832550833358316,0.687147118119465,3.31642191643393,0.6091588655869149,-1,0,0.0,0,flat,0.9,160.0,ucb2
pareto_20201218,ea90_p160_ucb2,7,5.44426438452636,-1.9304201262287157,0.6091588655870268,0.7114666444389273,3.31642191643393,0.6091588655869149,-1,0,0.0,0,flat,0.9,160.0,ucb2
pareto_20201218,ea90_p160_ucb2,8,5.44426438452636,-1.9304201262287157,0.37159487618626297,0.8140817504476674,5.44426438452636,0.9999999999998163,13,0,0.0,0,flat,0.9,160.0,ucb2
pareto_20201218,ea90_p160_ucb2,9,5.44426438452636,-1.9304201262287157,0.14231863694654603,0.8219203613811922,5.44426438452636,0.9999999999998163,9,0,0.0,0,flat,0.9,160.0,ucb2
pareto_20201218,ea90_p160_ucb2,10,5.44426438452636,-1.9304201262287157,0.16862640616095434,0.6411958161450124,3.31642191643393,0.6091588655869149,-1,0,0.0,0,flat,0.9,160.0,ucb2
pareto_20201218,ea90_p160_ucb2,11,5.44426438452636,-1.9304201262287157,0.37159487618626297,0.6621414390611189,3.31642191643393,0.6091588655869149,-1,0,0.0,0,flat,0.9,160.0,ucb2
pareto_20201218,ea90_p160_ucb2,12,5.44426438452636,-1.9304201262287157,0.6052342266545373,0.7095652825461174,3.31642191643393,0.6091588655869149,-1,0,0.0,0,flat,0.9,160.0,ucb2
pareto_20201218,ea90_p160_ucb2,13,5.44426438452636,-1.9304201262287157,0.03707029581911419,0.6023153398218201,3.31642191643393,0.6091588655869149,-1,0,0.0,0,flat,0.9,160.0,ucb2
pareto_20201218,ea90_p160_ucb2,14,5.44426438452636,-1.9304201262287157,0.37159487618626297,0.7535468224778752,5.44426438452636,0.9999999999998163,17,0,0.0,0,flat,0.9,160.0,ucb2
pareto_20201218,ea90_p160_ucb2,15,5.44426438452636,-1.9304201262287157,0.20270980841072048,0.6270759787012122,3.31642191643393,0.6091588655869149,-1,0,0.0,0,flat,0.9,160.0,ucb2
pareto_20201218,ea90_p160_ucb2,16,5.44426438452636,-1.9304201262287157,0.46210013501391495,0.6945034906227108,3.31642191643393,0.6091588655869149,-1,0,0.0,0,flat,0.9,160.0,ucb2
pareto_20201218,ea90_p160_ucb2,17,5.44426438452636,-1.9304201262287157,0.006682810262795429,0.6165781366448841,3.31642191643393,0.6091588655869149,-1,0,0.0,0,flat,0.9,160.0,ucb2
pareto_20201218,ea90_p160_ucb2,18,5.44426438452636,-1.9304201262287157,0.37159487618626297,0.695557839531493,5.44426438452636,0.9999999999998163,21,0,0.0,0,flat,0.9,160.0,ucb2
pareto_20201218,ea90_p160_ucb2,19,5.44426438452636,-1.9304201262287157,0.15697287069571897,0.9027572262462691,5.44426438452636,0.9999999999998163,5,0,0.0,0,flat,0.9,160.0,ucb2
pareto_20201218,ea90_p160_rand,0,5.44426438452636,-1.9304201262287157,0.39832550833358316,0.6588707823731974,5.44426438452636,0.9999999999998163,25,0,0.0,0,flat,0.9,160.0,
pareto_20201218,ea90_p160_rand,1,5.44426438452636,-1.9304201262287157,-0.14795900137072068,0.6230469702525698,3.31642191643393,0.6091588655869149,-1,0,0.0,0,flat,0.9,160.0,
pareto_20201218,ea90_p160_rand,2,5.44426438452636,-1.9304201262287157,1.0,1.0,5.44426438452636,0.9999999999998163,0,0,0.0,0,flat,0.9,160.0,
pareto_20201218,ea90_p160_rand,3,5.44426438452636,-1.9304201262287157,0.37159487618626297,0.6474356263678244,5.44426438452636,0.9999999999998163,25,0,0.0,0,flat,0.9,160.0,
pareto_20201218,ea90_p160_rand,4,5.44426438452636,-1.9304201262287157,0.6052342266545373,0.7085693310784551,3.295055144471652,0.6052342266544262,-1,0,0.0,0,flat,0.9,160.0,
pareto_20201218,ea90_p160_rand,5,5.44426438452636,-1.9304201262287157,0.15697287069571897,0.553137189514209,2.4520041894537785,0.45038301160068434,-1,0,0.0,0,flat,0.9,160.0,
pareto_20201218,ea90_p160_rand,6,5.44426438452636,-1.9304201262287157,0.39832550833358316,0.6656090530860559,3.295055144471652,0.6052342266544262,-1,0,0.0,0,flat,0.9,160.0,
pareto_20201218,ea90_p160_rand,7,5.44426438452636,-1.9304201262287157,0.6091588655870268,0.8467166548581802,5.44426438452636,0.9999999999998163,17,0,0.0,0,flat,0.9,160.0,
pareto_20201218,ea90_p160_rand,8,5.44426438452636,-1.9304201262287157,0.37159487618626297,0.9275137713170221,5.44426438452636,0.9999999999998163,5,0,0.0,0,flat,0.9,160.0,
pareto_20201218,ea90_p160_rand,9,5.44426438452636,-1.9304201262287157,0.14231863694654603,0.6857062176911228,5.44426438452636,0.9999999999998163,17,0,0.0,0,flat,0.9,160.0,
pareto_20201218,ea90_p160_rand,10,5.44426438452636,-1.9304201262287157,0.16862640616095434,0.7538089887241974,5.44426438452636,0.9999999999998163,13,0,0.0,0,flat,0.9,160.0,
pareto_20201218,ea90_p160_rand,11,5.44426438452636,-1.9304201262287157,0.37159487618626297,0.6600589950832794,3.295055144471652,0.6052342266544262,-1,0,0.0,0,flat,0.9,160.0,
pareto_20201218,ea90_p160_rand,12,5.44426438452636,-1.9304201262287157,0.6052342266545373,0.7085693310784551,3.295055144471652,0.6052342266544262,-1,0,0.0,0,flat,0.9,160.0,
pareto_20201218,ea90_p160_rand,13,5.44426438452636,-1.9304201262287157,0.03707029581911419,0.7367711895138954,5.44426438452636,0.9999999999998163,17,0,0.0,0,flat,0.9,160.0,
pareto_20201218,ea90_p160_rand,14,5.44426438452636,-1.9304201262287157,0.37159487618626297,0.6621414390611189,3.31642191643393,0.6091588655869149,-1,0,0.0,0,flat,0.9,160.0,
pareto_20201218,ea90_p160_rand,15,5.44426438452636,-1.9304201262287157,0.20270980841072048,0.8500439770595807,5.44426438452636,0.9999999999998163,9,0,0.0,0,flat,0.9,160.0,
pareto_20201218,ea90_p160_rand,16,5.44426438452636,-1.9304201262287157,0.46210013501391495,0.742600982418486,5.44426438452636,0.9999999999998163,25,0,0.0,0,flat,0.9,160.0,
pareto_20201218,ea90_p160_rand,17,5.44426438452636,-1.9304201262287157,0.006682810262795429,0.6534654082999063,5.44426438452636,0.9999999999998163,21,0,0.0,0,flat,0.9,160.0,
pareto_20201218,ea90_p160_rand,18,5.44426438452636,-1.9304201262287157,0.37159487618626297,0.6600589950832794,3.295055144471652,0.6052342266544262,-1,0,0.0,0,flat,0.9,160.0,
pareto_20201218,ea90_p160_rand,19,5.44426438452636,-1.9304201262287157,0.15697287069571897,0.659307207491614,3.31642191643393,0.6091588655869149,-1,0,0.0,0,flat,0.9,160.0,
pareto_20201218,egbo_default,0,5.44426438452636,-1.9304201262287157,0.39832550833358316,0.7279635959268744,5.44426438452636,0.9999999999998163,21,0,0.0,0,flat,,,
pareto_20201218,egbo_default,1,5.44426438452636,-1.9304201262287157,-0.14795900137072068,0.624133462762747,3.31642191643393,0.6091588655869149,-1,0,0.0,0,flat,,,
pareto_20201218,egbo_default,2,5.44426438452636,-1.9304201262287157,1.0,1.0,5.44426438452636,0.9999999999998163,0,0,0.0,0,flat,,,
pareto_20201218,egbo_default,3,5.44426438452636,-1.9304201262287157,0.37159487618626297,0.8695247883706398,5.44426438452636,0.9999999999998163,9,0,0.0,0,flat,,,
pareto_20201218,egbo_default,4,5.44426438452636,-1.9304201262287157,0.6052342266545373,0.9544639579810086,5.44426438452636,0.9999999999998163,5,0,0.0,0,flat,,,
pareto_20201218,egbo_default,5,5.44426438452636,-1.9304201262287157,0.15697287069571897,0.5758521083759127,3.31642191643393,0.6091588655869149,-1,0,0.0,0,flat,,,
pareto_20201218,egbo_default,6,5.44426438452636,-1.9304201262287157,0.39832550833358316,0.687147118119465,3.31642191643393,0.6091588655869149,-1,0,0.0,0,flat,,,
pareto_20201218,egbo_default,7,5.44426438452636,-1.9304201262287157,0.6091588655870268,0.7114666444389273,3.31642191643393,0.6091588655869149,-1,0,0.0,0,flat,,,
pareto_20201218,egbo_default,8,5.44426438452636,-1.9304201262287157,0.37159487618626297,0.6402191255598706,3.31642191643393,0.6091588655869149,-1,0,0.0,0,flat,,,
pareto_20201218,egbo_default,9,5.44426438452636,-1.9304201262287157,0.14231863694654603,0.8219203613811922,5.44426438452636,0.9999999999998163,9,0,0.0,0,flat,,,
pareto_20201218,egbo_default,10,5.44426438452636,-1.9304201262287157,0.16862640616095434,0.6411958161450124,3.31642191643393,0.6091588655869149,-1,0,0.0,0,flat,,,
pareto_20201218,egbo_default,11,5.44426438452636,-1.9304201262287157,0.37159487618626297,0.6621414390611189,3.31642191643393,0.6091588655869149,-1,0,0.0,0,flat,,,
pareto_20201218,egbo_default,12,5.44426438452636,-1.9304201262287157,0.6052342266545373,0.7095652825461174,3.31642191643393,0.6091588655869149,-1,0,0.0,0,flat,,,
pareto_20201218,egbo_default,13,5.44426438452636,-1.9304201262287157,0.03707029581911419,0.8889265219238143,5.44426438452636,0.9999999999998163,5,0,0.0,0,flat,,,
pareto_20201218,egbo_default,14,5.44426438452636,-1.9304201262287157,0.37159487618626297,0.8115358054242575,5.44426438452636,0.9999999999998163,13,0,0.0,0,flat,,,
pareto_20201218,egbo_default,15,5.44426438452636,-1.9304201262287157,0.20270980841072048,0.7262593196753311,5.44426438452636,0.9999999999998163,21,0,0.0,0,flat,,,
pareto_20201218,egbo_default,16,5.44426438452636,-1.9304201262287157,0.46210013501391495,0.9379535093773659,5.44426438452636,0.9999999999998163,5,0,0.0,0,flat,,,
pareto_20201218,egbo_default,17,5.44426438452636,-1.9304201262287157,0.006682810262795429,0.621870624512824,3.31642191643393,0.6091588655869149,-1,0,0.0,0,flat,,,
pareto_20201218,egbo_default,18,5.44426438452636,-1.9304201262287157,0.37159487618626297,0.8695247883706398,5.44426438452636,0.9999999999998163,9,0,0.0,0,flat,,,
pareto_20201218,egbo_default,19,5.44426438452636,-1.9304201262287157,0.15697287069571897,0.9027572262462691,5.44426438452636,0.9999999999998163,5,0,0.0,0,flat,,,
coatings,ea20_p40_ucb2,0,4081245.0762726846,0.0,0.13105107062437907,0.8211882186360355,4081245.0762726846,1.0,13,0,0.0,0,smooth,0.2,40.0,ucb2
coatings,ea20_p40_ucb2,1,4081245.0762726846,0.0,0.9847760962641876,0.9861293321518153,4081245.0762726846,1.0,0,0,0.0,0,smooth,0.2,40.0,ucb2
coatings,ea20_p40_ucb2,2,4081245.0762726846,0.0,0.19480358667901757,0.8533251438565675,4081245.0762726846,1.0,17,0,0.0,0,smooth,0.2,40.0,ucb2
coatings,ea20_p40_ucb2,3,4081245.0762726846,0.0,0.8470572652391115,0.9552381404006016,4081245.0762726846,1.0,9,0,0.0,0,smooth,0.2,40.0,ucb2
coatings,ea20_p40_ucb2,4,4081245.0762726846,0.0,0.46829439521817423,0.888943910854478,4081245.0762726846,1.0,13,0,0.0,0,smooth,0.2,40.0,ucb2
coatings,ea20_p40_ucb2,5,4081245.0762726846,0.0,0.6406080154514009,0.8885373442472851,4081245.0762726846,1.0,17,0,0.0,0,smooth,0.2,40.0,ucb2
coatings,ea20_p40_ucb2,6,4081245.0762726846,0.0,0.7843872100624334,0.9094371009182042,4081245.0762726846,1.0,17,0,0.0,0,smooth,0.2,40.0,ucb2
coatings,ea20_p40_ucb2,7,4081245.0762726846,0.0,0.2968737267028211,0.8449745373000345,4081245.0762726846,1.0,9,0,0.0,0,smooth,0.2,40.0,ucb2
coatings,ea20_p40_ucb2,8,4081245.0762726846,0.0,0.2968737267028211,0.8670961810985555,4081245.0762726846,1.0,17,0,0.0,0,smooth,0.2,40.0,ucb2
coatings,ea20_p40_ucb2,9,4081245.0762726846,0.0,0.7656882140054638,0.940996638185551,4081245.0762726846,1.0,9,0,0.0,0,smooth,0.2,40.0,ucb2
coatings,ea20_p40_ucb2,10,4081245.0762726846,0.0,0.9133618720969294,0.9765947009826845,4081245.0762726846,1.0,0,0,0.0,0,smooth,0.2,40.0,ucb2
coatings,ea20_p40_ucb2,11,4081245.0762726846,0.0,0.7760277139282816,0.8973502649714209,4081245.0762726846,1.0,21,0,0.0,0,smooth,0.2,40.0,ucb2
coatings,ea20_p40_ucb2,12,4081245.0762726846,0.0,0.2409432187949692,0.7725928751467819,4081245.0762726846,1.0,17,0,0.0,0,smooth,0.2,40.0,ucb2
coatings,ea20_p40_ucb2,13,4081245.0762726846,0.0,0.8470572652391115,0.9537559298674287,4081245.0762726846,1.0,13,0,0.0,0,smooth,0.2,40.0,ucb2
coatings,ea20_p40_ucb2,14,4081245.0762726846,0.0,0.4407814824360152,0.8974795981292932,4081245.0762726846,1.0,13,0,0.0,0,smooth,0.2,40.0,ucb2
coatings,ea20_p40_ucb2,15,4081245.0762726846,0.0,0.692736662031016,0.9111951785969343,4081245.0762726846,1.0,13,0,0.0,0,smooth,0.2,40.0,ucb2
coatings,ea20_p40_ucb2,16,4081245.0762726846,0.0,0.46829439521817423,0.8914858762854948,4081245.0762726846,1.0,13,0,0.0,0,smooth,0.2,40.0,ucb2
coatings,ea20_p40_ucb2,17,4081245.0762726846,0.0,0.7760277139282816,0.9676832811121466,4081245.0762726846,1.0,5,0,0.0,0,smooth,0.2,40.0,ucb2
coatings,ea20_p40_ucb2,18,4081245.0762726846,0.0,0.9133618720969294,0.9786126667565025,4081245.0762726846,1.0,0,0,0.0,0,smooth,0.2,40.0,ucb2
coatings,ea20_p40_ucb2,19,4081245.0762726846,0.0,0.7012470763872891,0.8871377844129759,4081245.0762726846,1.0,17,0,0.0,0,smooth,0.2,40.0,ucb2
coatings,ea20_p40_rand,0,4081245.0762726846,0.0,0.13105107062437907,0.8239124811485171,4019112.594109251,0.9847760962641876,13,0,0.0,0,smooth,0.2,40.0,
coatings,ea20_p40_rand,1,4081245.0762726846,0.0,0.9847760962641876,0.9847760962641873,4019112.594109251,0.9847760962641876,0,0,0.0,0,smooth,0.2,40.0,
coatings,ea20_p40_rand,2,4081245.0762726846,0.0,0.19480358667901757,0.7781589866076108,3972786.146667793,0.9734250387864615,21,0,0.0,0,smooth,0.2,40.0,
coatings,ea20_p40_rand,3,4081245.0762726846,0.0,0.8470572652391115,0.9213208106722621,3972786.146667793,0.9734250387864615,9,0,0.0,0,smooth,0.2,40.0,
coatings,ea20_p40_rand,4,4081245.0762726846,0.0,0.46829439521817423,0.9273892405924079,4019112.594109251,0.9847760962641876,5,0,0.0,0,smooth,0.2,40.0,
coatings,ea20_p40_rand,5,4081245.0762726846,0.0,0.6406080154514009,0.9455643338822994,4081245.0762726846,1.0,5,0,0.0,0,smooth,0.2,40.0,
coatings,ea20_p40_rand,6,4081245.0762726846,0.0,0.7843872100624334,0.8942691785263099,4019112.594109251,0.9847760962641876,17,0,0.0,0,smooth,0.2,40.0,
coatings,ea20_p40_rand,7,4081245.0762726846,0.0,0.2968737267028211,0.7598436618106867,4019112.594109251,0.9847760962641876,33,0,0.0,0,smooth,0.2,40.0,
coatings,ea20_p40_rand,8,4081245.0762726846,0.0,0.2968737267028211,0.7294914436191313,3849179.6928702956,0.9431385817157716,21,0,0.0,0,smooth,0.2,40.0,
coatings,ea20_p40_rand,9,4081245.0762726846,0.0,0.7656882140054638,0.874708124364407,3972786.146667793,0.9734250387864615,21,0,0.0,0,smooth,0.2,40.0,
coatings,ea20_p40_rand,10,4081245.0762726846,0.0,0.9133618720969294,0.9685636233151093,4081245.0762726846,1.0,0,0,0.0,0,smooth,0.2,40.0,
coatings,ea20_p40_rand,11,4081245.0762726846,0.0,0.7760277139282816,0.8536074281928869,4019112.594109251,0.9847760962641876,33,0,0.0,0,smooth,0.2,40.0,
coatings,ea20_p40_rand,12,4081245.0762726846,0.0,0.2409432187949692,0.876220211937482,4019112.594109251,0.9847760962641876,5,0,0.0,0,smooth,0.2,40.0,
coatings,ea20_p40_rand,13,4081245.0762726846,0.0,0.8470572652391115,0.9256861021130179,3972786.146667793,0.9734250387864615,17,0,0.0,0,smooth,0.2,40.0,
coatings,ea20_p40_rand,14,4081245.0762726846,0.0,0.4407814824360152,0.7884719457394909,4019112.594109251,0.9847760962641876,21,0,0.0,0,smooth,0.2,40.0,
coatings,ea20_p40_rand,15,4081245.0762726846,0.0,0.692736662031016,0.8384510930139151,3849179.6928702956,0.9431385817157716,41,0,0.0,0,smooth,0.2,40.0,
coatings,ea20_p40_rand,16,4081245.0762726846,0.0,0.46829439521817423,0.8827423092113977,4019112.594109251,0.9847760962641876,17,0,0.0,0,smooth,0.2,40.0,
coatings,ea20_p40_rand,17,4081245.0762726846,0.0,0.7760277139282816,0.9244710080338143,4019112.594109251,0.9847760962641876,13,0,0.0,0,smooth,0.2,40.0,
coatings,ea20_p40_rand,18,4081245.0762726846,0.0,0.9133618720969294,0.940974973965524,4019112.594109251,0.9847760962641876,0,0,0.0,0,smooth,0.2,40.0,
coatings,ea20_p40_rand,19,4081245.0762726846,0.0,0.7012470763872891,0.8679605429120045,3972786.146667793,0.9734250387864615,29,0,0.0,0,smooth,0.2,40.0,
coatings,ea20_p160_ucb2,0,4081245.0762726846,0.0,0.13105107062437907,0.8056114173729717,4081245.0762726846,1.0,17,0,0.0,0,smooth,0.2,160.0,ucb2
coatings,ea20_p160_ucb2,1,4081245.0762726846,0.0,0.9847760962641876,0.988835803927071,4081245.0762726846,1.0,0,0,0.0,0,smooth,0.2,160.0,ucb2
coatings,ea20_p160_ucb2,2,4081245.0762726846,0.0,0.19480358667901757,0.8679161184910665,4081245.0762726846,1.0,13,0,0.0,0,smooth,0.2,160.0,ucb2
coatings,ea20_p160_ucb2,3,4081245.0762726846,0.0,0.8470572652391115,0.9670492342732855,4081245.0762726846,1.0,9,0,0.0,0,smooth,0.2,160.0,ucb2
coatings,ea20_p160_ucb2,4,4081245.0762726846,0.0,0.46829439521817423,0.8851203284367987,4081245.0762726846,1.0,13,0,0.0,0,smooth,0.2,160.0,ucb2
coatings,ea20_p160_ucb2,5,4081245.0762726846,0.0,0.6406080154514009,0.9056879182462843,4081245.0762726846,1.0,21,0,0.0,0,smooth,0.2,160.0,ucb2
coatings,ea20_p160_ucb2,6,4081245.0762726846,0.0,0.7843872100624334,0.9608799784644763,4081245.0762726846,1.0,5,0,0.0,0,smooth,0.2,160.0,ucb2
coatings,ea20_p160_ucb2,7,4081245.0762726846,0.0,0.2968737267028211,0.8379688696746813,4081245.0762726846,1.0,13,0,0.0,0,smooth,0.2,160.0,ucb2
coatings,ea20_p160_ucb2,8,4081245.0762726846,0.0,0.2968737267028211,0.8577648334247668,4081245.0762726846,1.0,13,0,0.0,0,smooth,0.2,160.0,ucb2
coatings,ea20_p160_ucb2,9,4081245.0762726846,0.0,0.7656882140054638,0.8861264298357179,4081245.0762726846,1.0,21,0,0.0,0,smooth,0.2,160.0,ucb2
coatings,ea20_p160_ucb2,10,4081245.0762726846,0.0,0.9133618720969294,0.965193962396404,4081245.0762726846,1.0,0,0,0.0,0,smooth,0.2,160.0,ucb2
coatings,ea20_p160_ucb2,11,4081245.0762726846,0.0,0.7760277139282816,0.9239560156097263,4081245.0762726846,1.0,17,0,0.0,0,smooth,0.2,160.0,ucb2
coatings,ea20_p160_ucb2,12,4081245.0762726846,0.0,0.2409432187949692,0.8256207344369784,4081245.0762726846,1.0,17,0,0.0,0,smooth,0.2,160.0,ucb2
coatings,ea20_p160_ucb2,13,4081245.0762726846,0.0,0.8470572652391115,0.9590038143478494,4081245.0762726846,1.0,9,0,0.0,0,smooth,0.2,160.0,ucb2
coatings,ea20_p160_ucb2,14,4081245.0762726846,0.0,0.4407814824360152,0.8668412978907905,4081245.0762726846,1.0,17,0,0.0,0,smooth,0.2,160.0,ucb2
coatings,ea20_p160_ucb2,15,4081245.0762726846,0.0,0.692736662031016,0.9435887626892011,4081245.0762726846,1.0,9,0,0.0,0,smooth,0.2,160.0,ucb2
coatings,ea20_p160_ucb2,16,4081245.0762726846,0.0,0.46829439521817423,0.9228836169560894,4081245.0762726846,1.0,9,0,0.0,0,smooth,0.2,160.0,ucb2
coatings,ea20_p160_ucb2,17,4081245.0762726846,0.0,0.7760277139282816,0.9686922639990557,4081245.0762726846,1.0,5,0,0.0,0,smooth,0.2,160.0,ucb2
coatings,ea20_p160_ucb2,18,4081245.0762726846,0.0,0.9133618720969294,0.9772594308688749,4081245.0762726846,1.0,0,0,0.0,0,smooth,0.2,160.0,ucb2
coatings,ea20_p160_ucb2,19,4081245.0762726846,0.0,0.7012470763872891,0.9128927039374658,4081245.0762726846,1.0,17,0,0.0,0,smooth,0.2,160.0,ucb2
coatings,ea20_p160_rand,0,4081245.0762726846,0.0,0.13105107062437907,0.8259458753284131,3972786.146667793,0.9734250387864615,13,0,0.0,0,smooth,0.2,160.0,
coatings,ea20_p160_rand,1,4081245.0762726846,0.0,0.9847760962641876,0.9847760962641873,4019112.594109251,0.9847760962641876,0,0,0.0,0,smooth,0.2,160.0,
coatings,ea20_p160_rand,2,4081245.0762726846,0.0,0.19480358667901757,0.8835501592473596,4081245.0762726846,1.0,5,0,0.0,0,smooth,0.2,160.0,
coatings,ea20_p160_rand,3,4081245.0762726846,0.0,0.8470572652391115,0.9174479435139495,4019112.594109251,0.9847760962641876,29,0,0.0,0,smooth,0.2,160.0,
coatings,ea20_p160_rand,4,4081245.0762726846,0.0,0.46829439521817423,0.8673992558556834,3972786.146667793,0.9734250387864615,13,0,0.0,0,smooth,0.2,160.0,
coatings,ea20_p160_rand,5,4081245.0762726846,0.0,0.6406080154514009,0.9068616341194491,3972786.146667793,0.9734250387864615,9,0,0.0,0,smooth,0.2,160.0,
coatings,ea20_p160_rand,6,4081245.0762726846,0.0,0.7843872100624334,0.8917870398400841,4019112.594109251,0.9847760962641876,21,0,0.0,0,smooth,0.2,160.0,
coatings,ea20_p160_rand,7,4081245.0762726846,0.0,0.2968737267028211,0.7165884993364634,3833597.604457193,0.9393206075138073,37,0,0.0,0,smooth,0.2,160.0,
coatings,ea20_p160_rand,8,4081245.0762726846,0.0,0.2968737267028211,0.8652435918766691,4003186.157564925,0.9808737487582958,9,0,0.0,0,smooth,0.2,160.0,
coatings,ea20_p160_rand,9,4081245.0762726846,0.0,0.7656882140054638,0.8761990757597187,4019112.594109251,0.9847760962641876,37,0,0.0,0,smooth,0.2,160.0,
coatings,ea20_p160_rand,10,4081245.0762726846,0.0,0.9133618720969294,0.9133618720969293,3727653.643350795,0.9133618720969294,0,0,0.0,0,smooth,0.2,160.0,
coatings,ea20_p160_rand,11,4081245.0762726846,0.0,0.7760277139282816,0.9244710080338143,4019112.594109251,0.9847760962641876,13,0,0.0,0,smooth,0.2,160.0,
coatings,ea20_p160_rand,12,4081245.0762726846,0.0,0.2409432187949692,0.7151766478258441,3377313.9833009886,0.8275205042049125,-1,0,0.0,0,smooth,0.2,160.0,
coatings,ea20_p160_rand,13,4081245.0762726846,0.0,0.8470572652391115,0.9032207201490446,3972786.146667793,0.9734250387864615,25,0,0.0,0,smooth,0.2,160.0,
coatings,ea20_p160_rand,14,4081245.0762726846,0.0,0.4407814824360152,0.9162603871880072,4019112.594109251,0.9847760962641876,5,0,0.0,0,smooth,0.2,160.0,
coatings,ea20_p160_rand,15,4081245.0762726846,0.0,0.692736662031016,0.9143838584843564,4019112.594109251,0.9847760962641876,13,0,0.0,0,smooth,0.2,160.0,
coatings,ea20_p160_rand,16,4081245.0762726846,0.0,0.46829439521817423,0.9225602711857455,4019112.594109251,0.9847760962641876,5,0,0.0,0,smooth,0.2,160.0,
coatings,ea20_p160_rand,17,4081245.0762726846,0.0,0.7760277139282816,0.8988527160622599,3972786.146667793,0.9734250387864615,17,0,0.0,0,smooth,0.2,160.0,
coatings,ea20_p160_rand,18,4081245.0762726846,0.0,0.9133618720969294,0.9768411824678254,4019112.594109251,0.9847760962641876,0,0,0.0,0,smooth,0.2,160.0,
coatings,ea20_p160_rand,19,4081245.0762726846,0.0,0.7012470763872891,0.9366559179966132,3972786.146667793,0.9734250387864615,9,0,0.0,0,smooth,0.2,160.0,
coatings,ea90_p40_ucb2,0,4081245.0762726846,0.0,0.13105107062437907,0.8624728656525178,4019112.594109251,0.9847760962641876,9,0,0.0,0,smooth,0.9,40.0,ucb2
coatings,ea90_p40_ucb2,1,4081245.0762726846,0.0,0.9847760962641876,0.9847760962641873,4019112.594109251,0.9847760962641876,0,0,0.0,0,smooth,0.9,40.0,ucb2
coatings,ea90_p40_ucb2,2,4081245.0762726846,0.0,0.19480358667901757,0.8781254843282835,4081245.0762726846,1.0,9,0,0.0,0,smooth,0.9,40.0,ucb2
coatings,ea90_p40_ucb2,3,4081245.0762726846,0.0,0.8470572652391115,0.94905036385316,4081245.0762726846,1.0,13,0,0.0,0,smooth,0.9,40.0,ucb2
coatings,ea90_p40_ucb2,4,4081245.0762726846,0.0,0.46829439521817423,0.8960429644771495,4081245.0762726846,1.0,13,0,0.0,0,smooth,0.9,40.0,ucb2
coatings,ea90_p40_ucb2,5,4081245.0762726846,0.0,0.6406080154514009,0.9522923949473301,4081245.0762726846,1.0,5,0,0.0,0,smooth,0.9,40.0,ucb2
coatings,ea90_p40_ucb2,6,4081245.0762726846,0.0,0.7843872100624334,0.9385580947068898,4081245.0762726846,1.0,13,0,0.0,0,smooth,0.9,40.0,ucb2
coatings,ea90_p40_ucb2,7,4081245.0762726846,0.0,0.2968737267028211,0.8356066509001445,4081245.0762726846,1.0,13,0,0.0,0,smooth,0.9,40.0,ucb2
coatings,ea90_p40_ucb2,8,4081245.0762726846,0.0,0.2968737267028211,0.8577167450594522,4081245.0762726846,1.0,17,0,0.0,0,smooth,0.9,40.0,ucb2
coatings,ea90_p40_ucb2,9,4081245.0762726846,0.0,0.7656882140054638,0.8890796563178068,4081245.0762726846,1.0,13,0,0.0,0,smooth,0.9,40.0,ucb2
coatings,ea90_p40_ucb2,10,4081245.0762726846,0.0,0.9133618720969294,0.9903735413441033,4081245.0762726846,1.0,0,0,0.0,0,smooth,0.9,40.0,ucb2
coatings,ea90_p40_ucb2,11,4081245.0762726846,0.0,0.7760277139282816,0.9196470070110577,4019112.594109251,0.9847760962641876,17,0,0.0,0,smooth,0.9,40.0,ucb2
coatings,ea90_p40_ucb2,12,4081245.0762726846,0.0,0.2409432187949692,0.8462999470433544,4081245.0762726846,1.0,13,0,0.0,0,smooth,0.9,40.0,ucb2
coatings,ea90_p40_ucb2,13,4081245.0762726846,0.0,0.8470572652391115,0.9347907242104463,4081245.0762726846,1.0,17,0,0.0,0,smooth,0.9,40.0,ucb2
coatings,ea90_p40_ucb2,14,4081245.0762726846,0.0,0.4407814824360152,0.9032438803221813,4081245.0762726846,1.0,13,0,0.0,0,smooth,0.9,40.0,ucb2
coatings,ea90_p40_ucb2,15,4081245.0762726846,0.0,0.692736662031016,0.9385200721394088,4081245.0762726846,1.0,9,0,0.0,0,smooth,0.9,40.0,ucb2
coatings,ea90_p40_ucb2,16,4081245.0762726846,0.0,0.46829439521817423,0.8760193097999801,4081245.0762726846,1.0,13,0,0.0,0,smooth,0.9,40.0,ucb2
coatings,ea90_p40_ucb2,17,4081245.0762726846,0.0,0.7760277139282816,0.9700454998866834,4081245.0762726846,1.0,5,0,0.0,0,smooth,0.9,40.0,ucb2
coatings,ea90_p40_ucb2,18,4081245.0762726846,0.0,0.9133618720969294,0.9571613439860884,4081245.0762726846,1.0,0,0,0.0,0,smooth,0.9,40.0,ucb2
coatings,ea90_p40_ucb2,19,4081245.0762726846,0.0,0.7012470763872891,0.8992977941809424,4081245.0762726846,1.0,21,0,0.0,0,smooth,0.9,40.0,ucb2
coatings,ea90_p40_rand,0,4081245.0762726846,0.0,0.13105107062437907,0.8717515426607125,3972786.146667793,0.9734250387864615,5,0,0.0,0,smooth,0.9,40.0,
coatings,ea90_p40_rand,1,4081245.0762726846,0.0,0.9847760962641876,0.9847760962641873,4019112.594109251,0.9847760962641876,0,0,0.0,0,smooth,0.9,40.0,
coatings,ea90_p40_rand,2,4081245.0762726846,0.0,0.19480358667901757,0.6840067840307541,3457048.293078129,0.8470572652391115,-1,0,0.0,0,smooth,0.9,40.0,
coatings,ea90_p40_rand,3,4081245.0762726846,0.0,0.8470572652391115,0.9369187930950046,3972786.146667793,0.9734250387864615,13,0,0.0,0,smooth,0.9,40.0,
coatings,ea90_p40_rand,4,4081245.0762726846,0.0,0.46829439521817423,0.8742609084438514,3972786.146667793,0.9734250387864615,9,0,0.0,0,smooth,0.9,40.0,
coatings,ea90_p40_rand,5,4081245.0762726846,0.0,0.6406080154514009,0.824412399424446,4081245.0762726846,1.0,25,0,0.0,0,smooth,0.9,40.0,
coatings,ea90_p40_rand,6,4081245.0762726846,0.0,0.7843872100624334,0.852204482699194,3727653.643350795,0.9133618720969294,33,0,0.0,0,smooth,0.9,40.0,
coatings,ea90_p40_rand,7,4081245.0762726846,0.0,0.2968737267028211,0.7898896025008887,3727653.643350795,0.9133618720969294,33,0,0.0,0,smooth,0.9,40.0,
coatings,ea90_p40_rand,8,4081245.0762726846,0.0,0.2968737267028211,0.8695995122657526,4019112.594109251,0.9847760962641876,17,0,0.0,0,smooth,0.9,40.0,
coatings,ea90_p40_rand,9,4081245.0762726846,0.0,0.7656882140054638,0.9531376428010927,4081245.0762726846,1.0,9,0,0.0,0,smooth,0.9,40.0,
coatings,ea90_p40_rand,10,4081245.0762726846,0.0,0.9133618720969294,0.9175276523601424,3849179.6928702956,0.9431385817157716,0,0,0.0,0,smooth,0.9,40.0,
coatings,ea90_p40_rand,11,4081245.0762726846,0.0,0.7760277139282816,0.8311242334711052,3673099.6845047474,0.8999948828996351,-1,0,0.0,0,smooth,0.9,40.0,
coatings,ea90_p40_rand,12,4081245.0762726846,0.0,0.2409432187949692,0.7980995133959573,3673099.6845047474,0.8999948828996351,-1,0,0.0,0,smooth,0.9,40.0,
coatings,ea90_p40_rand,13,4081245.0762726846,0.0,0.8470572652391115,0.9144534111310313,3972786.146667793,0.9734250387864615,21,0,0.0,0,smooth,0.9,40.0,
coatings,ea90_p40_rand,14,4081245.0762726846,0.0,0.4407814824360152,0.8726199709399699,4019112.594109251,0.9847760962641876,21,0,0.0,0,smooth,0.9,40.0,
coatings,ea90_p40_rand,15,4081245.0762726846,0.0,0.692736662031016,0.8496257003001098,3727653.643350795,0.9133618720969294,13,0,0.0,0,smooth,0.9,40.0,
coatings,ea90_p40_rand,16,4081245.0762726846,0.0,0.46829439521817423,0.8705553782694827,4081245.0762726846,1.0,9,0,0.0,0,smooth,0.9,40.0,
coatings,ea90_p40_rand,17,4081245.0762726846,0.0,0.7760277139282816,0.8652441318508266,3972786.146667793,0.9734250387864615,21,0,0.0,0,smooth,0.9,40.0,
coatings,ea90_p40_rand,18,4081245.0762726846,0.0,0.9133618720969294,0.9265959652608593,3849179.6928702956,0.9431385817157716,0,0,0.0,0,smooth,0.9,40.0,
coatings,ea90_p40_rand,19,4081245.0762726846,0.0,0.7012470763872891,0.9109130577544428,3972786.146667793,0.9734250387864615,9,0,0.0,0,smooth,0.9,40.0,
coatings,ea90_p160_ucb2,0,4081245.0762726846,0.0,0.13105107062437907,0.8575030851257989,4081245.0762726846,1.0,13,0,0.0,0,smooth,0.9,160.0,ucb2
coatings,ea90_p160_ucb2,1,4081245.0762726846,0.0,0.9847760962641876,0.9915422757023264,4081245.0762726846,1.0,0,0,0.0,0,smooth,0.9,160.0,ucb2
coatings,ea90_p160_ucb2,2,4081245.0762726846,0.0,0.19480358667901757,0.8891245476791817,4081245.0762726846,1.0,9,0,0.0,0,smooth,0.9,160.0,ucb2
coatings,ea90_p160_ucb2,3,4081245.0762726846,0.0,0.8470572652391115,0.9619805437234934,4081245.0762726846,1.0,9,0,0.0,0,smooth,0.9,160.0,ucb2
coatings,ea90_p160_ucb2,4,4081245.0762726846,0.0,0.46829439521817423,0.9000472480673889,4081245.0762726846,1.0,13,0,0.0,0,smooth,0.9,160.0,ucb2
coatings,ea90_p160_ucb2,5,4081245.0762726846,0.0,0.6406080154514009,0.9342060180436609,4081245.0762726846,1.0,9,0,0.0,0,smooth,0.9,160.0,ucb2
coatings,ea90_p160_ucb2,6,4081245.0762726846,0.0,0.7843872100624334,0.9227448435057469,4081245.0762726846,1.0,17,0,0.0,0,smooth,0.9,160.0,ucb2
coatings,ea90_p160_ucb2,7,4081245.0762726846,0.0,0.2968737267028211,0.8552209196972601,4081245.0762726846,1.0,13,0,0.0,0,smooth,0.9,160.0,ucb2
coatings,ea90_p160_ucb2,8,4081245.0762726846,0.0,0.2968737267028211,0.7973039020106877,4081245.0762726846,1.0,21,0,0.0,0,smooth,0.9,160.0,ucb2
coatings,ea90_p160_ucb2,9,4081245.0762726846,0.0,0.7656882140054638,0.9083889931905889,4081245.0762726846,1.0,21,0,0.0,0,smooth,0.9,160.0,ucb2
coatings,ea90_p160_ucb2,10,4081245.0762726846,0.0,0.9133618720969294,0.972264735719413,4081245.0762726846,1.0,0,0,0.0,0,smooth,0.9,160.0,ucb2
coatings,ea90_p160_ucb2,11,4081245.0762726846,0.0,0.7760277139282816,0.9217019853783136,4081245.0762726846,1.0,17,0,0.0,0,smooth,0.9,160.0,ucb2
coatings,ea90_p160_ucb2,12,4081245.0762726846,0.0,0.2409432187949692,0.809713046492668,4081245.0762726846,1.0,17,0,0.0,0,smooth,0.9,160.0,ucb2
coatings,ea90_p160_ucb2,13,4081245.0762726846,0.0,0.8470572652391115,0.954463307403671,4081245.0762726846,1.0,13,0,0.0,0,smooth,0.9,160.0,ucb2
coatings,ea90_p160_ucb2,14,4081245.0762726846,0.0,0.4407814824360152,0.8712232927365288,4081245.0762726846,1.0,13,0,0.0,0,smooth,0.9,160.0,ucb2
coatings,ea90_p160_ucb2,15,4081245.0762726846,0.0,0.692736662031016,0.9358136003641533,4081245.0762726846,1.0,9,0,0.0,0,smooth,0.9,160.0,ucb2
coatings,ea90_p160_ucb2,16,4081245.0762726846,0.0,0.46829439521817423,0.9065431233318393,4081245.0762726846,1.0,13,0,0.0,0,smooth,0.9,160.0,ucb2
coatings,ea90_p160_ucb2,17,4081245.0762726846,0.0,0.7760277139282816,0.9700454998866834,4081245.0762726846,1.0,5,0,0.0,0,smooth,0.9,160.0,ucb2
coatings,ea90_p160_ucb2,18,4081245.0762726846,0.0,0.9133618720969294,0.9786126667565025,4081245.0762726846,1.0,0,0,0.0,0,smooth,0.9,160.0,ucb2
coatings,ea90_p160_ucb2,19,4081245.0762726846,0.0,0.7012470763872891,0.9128927039374658,4081245.0762726846,1.0,17,0,0.0,0,smooth,0.9,160.0,ucb2
coatings,ea90_p160_rand,0,4081245.0762726846,0.0,0.13105107062437907,0.8115358777555602,3849179.6928702956,0.9431385817157716,17,0,0.0,0,smooth,0.9,160.0,
coatings,ea90_p160_rand,1,4081245.0762726846,0.0,0.9847760962641876,0.9847760962641873,4019112.594109251,0.9847760962641876,0,0,0.0,0,smooth,0.9,160.0,
coatings,ea90_p160_rand,2,4081245.0762726846,0.0,0.19480358667901757,0.8511847008874425,4081245.0762726846,1.0,13,0,0.0,0,smooth,0.9,160.0,
coatings,ea90_p160_rand,3,4081245.0762726846,0.0,0.8470572652391115,0.8564683972676489,3673099.6845047474,0.8999948828996351,-1,0,0.0,0,smooth,0.9,160.0,
coatings,ea90_p160_rand,4,4081245.0762726846,0.0,0.46829439521817423,0.8903781165493722,3849179.6928702956,0.9431385817157716,5,0,0.0,0,smooth,0.9,160.0,
coatings,ea90_p160_rand,5,4081245.0762726846,0.0,0.6406080154514009,0.8886198065281253,4081245.0762726846,1.0,25,0,0.0,0,smooth,0.9,160.0,
coatings,ea90_p160_rand,6,4081245.0762726846,0.0,0.7843872100624334,0.9077229596767318,4019112.594109251,0.9847760962641876,21,0,0.0,0,smooth,0.9,160.0,
coatings,ea90_p160_rand,7,4081245.0762726846,0.0,0.2968737267028211,0.8741210327288453,3972786.146667793,0.9734250387864615,9,0,0.0,0,smooth,0.9,160.0,
coatings,ea90_p160_rand,8,4081245.0762726846,0.0,0.2968737267028211,0.7810444335032124,4019112.594109251,0.9847760962641876,29,0,0.0,0,smooth,0.9,160.0,
coatings,ea90_p160_rand,9,4081245.0762726846,0.0,0.7656882140054638,0.8539545165427392,3972786.146667793,0.9734250387864615,41,0,0.0,0,smooth,0.9,160.0,
coatings,ea90_p160_rand,10,4081245.0762726846,0.0,0.9133618720969294,0.9240397683972904,3972786.146667793,0.9734250387864615,0,0,0.0,0,smooth,0.9,160.0,
coatings,ea90_p160_rand,11,4081245.0762726846,0.0,0.7760277139282816,0.866376025189736,4081245.0762726846,1.0,41,0,0.0,0,smooth,0.9,160.0,
coatings,ea90_p160_rand,12,4081245.0762726846,0.0,0.2409432187949692,0.8538383047009805,3797395.2584470976,0.930450190439232,5,0,0.0,0,smooth,0.9,160.0,
coatings,ea90_p160_rand,13,4081245.0762726846,0.0,0.8470572652391115,0.9072566516966805,4019112.594109251,0.9847760962641876,25,0,0.0,0,smooth,0.9,160.0,
coatings,ea90_p160_rand,14,4081245.0762726846,0.0,0.4407814824360152,0.7969164626708547,4019112.594109251,0.9847760962641876,21,0,0.0,0,smooth,0.9,160.0,
coatings,ea90_p160_rand,15,4081245.0762726846,0.0,0.692736662031016,0.8040855502111528,3972786.146667793,0.9734250387864615,41,0,0.0,0,smooth,0.9,160.0,
coatings,ea90_p160_rand,16,4081245.0762726846,0.0,0.46829439521817423,0.8042436533348052,3673099.6845047474,0.8999948828996351,-1,0,0.0,0,smooth,0.9,160.0,
coatings,ea90_p160_rand,17,4081245.0762726846,0.0,0.7760277139282816,0.87473803913288,4003186.157564925,0.9808737487582958,21,0,0.0,0,smooth,0.9,160.0,
coatings,ea90_p160_rand,18,4081245.0762726846,0.0,0.9133618720969294,0.9451015272823772,4019112.594109251,0.9847760962641876,0,0,0.0,0,smooth,0.9,160.0,
coatings,ea90_p160_rand,19,4081245.0762726846,0.0,0.7012470763872891,0.9532728718334208,4019112.594109251,0.9847760962641876,5,0,0.0,0,smooth,0.9,160.0,
coatings,egbo_default,0,4081245.0762726846,0.0,0.13105107062437907,0.8624728656525178,4019112.594109251,0.9847760962641876,9,0,0.0,0,smooth,,,
coatings,egbo_default,1,4081245.0762726846,0.0,0.9847760962641876,0.988835803927071,4081245.0762726846,1.0,0,0,0.0,0,smooth,,,
coatings,egbo_default,2,4081245.0762726846,0.0,0.19480358667901757,0.8429516982993884,4081245.0762726846,1.0,17,0,0.0,0,smooth,,,
coatings,egbo_default,3,4081245.0762726846,0.0,0.8470572652391115,0.9592740719482379,4081245.0762726846,1.0,9,0,0.0,0,smooth,,,
coatings,egbo_default,4,4081245.0762726846,0.0,0.46829439521817423,0.8960429644771495,4081245.0762726846,1.0,13,0,0.0,0,smooth,,,
coatings,egbo_default,5,4081245.0762726846,0.0,0.6406080154514009,0.9522923949473301,4081245.0762726846,1.0,5,0,0.0,0,smooth,,,
coatings,egbo_default,6,4081245.0762726846,0.0,0.7843872100624334,0.9385580947068898,4081245.0762726846,1.0,13,0,0.0,0,smooth,,,
coatings,egbo_default,7,4081245.0762726846,0.0,0.2968737267028211,0.8906519424226169,4081245.0762726846,1.0,5,0,0.0,0,smooth,,,
coatings,egbo_default,8,4081245.0762726846,0.0,0.2968737267028211,0.8888052844523153,4081245.0762726846,1.0,13,0,0.0,0,smooth,,,
coatings,egbo_default,9,4081245.0762726846,0.0,0.7656882140054638,0.9418860802843014,4081245.0762726846,1.0,13,0,0.0,0,smooth,,,
coatings,egbo_default,10,4081245.0762726846,0.0,0.9133618720969294,0.9903735413441033,4081245.0762726846,1.0,0,0,0.0,0,smooth,,,
coatings,egbo_default,11,4081245.0762726846,0.0,0.7760277139282816,0.9281497874300146,4081245.0762726846,1.0,17,0,0.0,0,smooth,,,
coatings,egbo_default,12,4081245.0762726846,0.0,0.2409432187949692,0.8503596547062376,4081245.0762726846,1.0,13,0,0.0,0,smooth,,,
coatings,egbo_default,13,4081245.0762726846,0.0,0.8470572652391115,0.954463307403671,4081245.0762726846,1.0,13,0,0.0,0,smooth,,,
coatings,egbo_default,14,4081245.0762726846,0.0,0.4407814824360152,0.8329502239873358,4081245.0762726846,1.0,21,0,0.0,0,smooth,,,
coatings,egbo_default,15,4081245.0762726846,0.0,0.692736662031016,0.9358136003641533,4081245.0762726846,1.0,9,0,0.0,0,smooth,,,
coatings,egbo_default,16,4081245.0762726846,0.0,0.46829439521817423,0.8814301537969002,4081245.0762726846,1.0,13,0,0.0,0,smooth,,,
coatings,egbo_default,17,4081245.0762726846,0.0,0.7760277139282816,0.9700454998866834,4081245.0762726846,1.0,5,0,0.0,0,smooth,,,
coatings,egbo_default,18,4081245.0762726846,0.0,0.9133618720969294,0.9704932514307356,4019112.594109251,0.9847760962641876,0,0,0.0,0,smooth,,,
coatings,egbo_default,19,4081245.0762726846,0.0,0.7012470763872891,0.9115394680498382,4081245.0762726846,1.0,17,0,0.0,0,smooth,,,
