dataset,condition,seed,global_best,global_min,auc_best,final_best,final_best_normalised,steps_to_90pct,switch_count,switch_frequency,failure_count
coatings,fixed_random,0,4081245.0762726846,0.0,0.9587849566026904,4019112.594109251,0.9847760962641876,6,0,0.0,0
coatings,fixed_random,1,4081245.0762726846,0.0,0.9734250387864614,3972786.146667793,0.9734250387864616,0,0,0.0,0
coatings,fixed_random,2,4081245.0762726846,0.0,0.8198828202272457,3972786.146667793,0.9734250387864616,40,0,0.0,0
coatings,fixed_random,3,4081245.0762726846,0.0,0.7140047568071347,4019112.594109251,0.9847760962641876,80,0,0.0,0
coatings,fixed_random,4,4081245.0762726846,0.0,0.9807845156126797,4019112.594109251,0.9847760962641876,0,0,0.0,0
coatings,fixed_random,5,4081245.0762726846,0.0,0.9537887644219482,3972786.146667793,0.9734250387864616,0,0,0.0,0
coatings,fixed_random,6,4081245.0762726846,0.0,0.89755266033767,4019112.594109251,0.9847760962641876,44,0,0.0,0
coatings,fixed_random,7,4081245.0762726846,0.0,0.9696421587889044,4019112.594109251,0.9847760962641876,10,0,0.0,0
coatings,fixed_random,8,4081245.0762726846,0.0,0.9303018407757604,4019112.594109251,0.9847760962641876,7,0,0.0,0
coatings,fixed_random,9,4081245.0762726846,0.0,0.8413023835678116,4081245.0762726846,1.0,35,0,0.0,0
coatings,fixed_random,10,4081245.0762726846,0.0,0.8911841064027717,4019112.594109251,0.9847760962641876,38,0,0.0,0
coatings,fixed_random,11,4081245.0762726846,0.0,0.777751515121849,3849179.692870296,0.9431385817157716,70,0,0.0,0
coatings,fixed_random,12,4081245.0762726846,0.0,0.8660420521383758,3972786.146667793,0.9734250387864616,50,0,0.0,0
coatings,fixed_random,13,4081245.0762726846,0.0,0.95258153384624,3972786.146667793,0.9734250387864616,13,0,0.0,0
coatings,fixed_random,14,4081245.0762726846,0.0,0.994813834991097,4081245.0762726846,1.0,0,0,0.0,0
coatings,fixed_random,15,4081245.0762726846,0.0,0.93683126940356,3972786.146667793,0.9734250387864616,20,0,0.0,0
coatings,fixed_random,16,4081245.0762726846,0.0,0.9283096510784756,4081245.0762726846,1.0,27,0,0.0,0
coatings,fixed_random,17,4081245.0762726846,0.0,0.885618945254388,3972786.146667793,0.9734250387864616,47,0,0.0,0
coatings,fixed_random,18,4081245.0762726846,0.0,0.8921054556293051,3640900.9983031014,0.8921054556293051,-1,0,0.0,0
coatings,fixed_random,19,4081245.0762726846,0.0,0.8794653112634178,4019112.594109251,0.9847760962641876,46,0,0.0,0
coatings,fixed_ucb_low,0,4081245.0762726846,0.0,0.859870855339079,4019112.594109251,0.9847760962641876,60,0,0.0,0
coatings,fixed_ucb_low,1,4081245.0762726846,0.0,0.9829050428337932,4019112.594109251,0.9847760962641876,0,0,0.0,0
coatings,fixed_ucb_low,2,4081245.0762726846,0.0,0.9558183444807534,4081245.0762726846,1.0,9,0,0.0,0
coatings,fixed_ucb_low,3,4081245.0762726846,0.0,0.7089831352247101,3457048.293078129,0.8470572652391115,-1,0,0.0,0
coatings,fixed_ucb_low,4,4081245.0762726846,0.0,0.983279253519872,4019112.594109251,0.9847760962641876,0,0,0.0,0
coatings,fixed_ucb_low,5,4081245.0762726846,0.0,0.9774149410404884,4019112.594109251,0.9847760962641876,0,0,0.0,0
coatings,fixed_ucb_low,6,4081245.0762726846,0.0,0.944245622933329,4081245.0762726846,1.0,17,0,0.0,0
coatings,fixed_ucb_low,7,4081245.0762726846,0.0,0.9801740515136672,4081245.0762726846,1.0,11,0,0.0,0
coatings,fixed_ucb_low,8,4081245.0762726846,0.0,0.950814246496038,4081245.0762726846,1.0,21,0,0.0,0
coatings,fixed_ucb_low,9,4081245.0762726846,0.0,0.8878489236368687,4019112.594109251,0.9847760962641876,34,0,0.0,0
coatings,fixed_ucb_low,10,4081245.0762726846,0.0,0.9273821203403848,4081245.0762726846,1.0,27,0,0.0,0
coatings,fixed_ucb_low,11,4081245.0762726846,0.0,0.790960024500181,4081245.0762726846,1.0,52,0,0.0,0
coatings,fixed_ucb_low,12,4081245.0762726846,0.0,0.9511583550137064,4081245.0762726846,1.0,14,0,0.0,0
coatings,fixed_ucb_low,13,4081245.0762726846,0.0,0.9630140268029596,4019112.594109251,0.9847760962641876,6,0,0.0,0
coatings,fixed_ucb_low,14,4081245.0762726846,0.0,0.9847760962641876,4019112.594109251,0.9847760962641876,0,0,0.0,0
coatings,fixed_ucb_low,15,4081245.0762726846,0.0,0.9445853828608854,4081245.0762726846,1.0,20,0,0.0,0
coatings,fixed_ucb_low,16,4081245.0762726846,0.0,0.95053591805894,4081245.0762726846,1.0,18,0,0.0,0
coatings,fixed_ucb_low,17,4081245.0762726846,0.0,0.9496672750315708,4019112.594109251,0.9847760962641876,14,0,0.0,0
coatings,fixed_ucb_low,18,4081245.0762726846,0.0,0.9937796957904724,4081245.0762726846,1.0,5,0,0.0,0
coatings,fixed_ucb_low,19,4081245.0762726846,0.0,0.9324726285665508,4081245.0762726846,1.0,19,0,0.0,0
coatings,fixed_ucb_high,0,4081245.0762726846,0.0,0.9279170040908802,3972786.146667793,0.9734250387864616,15,0,0.0,0
coatings,fixed_ucb_high,1,4081245.0762726846,0.0,0.9734250387864614,3972786.146667793,0.9734250387864616,0,0,0.0,0
coatings,fixed_ucb_high,2,4081245.0762726846,0.0,0.844562126835955,3849179.692870296,0.9431385817157716,50,0,0.0,0
coatings,fixed_ucb_high,3,4081245.0762726846,0.0,0.8995723221352933,3860644.472341896,0.9459477194316744,9,0,0.0,0
coatings,fixed_ucb_high,4,4081245.0762726846,0.0,0.9734250387864614,3972786.146667793,0.9734250387864616,0,0,0.0,0
coatings,fixed_ucb_high,5,4081245.0762726846,0.0,0.9717609477386212,3972786.146667793,0.9734250387864616,0,0,0.0,0
coatings,fixed_ucb_high,6,4081245.0762726846,0.0,0.9641306518573396,4019112.594109251,0.9847760962641876,9,0,0.0,0
coatings,fixed_ucb_high,7,4081245.0762726846,0.0,0.9331654759473812,3972786.146667793,0.9734250387864616,23,0,0.0,0
coatings,fixed_ucb_high,8,4081245.0762726846,0.0,0.9557882269139664,3972786.146667793,0.9734250387864616,11,0,0.0,0
coatings,fixed_ucb_high,9,4081245.0762726846,0.0,0.8342362971727383,3849179.692870296,0.9431385817157716,76,0,0.0,0
coatings,fixed_ucb_high,10,4081245.0762726846,0.0,0.8874025441781384,4019112.594109251,0.9847760962641876,36,0,0.0,0
coatings,fixed_ucb_high,11,4081245.0762726846,0.0,0.8215076511450429,3849179.692870296,0.9431385817157716,56,0,0.0,0
coatings,fixed_ucb_high,12,4081245.0762726846,0.0,0.9149077599583187,3972786.146667793,0.9734250387864616,16,0,0.0,0
coatings,fixed_ucb_high,13,4081245.0762726846,0.0,0.8657596222948701,3849179.692870296,0.9431385817157716,68,0,0.0,0
coatings,fixed_ucb_high,14,4081245.0762726846,0.0,0.9847760962641876,4019112.594109251,0.9847760962641876,0,0,0.0,0
coatings,fixed_ucb_high,15,4081245.0762726846,0.0,0.9305399589265416,4019112.594109251,0.9847760962641876,20,0,0.0,0
coatings,fixed_ucb_high,16,4081245.0762726846,0.0,0.886210703678275,3849179.692870296,0.9431385817157716,31,0,0.0,0
coatings,fixed_ucb_high,17,4081245.0762726846,0.0,0.9618367135899124,4019112.594109251,0.9847760962641876,10,0,0.0,0
coatings,fixed_ucb_high,18,4081245.0762726846,0.0,0.8943486699627762,3849179.692870296,0.9431385817157716,87,0,0.0,0
coatings,fixed_ucb_high,19,4081245.0762726846,0.0,0.914590427781854,3849179.692870296,0.9431385817157716,8,0,0.0,0
coatings,fixed_ei,0,4081245.0762726846,0.0,0.8890251757565747,4019112.594109251,0.9847760962641876,41,0,0.0,0
coatings,fixed_ei,1,4081245.0762726846,0.0,0.979287672868364,4019112.594109251,0.9847760962641876,0,0,0.0,0
coatings,fixed_ei,2,4081245.0762726846,0.0,0.9465587447186689,4081245.0762726846,1.0,13,0,0.0,0
coatings,fixed_ei,3,4081245.0762726846,0.0,0.8811588266465207,4081245.0762726846,1.0,20,0,0.0,0
coatings,fixed_ei,4,4081245.0762726846,0.0,0.9821566214616354,4019112.594109251,0.9847760962641876,0,0,0.0,0
coatings,fixed_ei,5,4081245.0762726846,0.0,0.980834214030008,4081245.0762726846,1.0,0,0,0.0,0
coatings,fixed_ei,6,4081245.0762726846,0.0,0.9621945830290134,4081245.0762726846,1.0,11,0,0.0,0
coatings,fixed_ei,7,4081245.0762726846,0.0,0.8915032104954512,3727653.643350795,0.9133618720969294,30,0,0.0,0
coatings,fixed_ei,8,4081245.0762726846,0.0,0.9496431769778986,4081245.0762726846,1.0,21,0,0.0,0
coatings,fixed_ei,9,4081245.0762726846,0.0,0.8692651203003776,3972786.146667793,0.9734250387864616,48,0,0.0,0
coatings,fixed_ei,10,4081245.0762726846,0.0,0.9166979367157306,4081245.0762726846,1.0,26,0,0.0,0
coatings,fixed_ei,11,4081245.0762726846,0.0,0.776406296791002,4081245.0762726846,1.0,54,0,0.0,0
coatings,fixed_ei,12,4081245.0762726846,0.0,0.9498643365976036,4019112.594109251,0.9847760962641876,9,0,0.0,0
coatings,fixed_ei,13,4081245.0762726846,0.0,0.9821065589925084,4081245.0762726846,1.0,9,0,0.0,0
coatings,fixed_ei,14,4081245.0762726846,0.0,0.9847760962641876,4019112.594109251,0.9847760962641876,0,0,0.0,0
coatings,fixed_ei,15,4081245.0762726846,0.0,0.9671456229034738,4019112.594109251,0.9847760962641876,6,0,0.0,0
coatings,fixed_ei,16,4081245.0762726846,0.0,0.957365104003954,4081245.0762726846,1.0,17,0,0.0,0
coatings,fixed_ei,17,4081245.0762726846,0.0,0.9819348843826254,4081245.0762726846,1.0,7,0,0.0,0
coatings,fixed_ei,18,4081245.0762726846,0.0,0.9844536983954462,4081245.0762726846,1.0,5,0,0.0,0
coatings,fixed_ei,19,4081245.0762726846,0.0,0.9454191872995849,4081245.0762726846,1.0,16,0,0.0,0
coatings,fixed_lhs,0,4081245.0762726846,0.0,0.8124214269118538,3849179.692870296,0.9431385817157716,69,0,0.0,0
coatings,fixed_lhs,1,4081245.0762726846,0.0,0.9775134943577752,4081245.0762726846,1.0,0,0,0.0,0
coatings,fixed_lhs,2,4081245.0762726846,0.0,0.8975072427026328,3972786.146667793,0.9734250387864616,9,0,0.0,0
coatings,fixed_lhs,3,4081245.0762726846,0.0,0.8217763560651845,3972786.146667793,0.9734250387864616,53,0,0.0,0
coatings,fixed_lhs,4,4081245.0762726846,0.0,0.9734250387864614,3972786.146667793,0.9734250387864616,0,0,0.0,0
coatings,fixed_lhs,5,4081245.0762726846,0.0,0.9431385817157716,3849179.692870296,0.9431385817157716,0,0,0.0,0
coatings,fixed_lhs,6,4081245.0762726846,0.0,0.9473946223216464,3972786.146667793,0.9734250387864616,12,0,0.0,0
coatings,fixed_lhs,7,4081245.0762726846,0.0,0.9289384292938172,4081245.0762726846,1.0,17,0,0.0,0
coatings,fixed_lhs,8,4081245.0762726846,0.0,0.911407022482686,3972786.146667793,0.9734250387864616,31,0,0.0,0
coatings,fixed_lhs,9,4081245.0762726846,0.0,0.8268788370131669,3849179.692870296,0.9431385817157716,35,0,0.0,0
coatings,fixed_lhs,10,4081245.0762726846,0.0,0.9218733944341468,3849179.692870296,0.9431385817157716,8,0,0.0,0
coatings,fixed_lhs,11,4081245.0762726846,0.0,0.9092334215880428,3972786.146667793,0.9734250387864616,14,0,0.0,0
coatings,fixed_lhs,12,4081245.0762726846,0.0,0.8886371436733812,3972786.146667793,0.9734250387864616,22,0,0.0,0
coatings,fixed_lhs,13,4081245.0762726846,0.0,0.8756209002208076,3972786.146667793,0.9734250387864616,61,0,0.0,0
coatings,fixed_lhs,14,4081245.0762726846,0.0,0.9847760962641876,4019112.594109251,0.9847760962641876,0,0,0.0,0
coatings,fixed_lhs,15,4081245.0762726846,0.0,0.9191950044847635,3972786.146667793,0.9734250387864616,25,0,0.0,0
coatings,fixed_lhs,16,4081245.0762726846,0.0,0.8648209422116566,3972786.146667793,0.9734250387864616,73,0,0.0,0
coatings,fixed_lhs,17,4081245.0762726846,0.0,0.8274464424782786,3849179.692870296,0.9431385817157716,63,0,0.0,0
coatings,fixed_lhs,18,4081245.0762726846,0.0,0.9291184921315776,3849179.692870296,0.9431385817157716,25,0,0.0,0
coatings,fixed_lhs,19,4081245.0762726846,0.0,0.864701275514745,3972786.146667793,0.9734250387864616,84,0,0.0,0
coatings,mock_approach_a,0,4081245.0762726846,0.0,0.9297771987392148,4019112.594109251,0.9847760962641876,15,0,0.0,0
coatings,mock_approach_a,1,4081245.0762726846,0.0,0.9829050428337932,4019112.594109251,0.9847760962641876,0,0,0.0,0
coatings,mock_approach_a,2,4081245.0762726846,0.0,0.9558183444807534,4081245.0762726846,1.0,9,0,0.0,0
coatings,mock_approach_a,3,4081245.0762726846,0.0,0.9310533207080544,4081245.0762726846,1.0,9,0,0.0,0
coatings,mock_approach_a,4,4081245.0762726846,0.0,0.9734250387864614,3972786.146667793,0.9734250387864616,0,0,0.0,0
coatings,mock_approach_a,5,4081245.0762726846,0.0,0.9789560682742978,4081245.0762726846,1.0,0,0,0.0,0
coatings,mock_approach_a,6,4081245.0762726846,0.0,0.8994489880072304,4019112.594109251,0.9847760962641876,36,0,0.0,0
coatings,mock_approach_a,7,4081245.0762726846,0.0,0.9620751900512632,4019112.594109251,0.9847760962641876,15,0,0.0,0
coatings,mock_approach_a,8,4081245.0762726846,0.0,0.9411990463479758,3972786.146667793,0.9734250387864616,17,0,0.0,0
coatings,mock_approach_a,9,4081245.0762726846,0.0,0.8583260850265422,3972786.146667793,0.9734250387864616,32,0,0.0,0
coatings,mock_approach_a,10,4081245.0762726846,0.0,0.9103419268524138,4019112.594109251,0.9847760962641876,26,0,0.0,0
coatings,mock_approach_a,11,4081245.0762726846,0.0,0.81970351625043,4019112.594109251,0.9847760962641876,38,0,0.0,0
coatings,mock_approach_a,12,4081245.0762726846,0.0,0.9652605642474584,4081245.0762726846,1.0,7,0,0.0,0
coatings,mock_approach_a,13,4081245.0762726846,0.0,0.9645108695472752,4019112.594109251,0.9847760962641876,6,0,0.0,0
coatings,mock_approach_a,14,4081245.0762726846,0.0,0.9847760962641876,4019112.594109251,0.9847760962641876,0,0,0.0,0
coatings,mock_approach_a,15,4081245.0762726846,0.0,0.9152394988301136,4019112.594109251,0.9847760962641876,35,0,0.0,0
coatings,mock_approach_a,16,4081245.0762726846,0.0,0.8941983407079075,3972786.146667793,0.9734250387864616,31,0,0.0,0
coatings,mock_approach_a,17,4081245.0762726846,0.0,0.9693650176350942,4081245.0762726846,1.0,10,0,0.0,0
coatings,mock_approach_a,18,4081245.0762726846,0.0,0.9542253356153252,4019112.594109251,0.9847760962641876,30,0,0.0,0
coatings,mock_approach_a,19,4081245.0762726846,0.0,0.9558696295997872,4081245.0762726846,1.0,8,0,0.0,0
coatings,mock_approach_b,0,4081245.0762726846,0.0,0.812910774690655,4081245.0762726846,1.0,59,2,0.2197802197802198,0
coatings,mock_approach_b,1,4081245.0762726846,0.0,0.9802488879909662,4081245.0762726846,1.0,0,2,0.2197802197802198,0
coatings,mock_approach_b,2,4081245.0762726846,0.0,0.9149357291663944,4019112.594109251,0.9847760962641876,9,2,0.2197802197802198,0
coatings,mock_approach_b,3,4081245.0762726846,0.0,0.8689287974534797,4081245.0762726846,1.0,34,2,0.2197802197802198,0
coatings,mock_approach_b,4,4081245.0762726846,0.0,0.9734250387864614,3972786.146667793,0.9734250387864616,0,2,0.2197802197802198,0
coatings,mock_approach_b,5,4081245.0762726846,0.0,0.9624420378707168,3972786.146667793,0.9734250387864616,0,2,0.2197802197802198,0
coatings,mock_approach_b,6,4081245.0762726846,0.0,0.9473946223216464,3972786.146667793,0.9734250387864616,12,2,0.2197802197802198,0
coatings,mock_approach_b,7,4081245.0762726846,0.0,0.9418302352699612,3972786.146667793,0.9734250387864616,17,2,0.2197802197802198,0
coatings,mock_approach_b,8,4081245.0762726846,0.0,0.9038698853573426,4019112.594109251,0.9847760962641876,35,2,0.2197802197802198,0
coatings,mock_approach_b,9,4081245.0762726846,0.0,0.8733401703713681,4081245.0762726846,1.0,30,2,0.2197802197802198,0
coatings,mock_approach_b,10,4081245.0762726846,0.0,0.9464571926707072,4019112.594109251,0.9847760962641876,8,2,0.2197802197802198,0
coatings,mock_approach_b,11,4081245.0762726846,0.0,0.9248358831462326,4081245.0762726846,1.0,14,2,0.2197802197802198,0
coatings,mock_approach_b,12,4081245.0762726846,0.0,0.895415447430966,4019112.594109251,0.9847760962641876,22,2,0.2197802197802198,0
coatings,mock_approach_b,13,4081245.0762726846,0.0,0.9322569578277772,4081245.0762726846,1.0,32,2,0.2197802197802198,0
coatings,mock_approach_b,14,4081245.0762726846,0.0,0.993810061118406,4081245.0762726846,1.0,0,2,0.2197802197802198,0
coatings,mock_approach_b,15,4081245.0762726846,0.0,0.9327869789426648,4081245.0762726846,1.0,25,2,0.2197802197802198,0
coatings,mock_approach_b,16,4081245.0762726846,0.0,0.9077613059771472,4081245.0762726846,1.0,34,2,0.2197802197802198,0
coatings,mock_approach_b,17,4081245.0762726846,0.0,0.9133216857445452,4081245.0762726846,1.0,32,2,0.2197802197802198,0
coatings,mock_approach_b,18,4081245.0762726846,0.0,0.95641154776518,4081245.0762726846,1.0,25,2,0.2197802197802198,0
coatings,mock_approach_b,19,4081245.0762726846,0.0,0.9242435192564532,4081245.0762726846,1.0,32,2,0.2197802197802198,0
coatings,mock_approach_c,0,4081245.0762726846,0.0,0.9575715223764316,4019112.594109251,0.9847760962641876,7,0,0.0,0
coatings,mock_approach_c,1,4081245.0762726846,0.0,0.9791629359730044,4019112.594109251,0.9847760962641876,0,0,0.0,0
coatings,mock_approach_c,2,4081245.0762726846,0.0,0.7996756115926574,4019112.594109251,0.9847760962641876,49,0,0.0,0
coatings,mock_approach_c,3,4081245.0762726846,0.0,0.7685544436219769,4081245.0762726846,1.0,35,0,0.0,0
coatings,mock_approach_c,4,4081245.0762726846,0.0,0.979911357345162,4019112.594109251,0.9847760962641876,0,0,0.0,0
coatings,mock_approach_c,5,4081245.0762726846,0.0,0.9501277641167,3972786.146667793,0.9734250387864616,0,0,0.0,0
coatings,mock_approach_c,6,4081245.0762726846,0.0,0.9242411730854192,4081245.0762726846,1.0,30,0,0.0,0
coatings,mock_approach_c,7,4081245.0762726846,0.0,0.966615371293848,4019112.594109251,0.9847760962641876,12,0,0.0,0
coatings,mock_approach_c,8,4081245.0762726846,0.0,0.937991017676286,4019112.594109251,0.9847760962641876,8,0,0.0,0
coatings,mock_approach_c,9,4081245.0762726846,0.0,0.8071251005236697,4081245.0762726846,1.0,43,0,0.0,0
coatings,mock_approach_c,10,4081245.0762726846,0.0,0.869562286217779,4019112.594109251,0.9847760962641876,47,0,0.0,0
coatings,mock_approach_c,11,4081245.0762726846,0.0,0.832464143353988,3972786.146667793,0.9734250387864616,40,0,0.0,0
coatings,mock_approach_c,12,4081245.0762726846,0.0,0.8602004345575778,3972786.146667793,0.9734250387864616,50,0,0.0,0
coatings,mock_approach_c,13,4081245.0762726846,0.0,0.9535093914311936,4019112.594109251,0.9847760962641876,16,0,0.0,0
coatings,mock_approach_c,14,4081245.0762726846,0.0,0.9936427654729576,4081245.0762726846,1.0,0,0,0.0,0
coatings,mock_approach_c,15,4081245.0762726846,0.0,0.9337188721860512,4019112.594109251,0.9847760962641876,24,0,0.0,0
coatings,mock_approach_c,16,4081245.0762726846,0.0,0.9132314439114556,4081245.0762726846,1.0,33,0,0.0,0
coatings,mock_approach_c,17,4081245.0762726846,0.0,0.8940130968004065,3972786.146667793,0.9734250387864616,40,0,0.0,0
coatings,mock_approach_c,18,4081245.0762726846,0.0,0.9415470108251784,4019112.594109251,0.9847760962641876,40,0,0.0,0
coatings,mock_approach_c,19,4081245.0762726846,0.0,0.8798860742669857,4019112.594109251,0.9847760962641876,50,0,0.0,0
pareto_20201218,fixed_random,0,5.44426438452636,-1.9304201262287155,0.6037074502891929,5.44426438452636,0.9999999999998164,57,0,0.0,0
pareto_20201218,fixed_random,1,5.44426438452636,-1.9304201262287155,0.8477524884705564,5.44426438452636,0.9999999999998164,30,0,0.0,0
pareto_20201218,fixed_random,2,5.44426438452636,-1.9304201262287155,0.5244070338662313,2.168589378468885,0.39832550833351,-1,0,0.0,0
pareto_20201218,fixed_random,3,5.44426438452636,-1.9304201262287155,1.0,5.44426438452636,0.9999999999998164,0,0,0.0,0
pareto_20201218,fixed_random,4,5.44426438452636,-1.9304201262287155,1.0,5.44426438452636,0.9999999999998164,0,0,0.0,0
pareto_20201218,fixed_random,5,5.44426438452636,-1.9304201262287155,0.9318306855754304,5.44426438452636,0.9999999999998164,6,0,0.0,0
pareto_20201218,fixed_random,6,5.44426438452636,-1.9304201262287155,0.8447826711263275,5.44426438452636,0.9999999999998164,17,0,0.0,0
pareto_20201218,fixed_random,7,5.44426438452636,-1.9304201262287155,0.6613280254844205,3.31642191643393,0.6091588655869149,-1,0,0.0,0
pareto_20201218,fixed_random,8,5.44426438452636,-1.9304201262287155,0.8673534246122961,5.44426438452636,0.9999999999998164,13,0,0.0,0
pareto_20201218,fixed_random,9,5.44426438452636,-1.9304201262287155,0.9124767502125531,5.44426438452636,0.9999999999998164,10,0,0.0,0
pareto_20201218,fixed_random,10,5.44426438452636,-1.9304201262287155,1.0,5.44426438452636,0.9999999999998164,0,0,0.0,0
pareto_20201218,fixed_random,11,5.44426438452636,-1.9304201262287155,0.8398862959344838,5.44426438452636,0.9999999999998164,25,0,0.0,0
pareto_20201218,fixed_random,12,5.44426438452636,-1.9304201262287155,0.8913374050531994,5.44426438452636,0.9999999999998164,12,0,0.0,0
pareto_20201218,fixed_random,13,5.44426438452636,-1.9304201262287155,0.8793998464243227,5.44426438452636,0.9999999999998164,15,0,0.0,0
pareto_20201218,fixed_random,14,5.44426438452636,-1.9304201262287155,1.0,5.44426438452636,0.9999999999998164,0,0,0.0,0
pareto_20201218,fixed_random,15,5.44426438452636,-1.9304201262287155,0.7446148587103942,5.44426438452636,0.9999999999998164,35,0,0.0,0
pareto_20201218,fixed_random,16,5.44426438452636,-1.9304201262287155,0.7114666444389273,3.31642191643393,0.6091588655869149,-1,0,0.0,0
pareto_20201218,fixed_random,17,5.44426438452636,-1.9304201262287155,0.7533039853680216,5.44426438452636,0.9999999999998164,33,0,0.0,0
pareto_20201218,fixed_random,18,5.44426438452636,-1.9304201262287155,0.7957516019750474,5.44426438452636,0.9999999999998164,31,0,0.0,0
pareto_20201218,fixed_random,19,5.44426438452636,-1.9304201262287155,1.0,5.44426438452636,0.9999999999998164,0,0,0.0,0
pareto_20201218,fixed_ucb_low,0,5.44426438452636,-1.9304201262287155,0.4459570385973183,2.173265080528347,0.3991843391560451,-1,0,0.0,0
pareto_20201218,fixed_ucb_low,1,5.44426438452636,-1.9304201262287155,0.9590574489184204,5.44426438452636,0.9999999999998164,6,0,0.0,0
pareto_20201218,fixed_ucb_low,2,5.44426438452636,-1.9304201262287155,0.4961587668183162,3.31642191643393,0.6091588655869149,-1,0,0.0,0
pareto_20201218,fixed_ucb_low,3,5.44426438452636,-1.9304201262287155,1.0,5.44426438452636,0.9999999999998164,0,0,0.0,0
pareto_20201218,fixed_ucb_low,4,5.44426438452636,-1.9304201262287155,1.0,5.44426438452636,0.9999999999998164,0,0,0.0,0
pareto_20201218,fixed_ucb_low,5,5.44426438452636,-1.9304201262287155,0.8396768329097956,5.44426438452636,0.9999999999998164,28,0,0.0,0
pareto_20201218,fixed_ucb_low,6,5.44426438452636,-1.9304201262287155,0.875579707574556,5.44426438452636,0.9999999999998164,13,0,0.0,0
pareto_20201218,fixed_ucb_low,7,5.44426438452636,-1.9304201262287155,0.6378689486680985,3.31642191643393,0.6091588655869149,-1,0,0.0,0
pareto_20201218,fixed_ucb_low,8,5.44426438452636,-1.9304201262287155,0.6308924528615492,3.31642191643393,0.6091588655869149,-1,0,0.0,0
pareto_20201218,fixed_ucb_low,9,5.44426438452636,-1.9304201262287155,0.6301490609811089,3.295055144471652,0.6052342266544262,-1,0,0.0,0
pareto_20201218,fixed_ucb_low,10,5.44426438452636,-1.9304201262287155,1.0,5.44426438452636,0.9999999999998164,0,0,0.0,0
pareto_20201218,fixed_ucb_low,11,5.44426438452636,-1.9304201262287155,0.7644755154177703,5.44426438452636,0.9999999999998164,33,0,0.0,0
pareto_20201218,fixed_ucb_low,12,5.44426438452636,-1.9304201262287155,0.4623700342227521,1.9178547519686475,0.3522706864529219,-1,0,0.0,0
pareto_20201218,fixed_ucb_low,13,5.44426438452636,-1.9304201262287155,0.6701499146839989,5.44426438452636,0.9999999999998164,40,0,0.0,0
pareto_20201218,fixed_ucb_low,14,5.44426438452636,-1.9304201262287155,1.0,5.44426438452636,0.9999999999998164,0,0,0.0,0
pareto_20201218,fixed_ucb_low,15,5.44426438452636,-1.9304201262287155,0.6570342840819121,3.295055144471652,0.6052342266544262,-1,0,0.0,0
pareto_20201218,fixed_ucb_low,16,5.44426438452636,-1.9304201262287155,0.7114666444389273,3.31642191643393,0.6091588655869149,-1,0,0.0,0
pareto_20201218,fixed_ucb_low,17,5.44426438452636,-1.9304201262287155,0.4776359925077059,3.295055144471652,0.6052342266544262,-1,0,0.0,0
pareto_20201218,fixed_ucb_low,18,5.44426438452636,-1.9304201262287155,0.762803082319411,5.44426438452636,0.9999999999998164,34,0,0.0,0
pareto_20201218,fixed_ucb_low,19,5.44426438452636,-1.9304201262287155,1.0,5.44426438452636,0.9999999999998164,0,0,0.0,0
pareto_20201218,fixed_ucb_high,0,5.44426438452636,-1.9304201262287155,0.616763674551812,5.44426438452636,0.9999999999998164,61,0,0.0,0
pareto_20201218,fixed_ucb_high,1,5.44426438452636,-1.9304201262287155,0.9590574489184204,5.44426438452636,0.9999999999998164,6,0,0.0,0
pareto_20201218,fixed_ucb_high,2,5.44426438452636,-1.9304201262287155,0.6445340955485092,3.31642191643393,0.6091588655869149,-1,0,0.0,0
pareto_20201218,fixed_ucb_high,3,5.44426438452636,-1.9304201262287155,1.0,5.44426438452636,0.9999999999998164,0,0,0.0,0
pareto_20201218,fixed_ucb_high,4,5.44426438452636,-1.9304201262287155,1.0,5.44426438452636,0.9999999999998164,0,0,0.0,0
pareto_20201218,fixed_ucb_high,5,5.44426438452636,-1.9304201262287155,0.675434768975031,3.31642191643393,0.6091588655869149,-1,0,0.0,0
pareto_20201218,fixed_ucb_high,6,5.44426438452636,-1.9304201262287155,0.875579707574556,5.44426438452636,0.9999999999998164,13,0,0.0,0
pareto_20201218,fixed_ucb_high,7,5.44426438452636,-1.9304201262287155,0.7895966837472466,5.44426438452636,0.9999999999998164,34,0,0.0,0
pareto_20201218,fixed_ucb_high,8,5.44426438452636,-1.9304201262287155,0.8268517649788105,5.44426438452636,0.9999999999998164,30,0,0.0,0
pareto_20201218,fixed_ucb_high,9,5.44426438452636,-1.9304201262287155,0.7984708256644077,5.44426438452636,0.9999999999998164,37,0,0.0,0
pareto_20201218,fixed_ucb_high,10,5.44426438452636,-1.9304201262287155,1.0,5.44426438452636,0.9999999999998164,0,0,0.0,0
pareto_20201218,fixed_ucb_high,11,5.44426438452636,-1.9304201262287155,0.7605531659479838,5.44426438452636,0.9999999999998164,46,0,0.0,0
pareto_20201218,fixed_ucb_high,12,5.44426438452636,-1.9304201262287155,0.6765676586279622,3.295055144471652,0.6052342266544262,-1,0,0.0,0
pareto_20201218,fixed_ucb_high,13,5.44426438452636,-1.9304201262287155,0.6995261662293254,5.44426438452636,0.9999999999998164,56,0,0.0,0
pareto_20201218,fixed_ucb_high,14,5.44426438452636,-1.9304201262287155,1.0,5.44426438452636,0.9999999999998164,0,0,0.0,0
pareto_20201218,fixed_ucb_high,15,5.44426438452636,-1.9304201262287155,0.7982356235815156,5.44426438452636,0.9999999999998164,31,0,0.0,0
pareto_20201218,fixed_ucb_high,16,5.44426438452636,-1.9304201262287155,0.8979035818783897,5.44426438452636,0.9999999999998164,23,0,0.0,0
pareto_20201218,fixed_ucb_high,17,5.44426438452636,-1.9304201262287155,0.798917061833223,5.44426438452636,0.9999999999998164,32,0,0.0,0
pareto_20201218,fixed_ucb_high,18,5.44426438452636,-1.9304201262287155,0.7730768888148312,5.44426438452636,0.9999999999998164,37,0,0.0,0
pareto_20201218,fixed_ucb_high,19,5.44426438452636,-1.9304201262287155,1.0,5.44426438452636,0.9999999999998164,0,0,0.0,0
pareto_20201218,fixed_ei,0,5.44426438452636,-1.9304201262287155,0.5714866663479807,3.31642191643393,0.6091588655869149,-1,0,0.0,0
pareto_20201218,fixed_ei,1,5.44426438452636,-1.9304201262287155,0.9590574489184204,5.44426438452636,0.9999999999998164,6,0,0.0,0
pareto_20201218,fixed_ei,2,5.44426438452636,-1.9304201262287155,0.6392707022635981,3.31642191643393,0.6091588655869149,-1,0,0.0,0
pareto_20201218,fixed_ei,3,5.44426438452636,-1.9304201262287155,1.0,5.44426438452636,0.9999999999998164,0,0,0.0,0
pareto_20201218,fixed_ei,4,5.44426438452636,-1.9304201262287155,1.0,5.44426438452636,0.9999999999998164,0,0,0.0,0
pareto_20201218,fixed_ei,5,5.44426438452636,-1.9304201262287155,0.675434768975031,3.31642191643393,0.6091588655869149,-1,0,0.0,0
pareto_20201218,fixed_ei,6,5.44426438452636,-1.9304201262287155,0.875579707574556,5.44426438452636,0.9999999999998164,13,0,0.0,0
pareto_20201218,fixed_ei,7,5.44426438452636,-1.9304201262287155,0.6350536472275451,3.31642191643393,0.6091588655869149,-1,0,0.0,0
pareto_20201218,fixed_ei,8,5.44426438452636,-1.9304201262287155,0.6466707103068144,3.31642191643393,0.6091588655869149,-1,0,0.0,0
pareto_20201218,fixed_ei,9,5.44426438452636,-1.9304201262287155,0.6529260464395161,3.31642191643393,0.6091588655869149,-1,0,0.0,0
pareto_20201218,fixed_ei,10,5.44426438452636,-1.9304201262287155,1.0,5.44426438452636,0.9999999999998164,0,0,0.0,0
pareto_20201218,fixed_ei,11,5.44426438452636,-1.9304201262287155,0.6000770935236146,3.295055144471652,0.6052342266544262,-1,0,0.0,0
pareto_20201218,fixed_ei,12,5.44426438452636,-1.9304201262287155,0.5041681749745767,3.295055144471652,0.6052342266544262,-1,0,0.0,0
pareto_20201218,fixed_ei,13,5.44426438452636,-1.9304201262287155,0.8045933153472241,5.44426438452636,0.9999999999998164,21,0,0.0,0
pareto_20201218,fixed_ei,14,5.44426438452636,-1.9304201262287155,1.0,5.44426438452636,0.9999999999998164,0,0,0.0,0
pareto_20201218,fixed_ei,15,5.44426438452636,-1.9304201262287155,0.6593906667017018,5.44426438452636,0.9999999999998164,64,0,0.0,0
pareto_20201218,fixed_ei,16,5.44426438452636,-1.9304201262287155,0.7114666444389273,3.31642191643393,0.6091588655869149,-1,0,0.0,0
pareto_20201218,fixed_ei,17,5.44426438452636,-1.9304201262287155,0.589811637899008,3.31642191643393,0.6091588655869149,-1,0,0.0,0
pareto_20201218,fixed_ei,18,5.44426438452636,-1.9304201262287155,0.762803082319411,5.44426438452636,0.9999999999998164,34,0,0.0,0
pareto_20201218,fixed_ei,19,5.44426438452636,-1.9304201262287155,1.0,5.44426438452636,0.9999999999998164,0,0,0.0,0
pareto_20201218,fixed_lhs,0,5.44426438452636,-1.9304201262287155,0.6839628270843303,5.44426438452636,0.9999999999998164,43,0,0.0,0
pareto_20201218,fixed_lhs,1,5.44426438452636,-1.9304201262287155,0.6898476529907954,3.295055144471652,0.6052342266544262,-1,0,0.0,0
pareto_20201218,fixed_lhs,2,5.44426438452636,-1.9304201262287155,0.8627427283053452,5.44426438452636,0.9999999999998164,20,0,0.0,0
pareto_20201218,fixed_lhs,3,5.44426438452636,-1.9304201262287155,1.0,5.44426438452636,0.9999999999998164,0,0,0.0,0
pareto_20201218,fixed_lhs,4,5.44426438452636,-1.9304201262287155,1.0,5.44426438452636,0.9999999999998164,0,0,0.0,0
pareto_20201218,fixed_lhs,5,5.44426438452636,-1.9304201262287155,0.7949633710458691,5.44426438452636,0.9999999999998164,22,0,0.0,0
pareto_20201218,fixed_lhs,6,5.44426438452636,-1.9304201262287155,0.8669829204996968,5.44426438452636,0.9999999999998164,15,0,0.0,0
pareto_20201218,fixed_lhs,7,5.44426438452636,-1.9304201262287155,0.7229227945868548,5.44426438452636,0.9999999999998164,36,0,0.0,0
pareto_20201218,fixed_lhs,8,5.44426438452636,-1.9304201262287155,0.8638602658877488,5.44426438452636,0.9999999999998164,16,0,0.0,0
pareto_20201218,fixed_lhs,9,5.44426438452636,-1.9304201262287155,0.6302424987001319,5.44426438452636,0.9999999999998164,48,0,0.0,0
pareto_20201218,fixed_lhs,10,5.44426438452636,-1.9304201262287155,1.0,5.44426438452636,0.9999999999998164,0,0,0.0,0
pareto_20201218,fixed_lhs,11,5.44426438452636,-1.9304201262287155,0.8293931400082818,5.44426438452636,0.9999999999998164,32,0,0.0,0
pareto_20201218,fixed_lhs,12,5.44426438452636,-1.9304201262287155,0.8762641381049563,5.44426438452636,0.9999999999998164,14,0,0.0,0
pareto_20201218,fixed_lhs,13,5.44426438452636,-1.9304201262287155,0.8545842619415271,5.44426438452636,0.9999999999998164,19,0,0.0,0
pareto_20201218,fixed_lhs,14,5.44426438452636,-1.9304201262287155,1.0,5.44426438452636,0.9999999999998164,0,0,0.0,0
pareto_20201218,fixed_lhs,15,5.44426438452636,-1.9304201262287155,0.8437853885878873,5.44426438452636,0.9999999999998164,26,0,0.0,0
pareto_20201218,fixed_lhs,16,5.44426438452636,-1.9304201262287155,0.7114666444389273,3.31642191643393,0.6091588655869149,-1,0,0.0,0
pareto_20201218,fixed_lhs,17,5.44426438452636,-1.9304201262287155,0.797373161809745,5.44426438452636,0.9999999999998164,25,0,0.0,0
pareto_20201218,fixed_lhs,18,5.44426438452636,-1.9304201262287155,0.6731736887300682,5.44426438452636,0.9999999999998164,47,0,0.0,0
pareto_20201218,fixed_lhs,19,5.44426438452636,-1.9304201262287155,1.0,5.44426438452636,0.9999999999998164,0,0,0.0,0
pareto_20201218,mock_approach_a,0,5.44426438452636,-1.9304201262287155,0.4459570385973183,2.173265080528347,0.3991843391560451,-1,0,0.0,0
pareto_20201218,mock_approach_a,1,5.44426438452636,-1.9304201262287155,0.9590574489184204,5.44426438452636,0.9999999999998164,6,0,0.0,0
pareto_20201218,mock_approach_a,2,5.44426438452636,-1.9304201262287155,0.6636406761826532,5.44426438452636,0.9999999999998164,48,0,0.0,0
pareto_20201218,mock_approach_a,3,5.44426438452636,-1.9304201262287155,1.0,5.44426438452636,0.9999999999998164,0,0,0.0,0
pareto_20201218,mock_approach_a,4,5.44426438452636,-1.9304201262287155,1.0,5.44426438452636,0.9999999999998164,0,0,0.0,0
pareto_20201218,mock_approach_a,5,5.44426438452636,-1.9304201262287155,0.8396768329097956,5.44426438452636,0.9999999999998164,28,0,0.0,0
pareto_20201218,mock_approach_a,6,5.44426438452636,-1.9304201262287155,0.875579707574556,5.44426438452636,0.9999999999998164,13,0,0.0,0
pareto_20201218,mock_approach_a,7,5.44426438452636,-1.9304201262287155,0.7133763549523809,5.44426438452636,0.9999999999998164,51,0,0.0,0
pareto_20201218,mock_approach_a,8,5.44426438452636,-1.9304201262287155,0.7999504724629757,5.44426438452636,0.9999999999998164,36,0,0.0,0
pareto_20201218,mock_approach_a,9,5.44426438452636,-1.9304201262287155,0.6842283377238083,5.44426438452636,0.9999999999998164,51,0,0.0,0
pareto_20201218,mock_approach_a,10,5.44426438452636,-1.9304201262287155,1.0,5.44426438452636,0.9999999999998164,0,0,0.0,0
pareto_20201218,mock_approach_a,11,5.44426438452636,-1.9304201262287155,0.6467115030198556,3.31642191643393,0.6091588655869149,-1,0,0.0,0
pareto_20201218,mock_approach_a,12,5.44426438452636,-1.9304201262287155,0.7794249237177973,5.44426438452636,0.9999999999998164,39,0,0.0,0
pareto_20201218,mock_approach_a,13,5.44426438452636,-1.9304201262287155,0.5855585198671795,3.31642191643393,0.6091588655869149,-1,0,0.0,0
pareto_20201218,mock_approach_a,14,5.44426438452636,-1.9304201262287155,1.0,5.44426438452636,0.9999999999998164,0,0,0.0,0
pareto_20201218,mock_approach_a,15,5.44426438452636,-1.9304201262287155,0.7825736491558083,5.44426438452636,0.9999999999998164,37,0,0.0,0
pareto_20201218,mock_approach_a,16,5.44426438452636,-1.9304201262287155,0.8401969107661751,5.44426438452636,0.9999999999998164,36,0,0.0,0
pareto_20201218,mock_approach_a,17,5.44426438452636,-1.9304201262287155,0.7361473792962748,5.44426438452636,0.9999999999998164,46,0,0.0,0
pareto_20201218,mock_approach_a,18,5.44426438452636,-1.9304201262287155,0.7327928661461859,5.44426438452636,0.9999999999998164,45,0,0.0,0
pareto_20201218,mock_approach_a,19,5.44426438452636,-1.9304201262287155,1.0,5.44426438452636,0.9999999999998164,0,0,0.0,0
pareto_20201218,mock_approach_b,0,5.44426438452636,-1.9304201262287155,0.6174343773525712,3.31642191643393,0.6091588655869149,-1,2,0.3076923076923077,0
pareto_20201218,mock_approach_b,1,5.44426438452636,-1.9304201262287155,0.7077818480013519,5.44426438452636,0.9999999999998164,61,2,0.3076923076923077,0
pareto_20201218,mock_approach_b,2,5.44426438452636,-1.9304201262287155,0.7551375582420055,5.44426438452636,0.9999999999998164,44,2,0.3076923076923077,0
pareto_20201218,mock_approach_b,3,5.44426438452636,-1.9304201262287155,1.0,5.44426438452636,0.9999999999998164,0,2,0.3076923076923077,0
pareto_20201218,mock_approach_b,4,5.44426438452636,-1.9304201262287155,1.0,5.44426438452636,0.9999999999998164,0,2,0.3076923076923077,0
pareto_20201218,mock_approach_b,5,5.44426438452636,-1.9304201262287155,0.6409386718171349,5.44426438452636,0.9999999999998164,50,2,0.3076923076923077,0
pareto_20201218,mock_approach_b,6,5.44426438452636,-1.9304201262287155,0.8669829204996968,5.44426438452636,0.9999999999998164,15,2,0.3076923076923077,0
pareto_20201218,mock_approach_b,7,5.44426438452636,-1.9304201262287155,0.6469188448880911,5.44426438452636,0.9999999999998164,54,2,0.3076923076923077,0
pareto_20201218,mock_approach_b,8,5.44426438452636,-1.9304201262287155,0.8638602658877488,5.44426438452636,0.9999999999998164,16,2,0.3076923076923077,0
pareto_20201218,mock_approach_b,9,5.44426438452636,-1.9304201262287155,0.5874841762793974,3.31642191643393,0.6091588655869149,-1,2,0.3076923076923077,0
pareto_20201218,mock_approach_b,10,5.44426438452636,-1.9304201262287155,1.0,5.44426438452636,0.9999999999998164,0,2,0.3076923076923077,0
pareto_20201218,mock_approach_b,11,5.44426438452636,-1.9304201262287155,0.6814360311711898,3.295055144471652,0.6052342266544262,-1,2,0.3076923076923077,0
pareto_20201218,mock_approach_b,12,5.44426438452636,-1.9304201262287155,0.8762641381049563,5.44426438452636,0.9999999999998164,14,2,0.3076923076923077,0
pareto_20201218,mock_approach_b,13,5.44426438452636,-1.9304201262287155,0.8545842619415271,5.44426438452636,0.9999999999998164,19,2,0.3076923076923077,0
pareto_20201218,mock_approach_b,14,5.44426438452636,-1.9304201262287155,1.0,5.44426438452636,0.9999999999998164,0,2,0.3076923076923077,0
pareto_20201218,mock_approach_b,15,5.44426438452636,-1.9304201262287155,0.7272131210192695,5.44426438452636,0.9999999999998164,52,2,0.3076923076923077,0
pareto_20201218,mock_approach_b,16,5.44426438452636,-1.9304201262287155,0.8135630625605376,5.44426438452636,0.9999999999998164,42,2,0.3076923076923077,0
pareto_20201218,mock_approach_b,17,5.44426438452636,-1.9304201262287155,0.5616320775192858,3.295055144471652,0.6052342266544262,-1,2,0.3076923076923077,0
pareto_20201218,mock_approach_b,18,5.44426438452636,-1.9304201262287155,0.5806126957631667,3.295055144471652,0.6052342266544262,-1,2,0.3076923076923077,0
pareto_20201218,mock_approach_b,19,5.44426438452636,-1.9304201262287155,1.0,5.44426438452636,0.9999999999998164,0,2,0.3076923076923077,0
pareto_20201218,mock_approach_c,0,5.44426438452636,-1.9304201262287155,0.5583071658386979,3.31642191643393,0.6091588655869149,-1,0,0.0,0
pareto_20201218,mock_approach_c,1,5.44426438452636,-1.9304201262287155,0.8142948817513221,5.44426438452636,0.9999999999998164,37,0,0.0,0
pareto_20201218,mock_approach_c,2,5.44426438452636,-1.9304201262287155,0.5904578731443084,3.295055144471652,0.6052342266544262,-1,0,0.0,0
pareto_20201218,mock_approach_c,3,5.44426438452636,-1.9304201262287155,1.0,5.44426438452636,0.9999999999998164,0,0,0.0,0
pareto_20201218,mock_approach_c,4,5.44426438452636,-1.9304201262287155,1.0,5.44426438452636,0.9999999999998164,0,0,0.0,0
pareto_20201218,mock_approach_c,5,5.44426438452636,-1.9304201262287155,0.9201853357817114,5.44426438452636,0.9999999999998164,7,0,0.0,0
pareto_20201218,mock_approach_c,6,5.44426438452636,-1.9304201262287155,0.8096521957014167,5.44426438452636,0.9999999999998164,21,0,0.0,0
pareto_20201218,mock_approach_c,7,5.44426438452636,-1.9304201262287155,0.6545311376638214,3.31642191643393,0.6091588655869149,-1,0,0.0,0
pareto_20201218,mock_approach_c,8,5.44426438452636,-1.9304201262287155,0.8386722236160034,5.44426438452636,0.9999999999998164,16,0,0.0,0
pareto_20201218,mock_approach_c,9,5.44426438452636,-1.9304201262287155,0.896068564427484,5.44426438452636,0.9999999999998164,12,0,0.0,0
pareto_20201218,mock_approach_c,10,5.44426438452636,-1.9304201262287155,1.0,5.44426438452636,0.9999999999998164,0,0,0.0,0
pareto_20201218,mock_approach_c,11,5.44426438452636,-1.9304201262287155,0.8030671099917833,5.44426438452636,0.9999999999998164,31,0,0.0,0
pareto_20201218,mock_approach_c,12,5.44426438452636,-1.9304201262287155,0.8732269725620658,5.44426438452636,0.9999999999998164,14,0,0.0,0
pareto_20201218,mock_approach_c,13,5.44426438452636,-1.9304201262287155,0.8563223171875717,5.44426438452636,0.9999999999998164,18,0,0.0,0
pareto_20201218,mock_approach_c,14,5.44426438452636,-1.9304201262287155,1.0,5.44426438452636,0.9999999999998164,0,0,0.0,0
pareto_20201218,mock_approach_c,15,5.44426438452636,-1.9304201262287155,0.6867767413548371,5.44426438452636,0.9999999999998164,43,0,0.0,0
pareto_20201218,mock_approach_c,16,5.44426438452636,-1.9304201262287155,0.7114666444389273,3.31642191643393,0.6091588655869149,-1,0,0.0,0
pareto_20201218,mock_approach_c,17,5.44426438452636,-1.9304201262287155,0.696201906543732,5.44426438452636,0.9999999999998164,41,0,0.0,0
pareto_20201218,mock_approach_c,18,5.44426438452636,-1.9304201262287155,0.7502660405503134,5.44426438452636,0.9999999999998164,38,0,0.0,0
pareto_20201218,mock_approach_c,19,5.44426438452636,-1.9304201262287155,1.0,5.44426438452636,0.9999999999998164,0,0,0.0,0
pareto_20201223,fixed_random,0,4.667169677008169,-1.816255519382323,0.8180271667578112,4.0186641917660895,0.8610495160615936,-1,0,0.0,0
pareto_20201223,fixed_random,1,4.667169677008169,-1.816255519382323,0.8712470596277158,3.8324096192891406,0.8211421234946482,-1,0,0.0,0
pareto_20201223,fixed_random,2,4.667169677008169,-1.816255519382323,0.7203728270731242,3.8056942383535586,0.8154180159981533,-1,0,0.0,0
pareto_20201223,fixed_random,3,4.667169677008169,-1.816255519382323,0.785066488852625,3.331895332389427,0.7139006213557213,-1,0,0.0,0
pareto_20201223,fixed_random,4,4.667169677008169,-1.816255519382323,0.808383467653205,4.0186641917660895,0.8610495160615936,-1,0,0.0,0
pareto_20201223,fixed_random,5,4.667169677008169,-1.816255519382323,0.8637593146500933,3.8324096192891406,0.8211421234946482,-1,0,0.0,0
pareto_20201223,fixed_random,6,4.667169677008169,-1.816255519382323,0.9109979699730488,4.667169677008169,0.9999999999997856,13,0,0.0,0
pareto_20201223,fixed_random,7,4.667169677008169,-1.816255519382323,0.8712470596277158,3.8324096192891406,0.8211421234946482,-1,0,0.0,0
pareto_20201223,fixed_random,8,4.667169677008169,-1.816255519382323,1.0,4.667169677008169,0.9999999999997856,0,0,0.0,0
pareto_20201223,fixed_random,9,4.667169677008169,-1.816255519382323,0.8999748642734217,4.0186641917660895,0.8610495160615936,-1,0,0.0,0
pareto_20201223,fixed_random,10,4.667169677008169,-1.816255519382323,0.8926789138872108,4.0186641917660895,0.8610495160615936,-1,0,0.0,0
pareto_20201223,fixed_random,11,4.667169677008169,-1.816255519382323,0.7954474293420134,4.667169677008169,0.9999999999997856,29,0,0.0,0
pareto_20201223,fixed_random,12,4.667169677008169,-1.816255519382323,0.8667495060664143,4.667169677008169,0.9999999999997856,30,0,0.0,0
pareto_20201223,fixed_random,13,4.667169677008169,-1.816255519382323,0.5848529547153266,3.8324096192891406,0.8211421234946482,-1,0,0.0,0
pareto_20201223,fixed_random,14,4.667169677008169,-1.816255519382323,0.8152370976906317,4.667169677008169,0.9999999999997856,33,0,0.0,0
pareto_20201223,fixed_random,15,4.667169677008169,-1.816255519382323,0.8712470596277158,3.8324096192891406,0.8211421234946482,-1,0,0.0,0
pareto_20201223,fixed_random,16,4.667169677008169,-1.816255519382323,0.7801257562918269,4.667169677008169,0.9999999999997856,26,0,0.0,0
pareto_20201223,fixed_random,17,4.667169677008169,-1.816255519382323,0.7125939017124572,4.0186641917660895,0.8610495160615936,-1,0,0.0,0
pareto_20201223,fixed_random,18,4.667169677008169,-1.816255519382323,0.6904483979877285,3.331895332389427,0.7139006213557213,-1,0,0.0,0
pareto_20201223,fixed_random,19,4.667169677008169,-1.816255519382323,1.0,4.667169677008169,0.9999999999997856,0,0,0.0,0
pareto_20201223,fixed_ucb_low,0,4.667169677008169,-1.816255519382323,0.519934664484088,1.7658810364731146,0.3783622963553217,-1,0,0.0,0
pareto_20201223,fixed_ucb_low,1,4.667169677008169,-1.816255519382323,0.8712470596277158,3.8324096192891406,0.8211421234946482,-1,0,0.0,0
pareto_20201223,fixed_ucb_low,2,4.667169677008169,-1.816255519382323,0.8201699154521316,4.0186641917660895,0.8610495160615936,-1,0,0.0,0
pareto_20201223,fixed_ucb_low,3,4.667169677008169,-1.816255519382323,0.9645875353824874,4.667169677008169,0.9999999999997856,10,0,0.0,0
pareto_20201223,fixed_ucb_low,4,4.667169677008169,-1.816255519382323,0.3368282072695194,0.4607197763909122,0.098715026081107,-1,0,0.0,0
pareto_20201223,fixed_ucb_low,5,4.667169677008169,-1.816255519382323,0.8656469367332685,4.0186641917660895,0.8610495160615936,-1,0,0.0,0
pareto_20201223,fixed_ucb_low,6,4.667169677008169,-1.816255519382323,0.716308938714668,3.331895332389427,0.7139006213557213,-1,0,0.0,0
pareto_20201223,fixed_ucb_low,7,4.667169677008169,-1.816255519382323,0.9754922075650694,4.667169677008169,0.9999999999997856,14,0,0.0,0
pareto_20201223,fixed_ucb_low,8,4.667169677008169,-1.816255519382323,1.0,4.667169677008169,0.9999999999997856,0,0,0.0,0
pareto_20201223,fixed_ucb_low,9,4.667169677008169,-1.816255519382323,0.8999748642734217,4.0186641917660895,0.8610495160615936,-1,0,0.0,0
pareto_20201223,fixed_ucb_low,10,4.667169677008169,-1.816255519382323,0.8712470596277158,3.8324096192891406,0.8211421234946482,-1,0,0.0,0
pareto_20201223,fixed_ucb_low,11,4.667169677008169,-1.816255519382323,0.8227915908086484,4.0186641917660895,0.8610495160615936,-1,0,0.0,0
pareto_20201223,fixed_ucb_low,12,4.667169677008169,-1.816255519382323,0.8422032137552602,4.0186641917660895,0.8610495160615936,-1,0,0.0,0
pareto_20201223,fixed_ucb_low,13,4.667169677008169,-1.816255519382323,0.8156113120780508,4.0186641917660895,0.8610495160615936,-1,0,0.0,0
pareto_20201223,fixed_ucb_low,14,4.667169677008169,-1.816255519382323,0.5525068073353753,1.7658810364731146,0.3783622963553217,-1,0,0.0,0
pareto_20201223,fixed_ucb_low,15,4.667169677008169,-1.816255519382323,0.8903989293915199,4.0186641917660895,0.8610495160615936,-1,0,0.0,0
pareto_20201223,fixed_ucb_low,16,4.667169677008169,-1.816255519382323,0.8888741613184178,4.667169677008169,0.9999999999997856,12,0,0.0,0
pareto_20201223,fixed_ucb_low,17,4.667169677008169,-1.816255519382323,0.7736603954748368,4.0186641917660895,0.8610495160615936,-1,0,0.0,0
pareto_20201223,fixed_ucb_low,18,4.667169677008169,-1.816255519382323,0.8526540187821411,4.667169677008169,0.9999999999997856,24,0,0.0,0
pareto_20201223,fixed_ucb_low,19,4.667169677008169,-1.816255519382323,1.0,4.667169677008169,0.9999999999997856,0,0,0.0,0
pareto_20201223,fixed_ucb_high,0,4.667169677008169,-1.816255519382323,0.6533529949129309,3.8324096192891406,0.8211421234946482,-1,0,0.0,0
pareto_20201223,fixed_ucb_high,1,4.667169677008169,-1.816255519382323,0.8712470596277158,3.8324096192891406,0.8211421234946482,-1,0,0.0,0
pareto_20201223,fixed_ucb_high,2,4.667169677008169,-1.816255519382323,0.7759940480004714,3.8324096192891406,0.8211421234946482,-1,0,0.0,0
pareto_20201223,fixed_ucb_high,3,4.667169677008169,-1.816255519382323,0.8800407038842443,4.0186641917660895,0.8610495160615936,-1,0,0.0,0
pareto_20201223,fixed_ucb_high,4,4.667169677008169,-1.816255519382323,0.8264451398658214,4.0186641917660895,0.8610495160615936,-1,0,0.0,0
pareto_20201223,fixed_ucb_high,5,4.667169677008169,-1.816255519382323,0.8683866056462839,4.0186641917660895,0.8610495160615936,-1,0,0.0,0
pareto_20201223,fixed_ucb_high,6,4.667169677008169,-1.816255519382323,0.7752775917472932,3.8324096192891406,0.8211421234946482,-1,0,0.0,0
pareto_20201223,fixed_ucb_high,7,4.667169677008169,-1.816255519382323,0.8712470596277158,3.8324096192891406,0.8211421234946482,-1,0,0.0,0
pareto_20201223,fixed_ucb_high,8,4.667169677008169,-1.816255519382323,1.0,4.667169677008169,0.9999999999997856,0,0,0.0,0
pareto_20201223,fixed_ucb_high,9,4.667169677008169,-1.816255519382323,0.8999748642734217,4.0186641917660895,0.8610495160615936,-1,0,0.0,0
pareto_20201223,fixed_ucb_high,10,4.667169677008169,-1.816255519382323,0.8899429324923818,4.0186641917660895,0.8610495160615936,-1,0,0.0,0
pareto_20201223,fixed_ucb_high,11,4.667169677008169,-1.816255519382323,0.7929506774202949,3.8324096192891406,0.8211421234946482,-1,0,0.0,0
pareto_20201223,fixed_ucb_high,12,4.667169677008169,-1.816255519382323,0.8328792889894311,3.8324096192891406,0.8211421234946482,-1,0,0.0,0
pareto_20201223,fixed_ucb_high,13,4.667169677008169,-1.816255519382323,0.8105062257420289,3.8324096192891406,0.8211421234946482,-1,0,0.0,0
pareto_20201223,fixed_ucb_high,14,4.667169677008169,-1.816255519382323,0.8431981092555786,3.8324096192891406,0.8211421234946482,-1,0,0.0,0
pareto_20201223,fixed_ucb_high,15,4.667169677008169,-1.816255519382323,0.909418181877002,4.667169677008169,0.9999999999997856,47,0,0.0,0
pareto_20201223,fixed_ucb_high,16,4.667169677008169,-1.816255519382323,0.7426889217634498,3.8324096192891406,0.8211421234946482,-1,0,0.0,0
pareto_20201223,fixed_ucb_high,17,4.667169677008169,-1.816255519382323,0.7431719202027331,3.8324096192891406,0.8211421234946482,-1,0,0.0,0
pareto_20201223,fixed_ucb_high,18,4.667169677008169,-1.816255519382323,0.8340263514080241,3.8324096192891406,0.8211421234946482,-1,0,0.0,0
pareto_20201223,fixed_ucb_high,19,4.667169677008169,-1.816255519382323,1.0,4.667169677008169,0.9999999999997856,0,0,0.0,0
pareto_20201223,fixed_ei,0,4.667169677008169,-1.816255519382323,0.6962980796667378,3.331895332389427,0.7139006213557213,-1,0,0.0,0
pareto_20201223,fixed_ei,1,4.667169677008169,-1.816255519382323,0.8762630255182364,4.0186641917660895,0.8610495160615936,-1,0,0.0,0
pareto_20201223,fixed_ei,2,4.667169677008169,-1.816255519382323,0.8087136489137012,3.8324096192891406,0.8211421234946482,-1,0,0.0,0
pareto_20201223,fixed_ei,3,4.667169677008169,-1.816255519382323,0.8019066077517853,3.8324096192891406,0.8211421234946482,-1,0,0.0,0
pareto_20201223,fixed_ei,4,4.667169677008169,-1.816255519382323,0.6856449902861848,3.8324096192891406,0.8211421234946482,-1,0,0.0,0
pareto_20201223,fixed_ei,5,4.667169677008169,-1.816255519382323,0.8069764798409926,3.8056942383535586,0.8154180159981533,-1,0,0.0,0
pareto_20201223,fixed_ei,6,4.667169677008169,-1.816255519382323,0.8301343244280589,3.8324096192891406,0.8211421234946482,-1,0,0.0,0
pareto_20201223,fixed_ei,7,4.667169677008169,-1.816255519382323,0.8976948797777307,4.0186641917660895,0.8610495160615936,-1,0,0.0,0
pareto_20201223,fixed_ei,8,4.667169677008169,-1.816255519382323,1.0,4.667169677008169,0.9999999999997856,0,0,0.0,0
pareto_20201223,fixed_ei,9,4.667169677008169,-1.816255519382323,0.8999748642734217,4.0186641917660895,0.8610495160615936,-1,0,0.0,0
pareto_20201223,fixed_ei,10,4.667169677008169,-1.816255519382323,0.8712470596277158,3.8324096192891406,0.8211421234946482,-1,0,0.0,0
pareto_20201223,fixed_ei,11,4.667169677008169,-1.816255519382323,0.7366539961103019,4.0186641917660895,0.8610495160615936,-1,0,0.0,0
pareto_20201223,fixed_ei,12,4.667169677008169,-1.816255519382323,0.8457432158984877,4.667169677008169,0.9999999999997856,24,0,0.0,0
pareto_20201223,fixed_ei,13,4.667169677008169,-1.816255519382323,0.8045155139377594,4.0186641917660895,0.8610495160615936,-1,0,0.0,0
pareto_20201223,fixed_ei,14,4.667169677008169,-1.816255519382323,0.7651955041148867,3.8324096192891406,0.8211421234946482,-1,0,0.0,0
pareto_20201223,fixed_ei,15,4.667169677008169,-1.816255519382323,0.888118944895829,4.0186641917660895,0.8610495160615936,-1,0,0.0,0
pareto_20201223,fixed_ei,16,4.667169677008169,-1.816255519382323,0.560926177934832,3.331895332389427,0.7139006213557213,-1,0,0.0,0
pareto_20201223,fixed_ei,17,4.667169677008169,-1.816255519382323,0.8761662634477472,4.667169677008169,0.9999999999997856,11,0,0.0,0
pareto_20201223,fixed_ei,18,4.667169677008169,-1.816255519382323,0.7914757414304108,3.8324096192891406,0.8211421234946482,-1,0,0.0,0
pareto_20201223,fixed_ei,19,4.667169677008169,-1.816255519382323,1.0,4.667169677008169,0.9999999999997856,0,0,0.0,0
pareto_20201223,fixed_lhs,0,4.667169677008169,-1.816255519382323,0.7349713477567906,3.331895332389427,0.7139006213557213,-1,0,0.0,0
pareto_20201223,fixed_lhs,1,4.667169677008169,-1.816255519382323,0.8712470596277158,3.8324096192891406,0.8211421234946482,-1,0,0.0,0
pareto_20201223,fixed_lhs,2,4.667169677008169,-1.816255519382323,0.7955575147927801,3.8324096192891406,0.8211421234946482,-1,0,0.0,0
pareto_20201223,fixed_lhs,3,4.667169677008169,-1.816255519382323,0.8194379253455637,3.8056942383535586,0.8154180159981533,-1,0,0.0,0
pareto_20201223,fixed_lhs,4,4.667169677008169,-1.816255519382323,0.812956989336881,3.8324096192891406,0.8211421234946482,-1,0,0.0,0
pareto_20201223,fixed_lhs,5,4.667169677008169,-1.816255519382323,0.8706665901419747,4.0186641917660895,0.8610495160615936,-1,0,0.0,0
pareto_20201223,fixed_lhs,6,4.667169677008169,-1.816255519382323,0.8263387126721347,3.8324096192891406,0.8211421234946482,-1,0,0.0,0
pareto_20201223,fixed_lhs,7,4.667169677008169,-1.816255519382323,0.8890309386941053,4.0186641917660895,0.8610495160615936,-1,0,0.0,0
pareto_20201223,fixed_lhs,8,4.667169677008169,-1.816255519382323,1.0,4.667169677008169,0.9999999999997856,0,0,0.0,0
pareto_20201223,fixed_lhs,9,4.667169677008169,-1.816255519382323,0.9063256665417756,4.667169677008169,0.9999999999997856,59,0,0.0,0
pareto_20201223,fixed_lhs,10,4.667169677008169,-1.816255519382323,0.8753344545601693,4.667169677008169,0.9999999999997856,61,0,0.0,0
pareto_20201223,fixed_lhs,11,4.667169677008169,-1.816255519382323,0.8251549728046634,3.8324096192891406,0.8211421234946482,-1,0,0.0,0
pareto_20201223,fixed_lhs,12,4.667169677008169,-1.816255519382323,0.8232873463298599,3.8324096192891406,0.8211421234946482,-1,0,0.0,0
pareto_20201223,fixed_lhs,13,4.667169677008169,-1.816255519382323,0.7998285171218029,3.8324096192891406,0.8211421234946482,-1,0,0.0,0
pareto_20201223,fixed_lhs,14,4.667169677008169,-1.816255519382323,0.8307721069556725,3.8324096192891406,0.8211421234946482,-1,0,0.0,0
pareto_20201223,fixed_lhs,15,4.667169677008169,-1.816255519382323,0.8712470596277158,3.8324096192891406,0.8211421234946482,-1,0,0.0,0
pareto_20201223,fixed_lhs,16,4.667169677008169,-1.816255519382323,0.758184928029725,3.8324096192891406,0.8211421234946482,-1,0,0.0,0
pareto_20201223,fixed_lhs,17,4.667169677008169,-1.816255519382323,0.786078924432297,4.0186641917660895,0.8610495160615936,-1,0,0.0,0
pareto_20201223,fixed_lhs,18,4.667169677008169,-1.816255519382323,0.8340263514080241,3.8324096192891406,0.8211421234946482,-1,0,0.0,0
pareto_20201223,fixed_lhs,19,4.667169677008169,-1.816255519382323,1.0,4.667169677008169,0.9999999999997856,0,0,0.0,0
pareto_20201223,mock_approach_a,0,4.667169677008169,-1.816255519382323,0.6768029873887633,4.0186641917660895,0.8610495160615936,-1,0,0.0,0
pareto_20201223,mock_approach_a,1,4.667169677008169,-1.816255519382323,0.8712470596277158,3.8324096192891406,0.8211421234946482,-1,0,0.0,0
pareto_20201223,mock_approach_a,2,4.667169677008169,-1.816255519382323,0.8116677077548551,3.8324096192891406,0.8211421234946482,-1,0,0.0,0
pareto_20201223,mock_approach_a,3,4.667169677008169,-1.816255519382323,0.9645875353824874,4.667169677008169,0.9999999999997856,10,0,0.0,0
pareto_20201223,mock_approach_a,4,4.667169677008169,-1.816255519382323,0.7669207370203068,3.8324096192891406,0.8211421234946482,-1,0,0.0,0
pareto_20201223,mock_approach_a,5,4.667169677008169,-1.816255519382323,0.8592666676635197,3.8324096192891406,0.8211421234946482,-1,0,0.0,0
pareto_20201223,mock_approach_a,6,4.667169677008169,-1.816255519382323,0.7663655544053397,3.8324096192891406,0.8211421234946482,-1,0,0.0,0
pareto_20201223,mock_approach_a,7,4.667169677008169,-1.816255519382323,0.8712470596277158,3.8324096192891406,0.8211421234946482,-1,0,0.0,0
pareto_20201223,mock_approach_a,8,4.667169677008169,-1.816255519382323,1.0,4.667169677008169,0.9999999999997856,0,0,0.0,0
pareto_20201223,mock_approach_a,9,4.667169677008169,-1.816255519382323,0.8999748642734217,4.0186641917660895,0.8610495160615936,-1,0,0.0,0
pareto_20201223,mock_approach_a,10,4.667169677008169,-1.816255519382323,0.8712470596277158,3.8324096192891406,0.8211421234946482,-1,0,0.0,0
pareto_20201223,mock_approach_a,11,4.667169677008169,-1.816255519382323,0.8227261850003296,4.0186641917660895,0.8610495160615936,-1,0,0.0,0
pareto_20201223,mock_approach_a,12,4.667169677008169,-1.816255519382323,0.8328792889894311,3.8324096192891406,0.8211421234946482,-1,0,0.0,0
pareto_20201223,mock_approach_a,13,4.667169677008169,-1.816255519382323,0.8105062257420289,3.8324096192891406,0.8211421234946482,-1,0,0.0,0
pareto_20201223,mock_approach_a,14,4.667169677008169,-1.816255519382323,0.8587020038262773,4.0186641917660895,0.8610495160615936,-1,0,0.0,0
pareto_20201223,mock_approach_a,15,4.667169677008169,-1.816255519382323,0.8821909852070327,4.0186641917660895,0.8610495160615936,-1,0,0.0,0
pareto_20201223,mock_approach_a,16,4.667169677008169,-1.816255519382323,0.7573935033325625,3.8324096192891406,0.8211421234946482,-1,0,0.0,0
pareto_20201223,mock_approach_a,17,4.667169677008169,-1.816255519382323,0.7431719202027331,3.8324096192891406,0.8211421234946482,-1,0,0.0,0
pareto_20201223,mock_approach_a,18,4.667169677008169,-1.816255519382323,0.7824772635762088,4.0186641917660895,0.8610495160615936,-1,0,0.0,0
pareto_20201223,mock_approach_a,19,4.667169677008169,-1.816255519382323,1.0,4.667169677008169,0.9999999999997856,0,0,0.0,0
pareto_20201223,mock_approach_b,0,4.667169677008169,-1.816255519382323,0.7349713477567906,3.331895332389427,0.7139006213557213,-1,2,0.3174603174603174,0
pareto_20201223,mock_approach_b,1,4.667169677008169,-1.816255519382323,0.8712470596277158,3.8324096192891406,0.8211421234946482,-1,2,0.3174603174603174,0
pareto_20201223,mock_approach_b,2,4.667169677008169,-1.816255519382323,0.7955575147927801,3.8324096192891406,0.8211421234946482,-1,2,0.3174603174603174,0
pareto_20201223,mock_approach_b,3,4.667169677008169,-1.816255519382323,0.9027471965711832,4.667169677008169,0.9999999999997856,29,2,0.3174603174603174,0
pareto_20201223,mock_approach_b,4,4.667169677008169,-1.816255519382323,0.812956989336881,3.8324096192891406,0.8211421234946482,-1,2,0.3174603174603174,0
pareto_20201223,mock_approach_b,5,4.667169677008169,-1.816255519382323,0.8592666676635197,3.8324096192891406,0.8211421234946482,-1,2,0.3174603174603174,0
pareto_20201223,mock_approach_b,6,4.667169677008169,-1.816255519382323,0.8263387126721347,3.8324096192891406,0.8211421234946482,-1,2,0.3174603174603174,0
pareto_20201223,mock_approach_b,7,4.667169677008169,-1.816255519382323,0.9300914435687334,4.667169677008169,0.9999999999997856,38,2,0.3174603174603174,0
pareto_20201223,mock_approach_b,8,4.667169677008169,-1.816255519382323,1.0,4.667169677008169,0.9999999999997856,0,2,0.3174603174603174,0
pareto_20201223,mock_approach_b,9,4.667169677008169,-1.816255519382323,0.8999748642734217,4.0186641917660895,0.8610495160615936,-1,2,0.3174603174603174,0
pareto_20201223,mock_approach_b,10,4.667169677008169,-1.816255519382323,0.8739830410225455,4.0186641917660895,0.8610495160615936,-1,2,0.3174603174603174,0
pareto_20201223,mock_approach_b,11,4.667169677008169,-1.816255519382323,0.8397468735770858,4.0186641917660895,0.8610495160615936,-1,2,0.3174603174603174,0
pareto_20201223,mock_approach_b,12,4.667169677008169,-1.816255519382323,0.8374232502031441,4.0186641917660895,0.8610495160615936,-1,2,0.3174603174603174,0
pareto_20201223,mock_approach_b,13,4.667169677008169,-1.816255519382323,0.8180683930873306,4.0186641917660895,0.8610495160615936,-1,2,0.3174603174603174,0
pareto_20201223,mock_approach_b,14,4.667169677008169,-1.816255519382323,0.8307721069556725,3.8324096192891406,0.8211421234946482,-1,2,0.3174603174603174,0
pareto_20201223,mock_approach_b,15,4.667169677008169,-1.816255519382323,0.8712470596277158,3.8324096192891406,0.8211421234946482,-1,2,0.3174603174603174,0
pareto_20201223,mock_approach_b,16,4.667169677008169,-1.816255519382323,0.7520580190425947,3.8324096192891406,0.8211421234946482,-1,2,0.3174603174603174,0
pareto_20201223,mock_approach_b,17,4.667169677008169,-1.816255519382323,0.769207039164184,3.8324096192891406,0.8211421234946482,-1,2,0.3174603174603174,0
pareto_20201223,mock_approach_b,18,4.667169677008169,-1.816255519382323,0.8531782211718283,4.0186641917660895,0.8610495160615936,-1,2,0.3174603174603174,0
pareto_20201223,mock_approach_b,19,4.667169677008169,-1.816255519382323,1.0,4.667169677008169,0.9999999999997856,0,2,0.3174603174603174,0
pareto_20201223,mock_approach_c,0,4.667169677008169,-1.816255519382323,0.8032832236072571,4.0186641917660895,0.8610495160615936,-1,0,0.0,0
pareto_20201223,mock_approach_c,1,4.667169677008169,-1.816255519382323,0.8712470596277158,3.8324096192891406,0.8211421234946482,-1,0,0.0,0
pareto_20201223,mock_approach_c,2,4.667169677008169,-1.816255519382323,0.6941429445530596,3.8324096192891406,0.8211421234946482,-1,0,0.0,0
pareto_20201223,mock_approach_c,3,4.667169677008169,-1.816255519382323,0.7828891512678373,3.331895332389427,0.7139006213557213,-1,0,0.0,0
pareto_20201223,mock_approach_c,4,4.667169677008169,-1.816255519382323,0.7889621151325329,4.0186641917660895,0.8610495160615936,-1,0,0.0,0
pareto_20201223,mock_approach_c,5,4.667169677008169,-1.816255519382323,0.8727496943347475,4.0186641917660895,0.8610495160615936,-1,0,0.0,0
pareto_20201223,mock_approach_c,6,4.667169677008169,-1.816255519382323,0.8932049355035264,4.667169677008169,0.9999999999997856,16,0,0.0,0
pareto_20201223,mock_approach_c,7,4.667169677008169,-1.816255519382323,0.8712470596277158,3.8324096192891406,0.8211421234946482,-1,0,0.0,0
pareto_20201223,mock_approach_c,8,4.667169677008169,-1.816255519382323,1.0,4.667169677008169,0.9999999999997856,0,0,0.0,0
pareto_20201223,mock_approach_c,9,4.667169677008169,-1.816255519382323,0.8999748642734217,4.0186641917660895,0.8610495160615936,-1,0,0.0,0
pareto_20201223,mock_approach_c,10,4.667169677008169,-1.816255519382323,0.8913109231897963,4.0186641917660895,0.8610495160615936,-1,0,0.0,0
pareto_20201223,mock_approach_c,11,4.667169677008169,-1.816255519382323,0.7496994428272656,4.667169677008169,0.9999999999997856,36,0,0.0,0
pareto_20201223,mock_approach_c,12,4.667169677008169,-1.816255519382323,0.8380557098134704,4.667169677008169,0.9999999999997856,37,0,0.0,0
pareto_20201223,mock_approach_c,13,4.667169677008169,-1.816255519382323,0.6176724069013465,4.0186641917660895,0.8610495160615936,-1,0,0.0,0
pareto_20201223,mock_approach_c,14,4.667169677008169,-1.816255519382323,0.7749586632382052,4.667169677008169,0.9999999999997856,41,0,0.0,0
pareto_20201223,mock_approach_c,15,4.667169677008169,-1.816255519382323,0.8712470596277158,3.8324096192891406,0.8211421234946482,-1,0,0.0,0
pareto_20201223,mock_approach_c,16,4.667169677008169,-1.816255519382323,0.7337162802786229,4.667169677008169,0.9999999999997856,32,0,0.0,0
pareto_20201223,mock_approach_c,17,4.667169677008169,-1.816255519382323,0.6729768227084504,4.0186641917660895,0.8610495160615936,-1,0,0.0,0
pareto_20201223,mock_approach_c,18,4.667169677008169,-1.816255519382323,0.6658400555811003,3.331895332389427,0.7139006213557213,-1,0,0.0,0
pareto_20201223,mock_approach_c,19,4.667169677008169,-1.816255519382323,1.0,4.667169677008169,0.9999999999997856,0,0,0.0,0
pareto_20210104,fixed_random,0,4.502143575747799,-1.6153753682691243,0.6454001710781319,2.8320064423574145,0.6290351239823341,-1,0,0.0,0
pareto_20210104,fixed_random,1,4.502143575747799,-1.6153753682691243,0.6817701560746479,2.8320064423574145,0.6290351239823341,-1,0,0.0,0
pareto_20210104,fixed_random,2,4.502143575747799,-1.6153753682691243,0.6940566250963658,4.502143575747799,0.9999999999997778,48,0,0.0,0
pareto_20210104,fixed_random,3,4.502143575747799,-1.6153753682691243,0.6291190947528165,2.8320064423574145,0.6290351239823341,-1,0,0.0,0
pareto_20210104,fixed_random,4,4.502143575747799,-1.6153753682691243,0.83562485410556,4.502143575747799,0.9999999999997778,25,0,0.0,0
pareto_20210104,fixed_random,5,4.502143575747799,-1.6153753682691243,0.675785313920687,4.502143575747799,0.9999999999997778,33,0,0.0,0
pareto_20210104,fixed_random,6,4.502143575747799,-1.6153753682691243,1.0,4.502143575747799,0.9999999999997778,0,0,0.0,0
pareto_20210104,fixed_random,7,4.502143575747799,-1.6153753682691243,0.7897381861841689,3.431418879147996,0.7621744667654853,-1,0,0.0,0
pareto_20210104,fixed_random,8,4.502143575747799,-1.6153753682691243,0.8166249699648306,4.502143575747799,0.9999999999997778,21,0,0.0,0
pareto_20210104,fixed_random,9,4.502143575747799,-1.6153753682691243,0.9590442337061518,4.502143575747799,0.9999999999997778,6,0,0.0,0
pareto_20210104,fixed_random,10,4.502143575747799,-1.6153753682691243,0.6714592132338085,2.8320064423574145,0.6290351239823341,-1,0,0.0,0
pareto_20210104,fixed_random,11,4.502143575747799,-1.6153753682691243,0.9508491845375814,4.502143575747799,0.9999999999997778,5,0,0.0,0
pareto_20210104,fixed_random,12,4.502143575747799,-1.6153753682691243,1.0,4.502143575747799,0.9999999999997778,0,0,0.0,0
pareto_20210104,fixed_random,13,4.502143575747799,-1.6153753682691243,0.8877614068360776,4.502143575747799,0.9999999999997778,14,0,0.0,0
pareto_20210104,fixed_random,14,4.502143575747799,-1.6153753682691243,0.8154576155488926,4.502143575747799,0.9999999999997778,21,0,0.0,0
pareto_20210104,fixed_random,15,4.502143575747799,-1.6153753682691243,0.8786811529597625,4.502143575747799,0.9999999999997778,25,0,0.0,0
pareto_20210104,fixed_random,16,4.502143575747799,-1.6153753682691243,0.90548158425327,4.502143575747799,0.9999999999997778,11,0,0.0,0
pareto_20210104,fixed_random,17,4.502143575747799,-1.6153753682691243,0.5871020790173755,2.370339269606061,0.5264912657104287,-1,0,0.0,0
pareto_20210104,fixed_random,18,4.502143575747799,-1.6153753682691243,0.7561575724007131,4.502143575747799,0.9999999999997778,27,0,0.0,0
pareto_20210104,fixed_random,19,4.502143575747799,-1.6153753682691243,0.7435747724046736,4.502143575747799,0.9999999999997778,39,0,0.0,0
pareto_20210104,fixed_ucb_low,0,4.502143575747799,-1.6153753682691243,0.2685691916049287,2.8320064423574145,0.6290351239823341,-1,0,0.0,0
pareto_20210104,fixed_ucb_low,1,4.502143575747799,-1.6153753682691243,0.6968438031912927,2.8320064423574145,0.6290351239823341,-1,0,0.0,0
pareto_20210104,fixed_ucb_low,2,4.502143575747799,-1.6153753682691243,0.9129988639764768,4.502143575747799,0.9999999999997778,8,0,0.0,0
pareto_20210104,fixed_ucb_low,3,4.502143575747799,-1.6153753682691243,0.5295521749254485,1.7161831629185529,0.3811924551146985,-1,0,0.0,0
pareto_20210104,fixed_ucb_low,4,4.502143575747799,-1.6153753682691243,0.6515246907037872,2.370339269606061,0.5264912657104287,-1,0,0.0,0
pareto_20210104,fixed_ucb_low,5,4.502143575747799,-1.6153753682691243,0.3073265253237077,0.3917341129705664,0.0870105776014513,-1,0,0.0,0
pareto_20210104,fixed_ucb_low,6,4.502143575747799,-1.6153753682691243,1.0,4.502143575747799,0.9999999999997778,0,0,0.0,0
pareto_20210104,fixed_ucb_low,7,4.502143575747799,-1.6153753682691243,0.7169419993468193,2.8320064423574145,0.6290351239823341,-1,0,0.0,0
pareto_20210104,fixed_ucb_low,8,4.502143575747799,-1.6153753682691243,0.5723059069342087,2.8320064423574145,0.6290351239823341,-1,0,0.0,0
pareto_20210104,fixed_ucb_low,9,4.502143575747799,-1.6153753682691243,0.7052180515894289,2.8320064423574145,0.6290351239823341,-1,0,0.0,0
pareto_20210104,fixed_ucb_low,10,4.502143575747799,-1.6153753682691243,0.6515246907037872,2.370339269606061,0.5264912657104287,-1,0,0.0,0
pareto_20210104,fixed_ucb_low,11,4.502143575747799,-1.6153753682691243,0.6133304410292502,2.8320064423574145,0.6290351239823341,-1,0,0.0,0
pareto_20210104,fixed_ucb_low,12,4.502143575747799,-1.6153753682691243,1.0,4.502143575747799,0.9999999999997778,0,0,0.0,0
pareto_20210104,fixed_ucb_low,13,4.502143575747799,-1.6153753682691243,0.8806970982243486,4.502143575747799,0.9999999999997778,14,0,0.0,0
pareto_20210104,fixed_ucb_low,14,4.502143575747799,-1.6153753682691243,0.6449900699870484,2.8320064423574145,0.6290351239823341,-1,0,0.0,0
pareto_20210104,fixed_ucb_low,15,4.502143575747799,-1.6153753682691243,0.9453923116082024,4.502143575747799,0.9999999999997778,8,0,0.0,0
pareto_20210104,fixed_ucb_low,16,4.502143575747799,-1.6153753682691243,0.90548158425327,4.502143575747799,0.9999999999997778,11,0,0.0,0
pareto_20210104,fixed_ucb_low,17,4.502143575747799,-1.6153753682691243,0.6727207876529231,2.8320064423574145,0.6290351239823341,-1,0,0.0,0
pareto_20210104,fixed_ucb_low,18,4.502143575747799,-1.6153753682691243,0.2410638772557494,-0.1406625324389064,-0.0312434577156974,-1,0,0.0,0
pareto_20210104,fixed_ucb_low,19,4.502143575747799,-1.6153753682691243,0.967124970821112,4.502143575747799,0.9999999999997778,5,0,0.0,0
pareto_20210104,fixed_ucb_high,0,4.502143575747799,-1.6153753682691243,0.8550505933027017,4.502143575747799,0.9999999999997778,14,0,0.0,0
pareto_20210104,fixed_ucb_high,1,4.502143575747799,-1.6153753682691243,0.6499480121617307,2.8320064423574145,0.6290351239823341,-1,0,0.0,0
pareto_20210104,fixed_ucb_high,2,4.502143575747799,-1.6153753682691243,0.7828951849559628,4.502143575747799,0.9999999999997778,26,0,0.0,0
pareto_20210104,fixed_ucb_high,3,4.502143575747799,-1.6153753682691243,0.8004875212783287,4.502143575747799,0.9999999999997778,39,0,0.0,0
pareto_20210104,fixed_ucb_high,4,4.502143575747799,-1.6153753682691243,0.8882249007917808,4.502143575747799,0.9999999999997778,17,0,0.0,0
pareto_20210104,fixed_ucb_high,5,4.502143575747799,-1.6153753682691243,0.7550350360638385,4.502143575747799,0.9999999999997778,25,0,0.0,0
pareto_20210104,fixed_ucb_high,6,4.502143575747799,-1.6153753682691243,1.0,4.502143575747799,0.9999999999997778,0,0,0.0,0
pareto_20210104,fixed_ucb_high,7,4.502143575747799,-1.6153753682691243,0.7135308433489632,4.502143575747799,0.9999999999997778,43,0,0.0,0
pareto_20210104,fixed_ucb_high,8,4.502143575747799,-1.6153753682691243,0.6658821534167589,4.502143575747799,0.9999999999997778,51,0,0.0,0
pareto_20210104,fixed_ucb_high,9,4.502143575747799,-1.6153753682691243,0.7474394411879357,4.502143575747799,0.9999999999997778,37,0,0.0,0
pareto_20210104,fixed_ucb_high,10,4.502143575747799,-1.6153753682691243,0.8947999066275584,4.502143575747799,0.9999999999997778,16,0,0.0,0
pareto_20210104,fixed_ucb_high,11,4.502143575747799,-1.6153753682691243,0.8025530899608481,4.502143575747799,0.9999999999997778,23,0,0.0,0
pareto_20210104,fixed_ucb_high,12,4.502143575747799,-1.6153753682691243,1.0,4.502143575747799,0.9999999999997778,0,0,0.0,0
pareto_20210104,fixed_ucb_high,13,4.502143575747799,-1.6153753682691243,0.8478323760465329,4.502143575747799,0.9999999999997778,19,0,0.0,0
pareto_20210104,fixed_ucb_high,14,4.502143575747799,-1.6153753682691243,0.8472205735289898,4.502143575747799,0.9999999999997778,16,0,0.0,0
pareto_20210104,fixed_ucb_high,15,4.502143575747799,-1.6153753682691243,0.871728465088176,4.502143575747799,0.9999999999997778,21,0,0.0,0
pareto_20210104,fixed_ucb_high,16,4.502143575747799,-1.6153753682691243,0.9160907961922244,4.502143575747799,0.9999999999997778,10,0,0.0,0
pareto_20210104,fixed_ucb_high,17,4.502143575747799,-1.6153753682691243,0.9120189937400356,4.502143575747799,0.9999999999997778,9,0,0.0,0
pareto_20210104,fixed_ucb_high,18,4.502143575747799,-1.6153753682691243,0.8239892893166884,4.502143575747799,0.9999999999997778,14,0,0.0,0
pareto_20210104,fixed_ucb_high,19,4.502143575747799,-1.6153753682691243,0.967124970821112,4.502143575747799,0.9999999999997778,5,0,0.0,0
pareto_20210104,fixed_ei,0,4.502143575747799,-1.6153753682691243,0.7417356980837609,4.502143575747799,0.9999999999997778,25,0,0.0,0
pareto_20210104,fixed_ei,1,4.502143575747799,-1.6153753682691243,0.7727518055175061,3.431418879147996,0.7621744667654853,-1,0,0.0,0
pareto_20210104,fixed_ei,2,4.502143575747799,-1.6153753682691243,0.9129988639764768,4.502143575747799,0.9999999999997778,8,0,0.0,0
pareto_20210104,fixed_ei,3,4.502143575747799,-1.6153753682691243,0.5715373900819486,2.8320064423574145,0.6290351239823341,-1,0,0.0,0
pareto_20210104,fixed_ei,4,4.502143575747799,-1.6153753682691243,0.6515246907037872,2.370339269606061,0.5264912657104287,-1,0,0.0,0
pareto_20210104,fixed_ei,5,4.502143575747799,-1.6153753682691243,0.595141472635478,2.8320064423574145,0.6290351239823341,-1,0,0.0,0
pareto_20210104,fixed_ei,6,4.502143575747799,-1.6153753682691243,1.0,4.502143575747799,0.9999999999997778,0,0,0.0,0
pareto_20210104,fixed_ei,7,4.502143575747799,-1.6153753682691243,0.675070757356139,2.8320064423574145,0.6290351239823341,-1,0,0.0,0
pareto_20210104,fixed_ei,8,4.502143575747799,-1.6153753682691243,0.6681467261508787,2.8320064423574145,0.6290351239823341,-1,0,0.0,0
pareto_20210104,fixed_ei,9,4.502143575747799,-1.6153753682691243,0.7137188623180308,4.502143575747799,0.9999999999997778,52,0,0.0,0
pareto_20210104,fixed_ei,10,4.502143575747799,-1.6153753682691243,0.7860594539752113,4.502143575747799,0.9999999999997778,41,0,0.0,0
pareto_20210104,fixed_ei,11,4.502143575747799,-1.6153753682691243,0.7462954739728518,4.502143575747799,0.9999999999997778,31,0,0.0,0
pareto_20210104,fixed_ei,12,4.502143575747799,-1.6153753682691243,1.0,4.502143575747799,0.9999999999997778,0,0,0.0,0
pareto_20210104,fixed_ei,13,4.502143575747799,-1.6153753682691243,0.8806970982243486,4.502143575747799,0.9999999999997778,14,0,0.0,0
pareto_20210104,fixed_ei,14,4.502143575747799,-1.6153753682691243,0.4865836540529669,2.370339269606061,0.5264912657104287,-1,0,0.0,0
pareto_20210104,fixed_ei,15,4.502143575747799,-1.6153753682691243,0.9453923116082024,4.502143575747799,0.9999999999997778,8,0,0.0,0
pareto_20210104,fixed_ei,16,4.502143575747799,-1.6153753682691243,0.8023267626160719,4.502143575747799,0.9999999999997778,25,0,0.0,0
pareto_20210104,fixed_ei,17,4.502143575747799,-1.6153753682691243,0.6483736455457791,2.8320064423574145,0.6290351239823341,-1,0,0.0,0
pareto_20210104,fixed_ei,18,4.502143575747799,-1.6153753682691243,0.7422481092566695,4.502143575747799,0.9999999999997778,18,0,0.0,0
pareto_20210104,fixed_ei,19,4.502143575747799,-1.6153753682691243,0.967124970821112,4.502143575747799,0.9999999999997778,5,0,0.0,0
pareto_20210104,fixed_lhs,0,4.502143575747799,-1.6153753682691243,0.6553685719885312,4.502143575747799,0.9999999999997778,41,0,0.0,0
pareto_20210104,fixed_lhs,1,4.502143575747799,-1.6153753682691243,0.8498288569225564,4.502143575747799,0.9999999999997778,22,0,0.0,0
pareto_20210104,fixed_lhs,2,4.502143575747799,-1.6153753682691243,0.8202349404978531,4.502143575747799,0.9999999999997778,17,0,0.0,0
pareto_20210104,fixed_lhs,3,4.502143575747799,-1.6153753682691243,0.6097634398226474,2.8320064423574145,0.6290351239823341,-1,0,0.0,0
pareto_20210104,fixed_lhs,4,4.502143575747799,-1.6153753682691243,0.9408249474780016,4.502143575747799,0.9999999999997778,9,0,0.0,0
pareto_20210104,fixed_lhs,5,4.502143575747799,-1.6153753682691243,0.7516944537350198,4.502143575747799,0.9999999999997778,26,0,0.0,0
pareto_20210104,fixed_lhs,6,4.502143575747799,-1.6153753682691243,1.0,4.502143575747799,0.9999999999997778,0,0,0.0,0
pareto_20210104,fixed_lhs,7,4.502143575747799,-1.6153753682691243,0.8498288569225564,4.502143575747799,0.9999999999997778,22,0,0.0,0
pareto_20210104,fixed_lhs,8,4.502143575747799,-1.6153753682691243,0.6921199561154269,4.502143575747799,0.9999999999997778,47,0,0.0,0
pareto_20210104,fixed_lhs,9,4.502143575747799,-1.6153753682691243,0.6663923157384868,3.431418879147996,0.7621744667654853,-1,0,0.0,0
pareto_20210104,fixed_lhs,10,4.502143575747799,-1.6153753682691243,0.736150721591943,4.502143575747799,0.9999999999997778,45,0,0.0,0
pareto_20210104,fixed_lhs,11,4.502143575747799,-1.6153753682691243,0.8397875867164403,4.502143575747799,0.9999999999997778,18,0,0.0,0
pareto_20210104,fixed_lhs,12,4.502143575747799,-1.6153753682691243,1.0,4.502143575747799,0.9999999999997778,0,0,0.0,0
pareto_20210104,fixed_lhs,13,4.502143575747799,-1.6153753682691243,0.8248324090167987,4.502143575747799,0.9999999999997778,22,0,0.0,0
pareto_20210104,fixed_lhs,14,4.502143575747799,-1.6153753682691243,0.5958409877245554,2.8320064423574145,0.6290351239823341,-1,0,0.0,0
pareto_20210104,fixed_lhs,15,4.502143575747799,-1.6153753682691243,0.8976105842653794,4.502143575747799,0.9999999999997778,15,0,0.0,0
pareto_20210104,fixed_lhs,16,4.502143575747799,-1.6153753682691243,0.738490434374043,4.502143575747799,0.9999999999997778,36,0,0.0,0
pareto_20210104,fixed_lhs,17,4.502143575747799,-1.6153753682691243,0.7139959459085282,4.502143575747799,0.9999999999997778,38,0,0.0,0
pareto_20210104,fixed_lhs,18,4.502143575747799,-1.6153753682691243,0.7336529863569535,4.502143575747799,0.9999999999997778,32,0,0.0,0
pareto_20210104,fixed_lhs,19,4.502143575747799,-1.6153753682691243,0.8093248307624497,4.502143575747799,0.9999999999997778,29,0,0.0,0
pareto_20210104,mock_approach_a,0,4.502143575747799,-1.6153753682691243,0.6896454368878043,4.502143575747799,0.9999999999997778,48,0,0.0,0
pareto_20210104,mock_approach_a,1,4.502143575747799,-1.6153753682691243,0.7747432853838345,4.502143575747799,0.9999999999997778,33,0,0.0,0
pareto_20210104,mock_approach_a,2,4.502143575747799,-1.6153753682691243,0.7707092590072255,4.502143575747799,0.9999999999997778,27,0,0.0,0
pareto_20210104,mock_approach_a,3,4.502143575747799,-1.6153753682691243,0.6950947402468719,2.8320064423574145,0.6290351239823341,-1,0,0.0,0
pareto_20210104,mock_approach_a,4,4.502143575747799,-1.6153753682691243,0.7562643661515489,4.502143575747799,0.9999999999997778,44,0,0.0,0
pareto_20210104,mock_approach_a,5,4.502143575747799,-1.6153753682691243,0.5125785309280159,2.8320064423574145,0.6290351239823341,-1,0,0.0,0
pareto_20210104,mock_approach_a,6,4.502143575747799,-1.6153753682691243,1.0,4.502143575747799,0.9999999999997778,0,0,0.0,0
pareto_20210104,mock_approach_a,7,4.502143575747799,-1.6153753682691243,0.7728153110432756,4.502143575747799,0.9999999999997778,35,0,0.0,0
pareto_20210104,mock_approach_a,8,4.502143575747799,-1.6153753682691243,0.5699319750040406,2.370339269606061,0.5264912657104287,-1,0,0.0,0
pareto_20210104,mock_approach_a,9,4.502143575747799,-1.6153753682691243,0.7269615580410116,4.502143575747799,0.9999999999997778,40,0,0.0,0
pareto_20210104,mock_approach_a,10,4.502143575747799,-1.6153753682691243,0.901374912463336,4.502143575747799,0.9999999999997778,15,0,0.0,0
pareto_20210104,mock_approach_a,11,4.502143575747799,-1.6153753682691243,0.6437230264047422,4.502143575747799,0.9999999999997778,51,0,0.0,0
pareto_20210104,mock_approach_a,12,4.502143575747799,-1.6153753682691243,1.0,4.502143575747799,0.9999999999997778,0,0,0.0,0
pareto_20210104,mock_approach_a,13,4.502143575747799,-1.6153753682691243,0.8806970982243486,4.502143575747799,0.9999999999997778,14,0,0.0,0
pareto_20210104,mock_approach_a,14,4.502143575747799,-1.6153753682691243,0.8472205735289898,4.502143575747799,0.9999999999997778,16,0,0.0,0
pareto_20210104,mock_approach_a,15,4.502143575747799,-1.6153753682691243,0.9453923116082024,4.502143575747799,0.9999999999997778,8,0,0.0,0
pareto_20210104,mock_approach_a,16,4.502143575747799,-1.6153753682691243,0.9160907961922244,4.502143575747799,0.9999999999997778,10,0,0.0,0
pareto_20210104,mock_approach_a,17,4.502143575747799,-1.6153753682691243,0.9120189937400356,4.502143575747799,0.9999999999997778,9,0,0.0,0
pareto_20210104,mock_approach_a,18,4.502143575747799,-1.6153753682691243,0.6999456874042438,4.502143575747799,0.9999999999997778,28,0,0.0,0
pareto_20210104,mock_approach_a,19,4.502143575747799,-1.6153753682691243,0.967124970821112,4.502143575747799,0.9999999999997778,5,0,0.0,0
pareto_20210104,mock_approach_b,0,4.502143575747799,-1.6153753682691243,0.6276194410565721,2.8320064423574145,0.6290351239823341,-1,2,0.3773584905660377,0
pareto_20210104,mock_approach_b,1,4.502143575747799,-1.6153753682691243,0.6901444044727839,2.8320064423574145,0.6290351239823341,-1,2,0.3773584905660377,0
pareto_20210104,mock_approach_b,2,4.502143575747799,-1.6153753682691243,0.8202349404978531,4.502143575747799,0.9999999999997778,17,2,0.3773584905660377,0
pareto_20210104,mock_approach_b,3,4.502143575747799,-1.6153753682691243,0.6526673635991467,2.8320064423574145,0.6290351239823341,-1,2,0.3773584905660377,0
pareto_20210104,mock_approach_b,4,4.502143575747799,-1.6153753682691243,0.9408249474780016,4.502143575747799,0.9999999999997778,9,2,0.3773584905660377,0
pareto_20210104,mock_approach_b,5,4.502143575747799,-1.6153753682691243,0.628084211717096,3.431418879147996,0.7621744667654853,-1,2,0.3773584905660377,0
pareto_20210104,mock_approach_b,6,4.502143575747799,-1.6153753682691243,1.0,4.502143575747799,0.9999999999997778,0,2,0.3773584905660377,0
pareto_20210104,mock_approach_b,7,4.502143575747799,-1.6153753682691243,0.7604585516335559,4.502143575747799,0.9999999999997778,40,2,0.3773584905660377,0
pareto_20210104,mock_approach_b,8,4.502143575747799,-1.6153753682691243,0.6612132878993418,2.8320064423574145,0.6290351239823341,-1,2,0.3773584905660377,0
pareto_20210104,mock_approach_b,9,4.502143575747799,-1.6153753682691243,0.7592856123803229,4.502143575747799,0.9999999999997778,40,2,0.3773584905660377,0
pareto_20210104,mock_approach_b,10,4.502143575747799,-1.6153753682691243,0.6515246907037872,2.370339269606061,0.5264912657104287,-1,2,0.3773584905660377,0
pareto_20210104,mock_approach_b,11,4.502143575747799,-1.6153753682691243,0.8397875867164403,4.502143575747799,0.9999999999997778,18,2,0.3773584905660377,0
pareto_20210104,mock_approach_b,12,4.502143575747799,-1.6153753682691243,1.0,4.502143575747799,0.9999999999997778,0,2,0.3773584905660377,0
pareto_20210104,mock_approach_b,13,4.502143575747799,-1.6153753682691243,0.7853823740021331,4.502143575747799,0.9999999999997778,28,2,0.3773584905660377,0
pareto_20210104,mock_approach_b,14,4.502143575747799,-1.6153753682691243,0.6834610374806019,4.502143575747799,0.9999999999997778,43,2,0.3773584905660377,0
pareto_20210104,mock_approach_b,15,4.502143575747799,-1.6153753682691243,0.8976105842653794,4.502143575747799,0.9999999999997778,15,2,0.3773584905660377,0
pareto_20210104,mock_approach_b,16,4.502143575747799,-1.6153753682691243,0.6778914873856146,4.502143575747799,0.9999999999997778,45,2,0.3773584905660377,0
pareto_20210104,mock_approach_b,17,4.502143575747799,-1.6153753682691243,0.7031492566734602,4.502143575747799,0.9999999999997778,39,2,0.3773584905660377,0
pareto_20210104,mock_approach_b,18,4.502143575747799,-1.6153753682691243,0.6926583668926012,4.502143575747799,0.9999999999997778,43,2,0.3773584905660377,0
pareto_20210104,mock_approach_b,19,4.502143575747799,-1.6153753682691243,0.680002580032389,2.8320064423574145,0.6290351239823341,-1,2,0.3773584905660377,0
pareto_20210104,mock_approach_c,0,4.502143575747799,-1.6153753682691243,0.6309156734321205,2.8320064423574145,0.6290351239823341,-1,0,0.0,0
pareto_20210104,mock_approach_c,1,4.502143575747799,-1.6153753682691243,0.7644410626451396,4.502143575747799,0.9999999999997778,35,0,0.0,0
pareto_20210104,mock_approach_c,2,4.502143575747799,-1.6153753682691243,0.6609648146027588,2.8320064423574145,0.6290351239823341,-1,0,0.0,0
pareto_20210104,mock_approach_c,3,4.502143575747799,-1.6153753682691243,0.6088992327646707,2.8320064423574145,0.6290351239823341,-1,0,0.0,0
pareto_20210104,mock_approach_c,4,4.502143575747799,-1.6153753682691243,0.7975987135573246,4.502143575747799,0.9999999999997778,31,0,0.0,0
pareto_20210104,mock_approach_c,5,4.502143575747799,-1.6153753682691243,0.7162665115474488,4.502143575747799,0.9999999999997778,25,0,0.0,0
pareto_20210104,mock_approach_c,6,4.502143575747799,-1.6153753682691243,1.0,4.502143575747799,0.9999999999997778,0,0,0.0,0
pareto_20210104,mock_approach_c,7,4.502143575747799,-1.6153753682691243,0.7826910177292931,3.431418879147996,0.7621744667654853,-1,0,0.0,0
pareto_20210104,mock_approach_c,8,4.502143575747799,-1.6153753682691243,0.7743208285251634,4.502143575747799,0.9999999999997778,26,0,0.0,0
pareto_20210104,mock_approach_c,9,4.502143575747799,-1.6153753682691243,0.9522182726571772,4.502143575747799,0.9999999999997778,7,0,0.0,0
pareto_20210104,mock_approach_c,10,4.502143575747799,-1.6153753682691243,0.6629158464352278,2.8320064423574145,0.6290351239823341,-1,0,0.0,0
pareto_20210104,mock_approach_c,11,4.502143575747799,-1.6153753682691243,0.9410190214450976,4.502143575747799,0.9999999999997778,6,0,0.0,0
pareto_20210104,mock_approach_c,12,4.502143575747799,-1.6153753682691243,1.0,4.502143575747799,0.9999999999997778,0,0,0.0,0
pareto_20210104,mock_approach_c,13,4.502143575747799,-1.6153753682691243,0.8642858206103741,4.502143575747799,0.9999999999997778,17,0,0.0,0
pareto_20210104,mock_approach_c,14,4.502143575747799,-1.6153753682691243,0.7748380427200415,4.502143575747799,0.9999999999997778,26,0,0.0,0
pareto_20210104,mock_approach_c,15,4.502143575747799,-1.6153753682691243,0.8518197235756655,4.502143575747799,0.9999999999997778,31,0,0.0,0
pareto_20210104,mock_approach_c,16,4.502143575747799,-1.6153753682691243,0.8882964177538645,4.502143575747799,0.9999999999997778,13,0,0.0,0
pareto_20210104,mock_approach_c,17,4.502143575747799,-1.6153753682691243,0.6206520501106088,2.8320064423574145,0.6290351239823341,-1,0,0.0,0
pareto_20210104,mock_approach_c,18,4.502143575747799,-1.6153753682691243,0.7049278389082344,4.502143575747799,0.9999999999997778,33,0,0.0,0
pareto_20210104,mock_approach_c,19,4.502143575747799,-1.6153753682691243,0.7105807519966013,4.502143575747799,0.9999999999997778,48,0,0.0,0
pareto_20210112,fixed_random,0,6.114679357715656,-1.6910003165941685,0.5676700947733954,3.4328742170248834,0.5614152461964559,-1,0,0.0,0
pareto_20210112,fixed_random,1,6.114679357715656,-1.6910003165941685,0.8216099587454828,6.114679357715656,0.9999999999998364,45,0,0.0,0
pareto_20210112,fixed_random,2,6.114679357715656,-1.6910003165941685,0.7531797506670622,6.114679357715656,0.9999999999998364,50,0,0.0,0
pareto_20210112,fixed_random,3,6.114679357715656,-1.6910003165941685,1.0,6.114679357715656,0.9999999999998364,0,0,0.0,0
pareto_20210112,fixed_random,4,6.114679357715656,-1.6910003165941685,0.7935785803735462,6.114679357715656,0.9999999999998364,30,0,0.0,0
pareto_20210112,fixed_random,5,6.114679357715656,-1.6910003165941685,0.7180564240015725,6.114679357715656,0.9999999999998364,47,0,0.0,0
pareto_20210112,fixed_random,6,6.114679357715656,-1.6910003165941685,0.909477784790628,6.114679357715656,0.9999999999998364,8,0,0.0,0
pareto_20210112,fixed_random,7,6.114679357715656,-1.6910003165941685,0.9582807093388448,6.114679357715656,0.9999999999998364,7,0,0.0,0
pareto_20210112,fixed_random,8,6.114679357715656,-1.6910003165941685,0.7522081830825336,6.114679357715656,0.9999999999998364,52,0,0.0,0
pareto_20210112,fixed_random,9,6.114679357715656,-1.6910003165941685,0.6728889716107929,5.007901563748517,0.8189965934074044,-1,0,0.0,0
pareto_20210112,fixed_random,10,6.114679357715656,-1.6910003165941685,0.8582086582915024,5.007901563748517,0.8189965934074044,-1,0,0.0,0
pareto_20210112,fixed_random,11,6.114679357715656,-1.6910003165941685,0.6409500796956764,5.007901563748517,0.8189965934074044,-1,0,0.0,0
pareto_20210112,fixed_random,12,6.114679357715656,-1.6910003165941685,0.766136245515675,5.007901563748517,0.8189965934074044,-1,0,0.0,0
pareto_20210112,fixed_random,13,6.114679357715656,-1.6910003165941685,0.6442273156925952,3.8867505271241742,0.6356425741636214,-1,0,0.0,0
pareto_20210112,fixed_random,14,6.114679357715656,-1.6910003165941685,0.8589790830085232,6.114679357715656,0.9999999999998364,27,0,0.0,0
pareto_20210112,fixed_random,15,6.114679357715656,-1.6910003165941685,0.7208863935190281,5.007901563748517,0.8189965934074044,-1,0,0.0,0
pareto_20210112,fixed_random,16,6.114679357715656,-1.6910003165941685,0.8582086582915024,5.007901563748517,0.8189965934074044,-1,0,0.0,0
pareto_20210112,fixed_random,17,6.114679357715656,-1.6910003165941685,0.7654580046061019,5.007901563748517,0.8189965934074044,-1,0,0.0,0
pareto_20210112,fixed_random,18,6.114679357715656,-1.6910003165941685,0.8181312670481147,6.114679357715656,0.9999999999998364,70,0,0.0,0
pareto_20210112,fixed_random,19,6.114679357715656,-1.6910003165941685,1.0,6.114679357715656,0.9999999999998364,0,0,0.0,0
pareto_20210112,fixed_ucb_low,0,6.114679357715656,-1.6910003165941685,0.4063767008450074,2.963083196365513,0.4845852125714712,-1,0,0.0,0
pareto_20210112,fixed_ucb_low,1,6.114679357715656,-1.6910003165941685,0.7145759339927724,3.8867505271241742,0.6356425741636214,-1,0,0.0,0
pareto_20210112,fixed_ucb_low,2,6.114679357715656,-1.6910003165941685,0.6445788409605696,3.340375640781934,0.546287948290603,-1,0,0.0,0
pareto_20210112,fixed_ucb_low,3,6.114679357715656,-1.6910003165941685,1.0,6.114679357715656,0.9999999999998364,0,0,0.0,0
pareto_20210112,fixed_ucb_low,4,6.114679357715656,-1.6910003165941685,0.3523554464074856,2.298417958085172,0.3758852792803591,-1,0,0.0,0
pareto_20210112,fixed_ucb_low,5,6.114679357715656,-1.6910003165941685,0.4085132022348745,2.5166953648105173,0.4115825569225435,-1,0,0.0,0
pareto_20210112,fixed_ucb_low,6,6.114679357715656,-1.6910003165941685,0.6108151183305974,5.007901563748517,0.8189965934074044,-1,0,0.0,0
pareto_20210112,fixed_ucb_low,7,6.114679357715656,-1.6910003165941685,0.6482057737299374,3.8867505271241742,0.6356425741636214,-1,0,0.0,0
pareto_20210112,fixed_ucb_low,8,6.114679357715656,-1.6910003165941685,0.9160811152268012,6.114679357715656,0.9999999999998364,17,0,0.0,0
pareto_20210112,fixed_ucb_low,9,6.114679357715656,-1.6910003165941685,0.6600852385811297,3.8867505271241742,0.6356425741636214,-1,0,0.0,0
pareto_20210112,fixed_ucb_low,10,6.114679357715656,-1.6910003165941685,0.8582086582915024,5.007901563748517,0.8189965934074044,-1,0,0.0,0
pareto_20210112,fixed_ucb_low,11,6.114679357715656,-1.6910003165941685,0.7039132118914485,6.114679357715656,0.9999999999998364,47,0,0.0,0
pareto_20210112,fixed_ucb_low,12,6.114679357715656,-1.6910003165941685,0.5555063289834551,3.185571697980825,0.5209711763480566,-1,0,0.0,0
pareto_20210112,fixed_ucb_low,13,6.114679357715656,-1.6910003165941685,0.4729815962573009,2.765163046557209,0.4522171784964659,-1,0,0.0,0
pareto_20210112,fixed_ucb_low,14,6.114679357715656,-1.6910003165941685,0.8778226694951463,6.114679357715656,0.9999999999998364,14,0,0.0,0
pareto_20210112,fixed_ucb_low,15,6.114679357715656,-1.6910003165941685,0.7797387927072315,5.007901563748517,0.8189965934074044,-1,0,0.0,0
pareto_20210112,fixed_ucb_low,16,6.114679357715656,-1.6910003165941685,0.8582086582915024,5.007901563748517,0.8189965934074044,-1,0,0.0,0
pareto_20210112,fixed_ucb_low,17,6.114679357715656,-1.6910003165941685,0.5088065208694458,2.963083196365513,0.4845852125714712,-1,0,0.0,0
pareto_20210112,fixed_ucb_low,18,6.114679357715656,-1.6910003165941685,0.8051021178072878,5.007901563748517,0.8189965934074044,-1,0,0.0,0
pareto_20210112,fixed_ucb_low,19,6.114679357715656,-1.6910003165941685,1.0,6.114679357715656,0.9999999999998364,0,0,0.0,0
pareto_20210112,fixed_ucb_high,0,6.114679357715656,-1.6910003165941685,0.5748153707435756,3.4328742170248834,0.5614152461964559,-1,0,0.0,0
pareto_20210112,fixed_ucb_high,1,6.114679357715656,-1.6910003165941685,0.8772881059987162,6.114679357715656,0.9999999999998364,38,0,0.0,0
pareto_20210112,fixed_ucb_high,2,6.114679357715656,-1.6910003165941685,0.8027795017256963,6.114679357715656,0.9999999999998364,67,0,0.0,0
pareto_20210112,fixed_ucb_high,3,6.114679357715656,-1.6910003165941685,1.0,6.114679357715656,0.9999999999998364,0,0,0.0,0
pareto_20210112,fixed_ucb_high,4,6.114679357715656,-1.6910003165941685,0.8058769358504134,6.114679357715656,0.9999999999998364,34,0,0.0,0
pareto_20210112,fixed_ucb_high,5,6.114679357715656,-1.6910003165941685,0.8248507274943995,6.114679357715656,0.9999999999998364,60,0,0.0,0
pareto_20210112,fixed_ucb_high,6,6.114679357715656,-1.6910003165941685,0.669148549281749,5.007901563748517,0.8189965934074044,-1,0,0.0,0
pareto_20210112,fixed_ucb_high,7,6.114679357715656,-1.6910003165941685,0.6475874724913141,6.114679357715656,0.9999999999998364,63,0,0.0,0
pareto_20210112,fixed_ucb_high,8,6.114679357715656,-1.6910003165941685,0.8074802055203085,6.114679357715656,0.9999999999998364,39,0,0.0,0
pareto_20210112,fixed_ucb_high,9,6.114679357715656,-1.6910003165941685,0.7163280202363963,5.007901563748517,0.8189965934074044,-1,0,0.0,0
pareto_20210112,fixed_ucb_high,10,6.114679357715656,-1.6910003165941685,0.8897178453378353,6.114679357715656,0.9999999999998364,56,0,0.0,0
pareto_20210112,fixed_ucb_high,11,6.114679357715656,-1.6910003165941685,0.7750093889015169,5.007901563748517,0.8189965934074044,-1,0,0.0,0
pareto_20210112,fixed_ucb_high,12,6.114679357715656,-1.6910003165941685,0.7623225553543712,5.007901563748517,0.8189965934074044,-1,0,0.0,0
pareto_20210112,fixed_ucb_high,13,6.114679357715656,-1.6910003165941685,0.834763379138435,6.114679357715656,0.9999999999998364,19,0,0.0,0
pareto_20210112,fixed_ucb_high,14,6.114679357715656,-1.6910003165941685,0.5939673149871294,6.114679357715656,0.9999999999998364,71,0,0.0,0
pareto_20210112,fixed_ucb_high,15,6.114679357715656,-1.6910003165941685,0.7229294758246585,5.007901563748517,0.8189965934074044,-1,0,0.0,0
pareto_20210112,fixed_ucb_high,16,6.114679357715656,-1.6910003165941685,0.8582086582915024,5.007901563748517,0.8189965934074044,-1,0,0.0,0
pareto_20210112,fixed_ucb_high,17,6.114679357715656,-1.6910003165941685,0.8835681571639333,6.114679357715656,0.9999999999998364,24,0,0.0,0
pareto_20210112,fixed_ucb_high,18,6.114679357715656,-1.6910003165941685,0.6248677567249729,3.8867505271241742,0.6356425741636214,-1,0,0.0,0
pareto_20210112,fixed_ucb_high,19,6.114679357715656,-1.6910003165941685,1.0,6.114679357715656,0.9999999999998364,0,0,0.0,0
pareto_20210112,fixed_ei,0,6.114679357715656,-1.6910003165941685,0.7489672157873805,6.114679357715656,0.9999999999998364,24,0,0.0,0
pareto_20210112,fixed_ei,1,6.114679357715656,-1.6910003165941685,0.7564688119132353,5.007901563748517,0.8189965934074044,-1,0,0.0,0
pareto_20210112,fixed_ei,2,6.114679357715656,-1.6910003165941685,0.9506359501334124,6.114679357715656,0.9999999999998364,10,0,0.0,0
pareto_20210112,fixed_ei,3,6.114679357715656,-1.6910003165941685,1.0,6.114679357715656,0.9999999999998364,0,0,0.0,0
pareto_20210112,fixed_ei,4,6.114679357715656,-1.6910003165941685,0.5559446277637586,2.963083196365513,0.4845852125714712,-1,0,0.0,0
pareto_20210112,fixed_ei,5,6.114679357715656,-1.6910003165941685,0.660147090770914,5.007901563748517,0.8189965934074044,-1,0,0.0,0
pareto_20210112,fixed_ei,6,6.114679357715656,-1.6910003165941685,0.6831324012116929,5.007901563748517,0.8189965934074044,-1,0,0.0,0
pareto_20210112,fixed_ei,7,6.114679357715656,-1.6910003165941685,0.752704301897015,5.007901563748517,0.8189965934074044,-1,0,0.0,0
pareto_20210112,fixed_ei,8,6.114679357715656,-1.6910003165941685,0.6922157514963744,3.8867505271241742,0.6356425741636214,-1,0,0.0,0
pareto_20210112,fixed_ei,9,6.114679357715656,-1.6910003165941685,0.7183008097254917,6.114679357715656,0.9999999999998364,69,0,0.0,0
pareto_20210112,fixed_ei,10,6.114679357715656,-1.6910003165941685,0.8582086582915024,5.007901563748517,0.8189965934074044,-1,0,0.0,0
pareto_20210112,fixed_ei,11,6.114679357715656,-1.6910003165941685,0.6068025323653102,5.007901563748517,0.8189965934074044,-1,0,0.0,0
pareto_20210112,fixed_ei,12,6.114679357715656,-1.6910003165941685,0.7167288466814344,6.114679357715656,0.9999999999998364,47,0,0.0,0
pareto_20210112,fixed_ei,13,6.114679357715656,-1.6910003165941685,0.6750344976101346,5.007901563748517,0.8189965934074044,-1,0,0.0,0
pareto_20210112,fixed_ei,14,6.114679357715656,-1.6910003165941685,0.9214574303897368,6.114679357715656,0.9999999999998364,9,0,0.0,0
pareto_20210112,fixed_ei,15,6.114679357715656,-1.6910003165941685,0.8049612495021756,5.007901563748517,0.8189965934074044,-1,0,0.0,0
pareto_20210112,fixed_ei,16,6.114679357715656,-1.6910003165941685,0.8582086582915024,5.007901563748517,0.8189965934074044,-1,0,0.0,0
pareto_20210112,fixed_ei,17,6.114679357715656,-1.6910003165941685,0.6632804828129939,5.007901563748517,0.8189965934074044,-1,0,0.0,0
pareto_20210112,fixed_ei,18,6.114679357715656,-1.6910003165941685,0.7987436779941347,5.007901563748517,0.8189965934074044,-1,0,0.0,0
pareto_20210112,fixed_ei,19,6.114679357715656,-1.6910003165941685,1.0,6.114679357715656,0.9999999999998364,0,0,0.0,0
pareto_20210112,fixed_lhs,0,6.114679357715656,-1.6910003165941685,0.7595445916427995,6.114679357715656,0.9999999999998364,46,0,0.0,0
pareto_20210112,fixed_lhs,1,6.114679357715656,-1.6910003165941685,0.9484650991931396,6.114679357715656,0.9999999999998364,13,0,0.0,0
pareto_20210112,fixed_lhs,2,6.114679357715656,-1.6910003165941685,0.754360830422299,5.007901563748517,0.8189965934074044,-1,0,0.0,0
pareto_20210112,fixed_lhs,3,6.114679357715656,-1.6910003165941685,1.0,6.114679357715656,0.9999999999998364,0,0,0.0,0
pareto_20210112,fixed_lhs,4,6.114679357715656,-1.6910003165941685,0.827534595994183,6.114679357715656,0.9999999999998364,34,0,0.0,0
pareto_20210112,fixed_lhs,5,6.114679357715656,-1.6910003165941685,0.7265414184751171,5.007901563748517,0.8189965934074044,-1,0,0.0,0
pareto_20210112,fixed_lhs,6,6.114679357715656,-1.6910003165941685,0.860399228007632,6.114679357715656,0.9999999999998364,16,0,0.0,0
pareto_20210112,fixed_lhs,7,6.114679357715656,-1.6910003165941685,0.8382557859140847,5.007901563748517,0.8189965934074044,-1,0,0.0,0
pareto_20210112,fixed_lhs,8,6.114679357715656,-1.6910003165941685,0.8443186328733777,6.114679357715656,0.9999999999998364,67,0,0.0,0
pareto_20210112,fixed_lhs,9,6.114679357715656,-1.6910003165941685,0.8783140751721105,6.114679357715656,0.9999999999998364,20,0,0.0,0
pareto_20210112,fixed_lhs,10,6.114679357715656,-1.6910003165941685,0.8779019001954604,6.114679357715656,0.9999999999998364,62,0,0.0,0
pareto_20210112,fixed_lhs,11,6.114679357715656,-1.6910003165941685,0.623815159988051,3.8867505271241742,0.6356425741636214,-1,0,0.0,0
pareto_20210112,fixed_lhs,12,6.114679357715656,-1.6910003165941685,0.868231712540839,6.114679357715656,0.9999999999998364,20,0,0.0,0
pareto_20210112,fixed_lhs,13,6.114679357715656,-1.6910003165941685,0.556777137424976,3.4328742170248834,0.5614152461964559,-1,0,0.0,0
pareto_20210112,fixed_lhs,14,6.114679357715656,-1.6910003165941685,0.6364856498955529,6.114679357715656,0.9999999999998364,69,0,0.0,0
pareto_20210112,fixed_lhs,15,6.114679357715656,-1.6910003165941685,0.8138990437964719,6.114679357715656,0.9999999999998364,39,0,0.0,0
pareto_20210112,fixed_lhs,16,6.114679357715656,-1.6910003165941685,0.9428895984785218,6.114679357715656,0.9999999999998364,29,0,0.0,0
pareto_20210112,fixed_lhs,17,6.114679357715656,-1.6910003165941685,0.7690877236475172,5.007901563748517,0.8189965934074044,-1,0,0.0,0
pareto_20210112,fixed_lhs,18,6.114679357715656,-1.6910003165941685,0.7942397462899053,5.007901563748517,0.8189965934074044,-1,0,0.0,0
pareto_20210112,fixed_lhs,19,6.114679357715656,-1.6910003165941685,1.0,6.114679357715656,0.9999999999998364,0,0,0.0,0
pareto_20210112,mock_approach_a,0,6.114679357715656,-1.6910003165941685,0.686477441672387,6.114679357715656,0.9999999999998364,53,0,0.0,0
pareto_20210112,mock_approach_a,1,6.114679357715656,-1.6910003165941685,0.8063412856280722,5.007901563748517,0.8189965934074044,-1,0,0.0,0
pareto_20210112,mock_approach_a,2,6.114679357715656,-1.6910003165941685,0.664099136580353,3.8867505271241742,0.6356425741636214,-1,0,0.0,0
pareto_20210112,mock_approach_a,3,6.114679357715656,-1.6910003165941685,1.0,6.114679357715656,0.9999999999998364,0,0,0.0,0
pareto_20210112,mock_approach_a,4,6.114679357715656,-1.6910003165941685,0.7118530400232461,5.007901563748517,0.8189965934074044,-1,0,0.0,0
pareto_20210112,mock_approach_a,5,6.114679357715656,-1.6910003165941685,0.7338916325945795,5.007901563748517,0.8189965934074044,-1,0,0.0,0
pareto_20210112,mock_approach_a,6,6.114679357715656,-1.6910003165941685,0.6342287844956525,5.007901563748517,0.8189965934074044,-1,0,0.0,0
pareto_20210112,mock_approach_a,7,6.114679357715656,-1.6910003165941685,0.8413403717564972,6.114679357715656,0.9999999999998364,37,0,0.0,0
pareto_20210112,mock_approach_a,8,6.114679357715656,-1.6910003165941685,0.7527267761771942,6.114679357715656,0.9999999999998364,56,0,0.0,0
pareto_20210112,mock_approach_a,9,6.114679357715656,-1.6910003165941685,0.8001370734262202,5.007901563748517,0.8189965934074044,-1,0,0.0,0
pareto_20210112,mock_approach_a,10,6.114679357715656,-1.6910003165941685,0.8582086582915024,5.007901563748517,0.8189965934074044,-1,0,0.0,0
pareto_20210112,mock_approach_a,11,6.114679357715656,-1.6910003165941685,0.7039132118914485,6.114679357715656,0.9999999999998364,47,0,0.0,0
pareto_20210112,mock_approach_a,12,6.114679357715656,-1.6910003165941685,0.6232415681689348,5.007901563748517,0.8189965934074044,-1,0,0.0,0
pareto_20210112,mock_approach_a,13,6.114679357715656,-1.6910003165941685,0.6310433761218902,5.007901563748517,0.8189965934074044,-1,0,0.0,0
pareto_20210112,mock_approach_a,14,6.114679357715656,-1.6910003165941685,0.7216835071778346,5.007901563748517,0.8189965934074044,-1,0,0.0,0
pareto_20210112,mock_approach_a,15,6.114679357715656,-1.6910003165941685,0.8049612495021756,5.007901563748517,0.8189965934074044,-1,0,0.0,0
pareto_20210112,mock_approach_a,16,6.114679357715656,-1.6910003165941685,0.8582086582915024,5.007901563748517,0.8189965934074044,-1,0,0.0,0
pareto_20210112,mock_approach_a,17,6.114679357715656,-1.6910003165941685,0.8134443924882553,6.114679357715656,0.9999999999998364,32,0,0.0,0
pareto_20210112,mock_approach_a,18,6.114679357715656,-1.6910003165941685,0.8661511677095576,6.114679357715656,0.9999999999998364,41,0,0.0,0
pareto_20210112,mock_approach_a,19,6.114679357715656,-1.6910003165941685,1.0,6.114679357715656,0.9999999999998364,0,0,0.0,0
pareto_20210112,mock_approach_b,0,6.114679357715656,-1.6910003165941685,0.7879483013173831,6.114679357715656,0.9999999999998364,33,2,0.2777777777777778,0
pareto_20210112,mock_approach_b,1,6.114679357715656,-1.6910003165941685,0.9484650991931396,6.114679357715656,0.9999999999998364,13,2,0.2777777777777778,0
pareto_20210112,mock_approach_b,2,6.114679357715656,-1.6910003165941685,0.687354842258027,3.8867505271241742,0.6356425741636214,-1,2,0.2777777777777778,0
pareto_20210112,mock_approach_b,3,6.114679357715656,-1.6910003165941685,1.0,6.114679357715656,0.9999999999998364,0,2,0.2777777777777778,0
pareto_20210112,mock_approach_b,4,6.114679357715656,-1.6910003165941685,0.7527002767591426,5.007901563748517,0.8189965934074044,-1,2,0.2777777777777778,0
pareto_20210112,mock_approach_b,5,6.114679357715656,-1.6910003165941685,0.5737282408818128,2.963083196365513,0.4845852125714712,-1,2,0.2777777777777778,0
pareto_20210112,mock_approach_b,6,6.114679357715656,-1.6910003165941685,0.860399228007632,6.114679357715656,0.9999999999998364,16,2,0.2777777777777778,0
pareto_20210112,mock_approach_b,7,6.114679357715656,-1.6910003165941685,0.8382557859140847,5.007901563748517,0.8189965934074044,-1,2,0.2777777777777778,0
pareto_20210112,mock_approach_b,8,6.114679357715656,-1.6910003165941685,0.8344720119213987,5.007901563748517,0.8189965934074044,-1,2,0.2777777777777778,0
pareto_20210112,mock_approach_b,9,6.114679357715656,-1.6910003165941685,0.8783140751721105,6.114679357715656,0.9999999999998364,20,2,0.2777777777777778,0
pareto_20210112,mock_approach_b,10,6.114679357715656,-1.6910003165941685,0.8582086582915024,5.007901563748517,0.8189965934074044,-1,2,0.2777777777777778,0
pareto_20210112,mock_approach_b,11,6.114679357715656,-1.6910003165941685,0.6624636292638235,5.007901563748517,0.8189965934074044,-1,2,0.2777777777777778,0
pareto_20210112,mock_approach_b,12,6.114679357715656,-1.6910003165941685,0.868231712540839,6.114679357715656,0.9999999999998364,20,2,0.2777777777777778,0
pareto_20210112,mock_approach_b,13,6.114679357715656,-1.6910003165941685,0.7615253381154802,6.114679357715656,0.9999999999998364,29,2,0.2777777777777778,0
pareto_20210112,mock_approach_b,14,6.114679357715656,-1.6910003165941685,0.6632287946235995,5.007901563748517,0.8189965934074044,-1,2,0.2777777777777778,0
pareto_20210112,mock_approach_b,15,6.114679357715656,-1.6910003165941685,0.8104905842524119,6.114679357715656,0.9999999999998364,45,2,0.2777777777777778,0
pareto_20210112,mock_approach_b,16,6.114679357715656,-1.6910003165941685,0.8582086582915024,5.007901563748517,0.8189965934074044,-1,2,0.2777777777777778,0
pareto_20210112,mock_approach_b,17,6.114679357715656,-1.6910003165941685,0.7690877236475172,5.007901563748517,0.8189965934074044,-1,2,0.2777777777777778,0
pareto_20210112,mock_approach_b,18,6.114679357715656,-1.6910003165941685,0.7942397462899053,5.007901563748517,0.8189965934074044,-1,2,0.2777777777777778,0
pareto_20210112,mock_approach_b,19,6.114679357715656,-1.6910003165941685,1.0,6.114679357715656,0.9999999999998364,0,2,0.2777777777777778,0
pareto_20210112,mock_approach_c,0,6.114679357715656,-1.6910003165941685,0.6557058103256621,5.007901563748517,0.8189965934074044,-1,0,0.0,0
pareto_20210112,mock_approach_c,1,6.114679357715656,-1.6910003165941685,0.7899728979081616,6.114679357715656,0.9999999999998364,56,0,0.0,0
pareto_20210112,mock_approach_c,2,6.114679357715656,-1.6910003165941685,0.6939428908271572,6.114679357715656,0.9999999999998364,62,0,0.0,0
pareto_20210112,mock_approach_c,3,6.114679357715656,-1.6910003165941685,1.0,6.114679357715656,0.9999999999998364,0,0,0.0,0
pareto_20210112,mock_approach_c,4,6.114679357715656,-1.6910003165941685,0.7459845385181625,6.114679357715656,0.9999999999998364,37,0,0.0,0
pareto_20210112,mock_approach_c,5,6.114679357715656,-1.6910003165941685,0.7873177035817698,6.114679357715656,0.9999999999998364,30,0,0.0,0
pareto_20210112,mock_approach_c,6,6.114679357715656,-1.6910003165941685,0.8969096943399788,6.114679357715656,0.9999999999998364,9,0,0.0,0
pareto_20210112,mock_approach_c,7,6.114679357715656,-1.6910003165941685,0.9523208106729651,6.114679357715656,0.9999999999998364,8,0,0.0,0
pareto_20210112,mock_approach_c,8,6.114679357715656,-1.6910003165941685,0.7404446159828358,6.114679357715656,0.9999999999998364,64,0,0.0,0
pareto_20210112,mock_approach_c,9,6.114679357715656,-1.6910003165941685,0.6693710649872868,5.007901563748517,0.8189965934074044,-1,0,0.0,0
pareto_20210112,mock_approach_c,10,6.114679357715656,-1.6910003165941685,0.8582086582915024,5.007901563748517,0.8189965934074044,-1,0,0.0,0
pareto_20210112,mock_approach_c,11,6.114679357715656,-1.6910003165941685,0.5928943382980939,5.007901563748517,0.8189965934074044,-1,0,0.0,0
pareto_20210112,mock_approach_c,12,6.114679357715656,-1.6910003165941685,0.7461258438016346,5.007901563748517,0.8189965934074044,-1,0,0.0,0
pareto_20210112,mock_approach_c,13,6.114679357715656,-1.6910003165941685,0.7362330043968015,5.007901563748517,0.8189965934074044,-1,0,0.0,0
pareto_20210112,mock_approach_c,14,6.114679357715656,-1.6910003165941685,0.8268902539005815,6.114679357715656,0.9999999999998364,33,0,0.0,0
pareto_20210112,mock_approach_c,15,6.114679357715656,-1.6910003165941685,0.7001779911392856,5.007901563748517,0.8189965934074044,-1,0,0.0,0
pareto_20210112,mock_approach_c,16,6.114679357715656,-1.6910003165941685,0.8582086582915024,5.007901563748517,0.8189965934074044,-1,0,0.0,0
pareto_20210112,mock_approach_c,17,6.114679357715656,-1.6910003165941685,0.7451175183406131,5.007901563748517,0.8189965934074044,-1,0,0.0,0
pareto_20210112,mock_approach_c,18,6.114679357715656,-1.6910003165941685,0.8807696080513705,6.114679357715656,0.9999999999998364,35,0,0.0,0
pareto_20210112,mock_approach_c,19,6.114679357715656,-1.6910003165941685,1.0,6.114679357715656,0.9999999999998364,0,0,0.0,0
coatings,approach_a,0,4081245.0762726846,0.0,0.9399457518822464,4019112.594109251,0.9847760962641876,15,0,0.0,0
coatings,approach_a,1,4081245.0762726846,0.0,0.9838295779161204,4081245.0762726846,1.0,0,0,0.0,0
coatings,approach_a,2,4081245.0762726846,0.0,0.9456706078211708,3972786.146667793,0.9734250387864615,5,0,0.0,0
coatings,approach_a,3,4081245.0762726846,0.0,0.8607192094729545,4081245.0762726846,1.0,44,0,0.0,0
coatings,approach_a,4,4081245.0762726846,0.0,0.9811587262987586,4019112.594109251,0.9847760962641876,0,0,0.0,0
coatings,approach_a,5,4081245.0762726846,0.0,0.9774552145853451,4019112.594109251,0.9847760962641876,0,0,0.0,0
coatings,approach_a,6,4081245.0762726846,0.0,0.9411994596208608,4019112.594109251,0.9847760962641876,23,0,0.0,0
coatings,approach_a,7,4081245.0762726846,0.0,0.9646933517562716,4081245.0762726846,1.0,15,0,0.0,0
coatings,approach_a,8,4081245.0762726846,0.0,0.9276402376985611,4081245.0762726846,1.0,37,0,0.0,0
coatings,approach_a,9,4081245.0762726846,0.0,0.9481123486190408,4081245.0762726846,1.0,6,0,0.0,0
coatings,approach_a,10,4081245.0762726846,0.0,0.9571240648004682,4081245.0762726846,1.0,9,0,0.0,0
coatings,approach_a,11,4081245.0762726846,0.0,0.8928609169258028,4081245.0762726846,1.0,17,0,0.0,0
coatings,approach_a,12,4081245.0762726846,0.0,0.9400864118430254,4081245.0762726846,1.0,14,0,0.0,0
coatings,approach_a,13,4081245.0762726846,0.0,0.9338756703012905,4019112.594109251,0.9847760962641876,27,0,0.0,0
coatings,approach_a,14,4081245.0762726846,0.0,0.9928062872457152,4081245.0762726846,1.0,0,0,0.0,0
coatings,approach_a,15,4081245.0762726846,0.0,0.9658495797989234,4019112.594109251,0.9847760962641876,7,0,0.0,0
coatings,approach_a,16,4081245.0762726846,0.0,0.95921723878736,4019112.594109251,0.9847760962641876,10,0,0.0,0
coatings,approach_a,17,4081245.0762726846,0.0,0.9290773952381832,4003186.157564925,0.9808737487582958,22,0,0.0,0
coatings,approach_a,18,4081245.0762726846,0.0,0.9736764683200299,4019112.594109251,0.9847760962641876,6,0,0.0,0
coatings,approach_a,19,4081245.0762726846,0.0,0.8783643171395649,4081245.0762726846,1.0,41,0,0.0,0
coatings,approach_b,0,4081245.0762726846,0.0,0.9535776990634216,4081245.0762726846,1.0,7,2,0.2197802197802198,0
coatings,approach_b,1,4081245.0762726846,0.0,0.9839690115860146,4081245.0762726846,1.0,0,2,0.2197802197802198,0
coatings,approach_b,2,4081245.0762726846,0.0,0.8855173737265469,4081245.0762726846,1.0,35,2,0.2197802197802198,0
coatings,approach_b,3,4081245.0762726846,0.0,0.8472764734967153,4081245.0762726846,1.0,43,2,0.2197802197802198,0
coatings,approach_b,4,4081245.0762726846,0.0,0.9850579029588832,4081245.0762726846,1.0,0,2,0.2197802197802198,0
coatings,approach_b,5,4081245.0762726846,0.0,0.9680344285116619,4081245.0762726846,1.0,0,2,0.2197802197802198,0
coatings,approach_b,6,4081245.0762726846,0.0,0.9233482194491222,4081245.0762726846,1.0,6,2,0.2197802197802198,0
coatings,approach_b,7,4081245.0762726846,0.0,0.9438713623357399,4081245.0762726846,1.0,25,2,0.2197802197802198,0
coatings,approach_b,8,4081245.0762726846,0.0,0.9575429338564204,4081245.0762726846,1.0,15,2,0.2197802197802198,0
coatings,approach_b,9,4081245.0762726846,0.0,0.818626450646306,4019112.594109251,0.9847760962641876,40,2,0.2197802197802198,0
coatings,approach_b,10,4081245.0762726846,0.0,0.9272212599721097,4019112.594109251,0.9847760962641876,19,2,0.2197802197802198,0
coatings,approach_b,11,4081245.0762726846,0.0,0.9181177068274343,4081245.0762726846,1.0,16,3,0.32967032967032966,0
coatings,approach_b,12,4081245.0762726846,0.0,0.8006699340123821,3457048.293078129,0.8470572652391115,-1,2,0.2197802197802198,0
coatings,approach_b,13,4081245.0762726846,0.0,0.926287237446182,4081245.0762726846,1.0,39,2,0.2197802197802198,0
coatings,approach_b,14,4081245.0762726846,0.0,0.9926389916002667,4081245.0762726846,1.0,0,2,0.2197802197802198,0
coatings,approach_b,15,4081245.0762726846,0.0,0.9128294954418942,4019112.594109251,0.9847760962641876,29,2,0.2197802197802198,0
coatings,approach_b,16,4081245.0762726846,0.0,0.9126874003685598,3972786.146667793,0.9734250387864615,28,2,0.2197802197802198,0
coatings,approach_b,17,4081245.0762726846,0.0,0.8977510444084951,4081245.0762726846,1.0,41,2,0.2197802197802198,0
coatings,approach_b,18,4081245.0762726846,0.0,0.9536097095090509,4081245.0762726846,1.0,38,5,0.5494505494505495,0
coatings,approach_b,19,4081245.0762726846,0.0,0.9460403178331471,4019112.594109251,0.9847760962641876,10,2,0.2197802197802198,0
coatings,approach_c,0,4081245.0762726846,0.0,0.9070044248293074,3849179.6928702956,0.9431385817157716,14,0,0.0,0
coatings,approach_c,1,4081245.0762726846,0.0,0.9734250387864614,3972786.146667793,0.9734250387864615,0,0,0.0,0
coatings,approach_c,2,4081245.0762726846,0.0,0.9010157433330644,4081245.0762726846,1.0,19,0,0.0,0
coatings,approach_c,3,4081245.0762726846,0.0,0.785435568446127,3972786.146667793,0.9734250387864615,63,0,0.0,0
coatings,approach_c,4,4081245.0762726846,0.0,0.9786639883915659,4019112.594109251,0.9847760962641876,0,0,0.0,0
coatings,approach_c,5,4081245.0762726846,0.0,0.9943763432466148,4081245.0762726846,1.0,0,0,0.0,0
coatings,approach_c,6,4081245.0762726846,0.0,0.9362489269339285,4081245.0762726846,1.0,25,0,0.0,0
coatings,approach_c,7,4081245.0762726846,0.0,0.9026035393258587,3972786.146667793,0.9734250387864615,51,0,0.0,0
coatings,approach_c,8,4081245.0762726846,0.0,0.9225650928121666,4019112.594109251,0.9847760962641876,36,0,0.0,0
coatings,approach_c,9,4081245.0762726846,0.0,0.9177595068198832,3972786.146667793,0.9734250387864615,9,0,0.0,0
coatings,approach_c,10,4081245.0762726846,0.0,0.9267483634325164,3972786.146667793,0.9734250387864615,11,0,0.0,0
coatings,approach_c,11,4081245.0762726846,0.0,0.9475362136793083,4019112.594109251,0.9847760962641876,6,0,0.0,0
coatings,approach_c,12,4081245.0762726846,0.0,0.9255469315290275,3972786.146667793,0.9734250387864615,13,0,0.0,0
coatings,approach_c,13,4081245.0762726846,0.0,0.9497743321347967,3972786.146667793,0.9734250387864615,12,0,0.0,0
coatings,approach_c,14,4081245.0762726846,0.0,0.9882893048186058,4081245.0762726846,1.0,0,0,0.0,0
coatings,approach_c,15,4081245.0762726846,0.0,0.9651011584267656,4019112.594109251,0.9847760962641876,7,0,0.0,0
coatings,approach_c,16,4081245.0762726846,0.0,0.9392699912366089,3972786.146667793,0.9734250387864615,7,0,0.0,0
coatings,approach_c,17,4081245.0762726846,0.0,0.9574955338045612,4019112.594109251,0.9847760962641876,10,0,0.0,0
coatings,approach_c,18,4081245.0762726846,0.0,0.9624304269832874,4019112.594109251,0.9847760962641876,15,0,0.0,0
coatings,approach_c,19,4081245.0762726846,0.0,0.916681882905627,4019112.594109251,0.9847760962641876,36,0,0.0,0
coatings,ada_original,0,4081245.0762726846,0.0,0.9587849566026904,4019112.594109251,0.9847760962641876,6,1,0.1098901098901099,0
coatings,ada_original,1,4081245.0762726846,0.0,0.9734250387864614,3972786.146667793,0.9734250387864615,0,1,0.1098901098901099,0
coatings,ada_original,2,4081245.0762726846,0.0,0.8198828202272457,3972786.146667793,0.9734250387864615,40,1,0.1098901098901099,0
coatings,ada_original,3,4081245.0762726846,0.0,0.6973574255843233,3457048.293078129,0.8470572652391115,-1,1,0.1098901098901099,0
coatings,ada_original,4,4081245.0762726846,0.0,0.9807845156126795,4019112.594109251,0.9847760962641876,0,1,0.1098901098901099,0
coatings,ada_original,5,4081245.0762726846,0.0,0.9537887644219482,3972786.146667793,0.9734250387864615,0,1,0.1098901098901099,0
coatings,ada_original,6,4081245.0762726846,0.0,0.896928975860872,3972786.146667793,0.9734250387864615,44,1,0.1098901098901099,0
coatings,ada_original,7,4081245.0762726846,0.0,0.9696421587889045,4019112.594109251,0.9847760962641876,10,1,0.1098901098901099,0
coatings,ada_original,8,4081245.0762726846,0.0,0.9303018407757605,4019112.594109251,0.9847760962641876,7,1,0.1098901098901099,0
coatings,ada_original,9,4081245.0762726846,0.0,0.8413023835678116,4081245.0762726846,1.0,35,1,0.1098901098901099,0
coatings,ada_original,10,4081245.0762726846,0.0,0.8911841064027717,4019112.594109251,0.9847760962641876,38,1,0.1098901098901099,0
coatings,ada_original,11,4081245.0762726846,0.0,0.777751515121849,3849179.6928702956,0.9431385817157716,70,1,0.1098901098901099,0
coatings,ada_original,12,4081245.0762726846,0.0,0.8660420521383758,3972786.146667793,0.9734250387864615,50,1,0.1098901098901099,0
coatings,ada_original,13,4081245.0762726846,0.0,0.95258153384624,3972786.146667793,0.9734250387864615,13,1,0.1098901098901099,0
coatings,ada_original,14,4081245.0762726846,0.0,0.994813834991097,4081245.0762726846,1.0,0,1,0.1098901098901099,0
coatings,ada_original,15,4081245.0762726846,0.0,0.9368312694035599,3972786.146667793,0.9734250387864615,20,1,0.1098901098901099,0
coatings,ada_original,16,4081245.0762726846,0.0,0.9283096510784756,4081245.0762726846,1.0,27,1,0.1098901098901099,0
coatings,ada_original,17,4081245.0762726846,0.0,0.885618945254388,3972786.146667793,0.9734250387864615,47,1,0.1098901098901099,0
coatings,ada_original,18,4081245.0762726846,0.0,0.8921054556293051,3640900.9983031014,0.8921054556293051,-1,1,0.1098901098901099,0
coatings,ada_original,19,4081245.0762726846,0.0,0.8794653112634178,4019112.594109251,0.9847760962641876,46,1,0.1098901098901099,0
pareto_20201218,approach_a,0,5.44426438452636,-1.9304201262287157,0.645902914272349,3.31642191643393,0.6091588655869149,-1,0,0.0,0
pareto_20201218,approach_a,1,5.44426438452636,-1.9304201262287157,0.652404296815476,3.295055144471652,0.6052342266544262,-1,0,0.0,0
pareto_20201218,approach_a,2,5.44426438452636,-1.9304201262287157,0.6633585632340665,3.31642191643393,0.6091588655869149,-1,0,0.0,0
pareto_20201218,approach_a,3,5.44426438452636,-1.9304201262287157,1.0,5.44426438452636,0.9999999999998163,0,0,0.0,0
pareto_20201218,approach_a,4,5.44426438452636,-1.9304201262287157,1.0,5.44426438452636,0.9999999999998163,0,0,0.0,0
pareto_20201218,approach_a,5,5.44426438452636,-1.9304201262287157,0.8834917059498817,5.44426438452636,0.9999999999998163,12,0,0.0,0
pareto_20201218,approach_a,6,5.44426438452636,-1.9304201262287157,0.8583779783194554,5.44426438452636,0.9999999999998163,18,0,0.0,0
pareto_20201218,approach_a,7,5.44426438452636,-1.9304201262287157,0.643792188405973,3.295055144471652,0.6052342266544262,-1,0,0.0,0
pareto_20201218,approach_a,8,5.44426438452636,-1.9304201262287157,0.6699275586364404,3.295055144471652,0.6052342266544262,-1,0,0.0,0
pareto_20201218,approach_a,9,5.44426438452636,-1.9304201262287157,0.6595667383639959,3.31642191643393,0.6091588655869149,-1,0,0.0,0
pareto_20201218,approach_a,10,5.44426438452636,-1.9304201262287157,1.0,5.44426438452636,0.9999999999998163,0,0,0.0,0
pareto_20201218,approach_a,11,5.44426438452636,-1.9304201262287157,0.9643144720329955,5.44426438452636,0.9999999999998163,5,0,0.0,0
pareto_20201218,approach_a,12,5.44426438452636,-1.9304201262287157,0.6166880851312093,3.295055144471652,0.6052342266544262,-1,0,0.0,0
pareto_20201218,approach_a,13,5.44426438452636,-1.9304201262287157,0.8395062846124512,5.44426438452636,0.9999999999998163,26,0,0.0,0
pareto_20201218,approach_a,14,5.44426438452636,-1.9304201262287157,1.0,5.44426438452636,0.9999999999998163,0,0,0.0,0
pareto_20201218,approach_a,15,5.44426438452636,-1.9304201262287157,0.6802301798944226,3.31642191643393,0.6091588655869149,-1,0,0.0,0
pareto_20201218,approach_a,16,5.44426438452636,-1.9304201262287157,0.7114666444389273,3.31642191643393,0.6091588655869149,-1,0,0.0,0
pareto_20201218,approach_a,17,5.44426438452636,-1.9304201262287157,0.674363877674397,3.31642191643393,0.6091588655869149,-1,0,0.0,0
pareto_20201218,approach_a,18,5.44426438452636,-1.9304201262287157,0.6795251697349111,5.44426438452636,0.9999999999998163,57,0,0.0,0
pareto_20201218,approach_a,19,5.44426438452636,-1.9304201262287157,1.0,5.44426438452636,0.9999999999998163,0,0,0.0,0
pareto_20201218,approach_b,0,5.44426438452636,-1.9304201262287157,0.6339822793972295,3.295055144471652,0.6052342266544262,-1,2,0.3076923076923077,0
pareto_20201218,approach_b,1,5.44426438452636,-1.9304201262287157,0.8982342346038781,5.44426438452636,0.9999999999998163,18,2,0.3076923076923077,0
pareto_20201218,approach_b,2,5.44426438452636,-1.9304201262287157,0.8919108104819409,5.44426438452636,0.9999999999998163,11,2,0.3076923076923077,0
pareto_20201218,approach_b,3,5.44426438452636,-1.9304201262287157,1.0,5.44426438452636,0.9999999999998163,0,2,0.3076923076923077,0
pareto_20201218,approach_b,4,5.44426438452636,-1.9304201262287157,1.0,5.44426438452636,0.9999999999998163,0,2,0.3076923076923077,0
pareto_20201218,approach_b,5,5.44426438452636,-1.9304201262287157,0.8619082501381552,5.44426438452636,0.9999999999998163,21,2,0.3076923076923077,0
pareto_20201218,approach_b,6,5.44426438452636,-1.9304201262287157,0.7986609632730547,5.44426438452636,0.9999999999998163,24,3,0.46153846153846156,0
pareto_20201218,approach_b,7,5.44426438452636,-1.9304201262287157,0.6351798000259953,3.31642191643393,0.6091588655869149,-1,2,0.3076923076923077,0
pareto_20201218,approach_b,8,5.44426438452636,-1.9304201262287157,0.5908788402615751,3.31642191643393,0.6091588655869149,-1,2,0.3076923076923077,0
pareto_20201218,approach_b,9,5.44426438452636,-1.9304201262287157,0.8810503472585546,5.44426438452636,0.9999999999998163,15,2,0.3076923076923077,0
pareto_20201218,approach_b,10,5.44426438452636,-1.9304201262287157,1.0,5.44426438452636,0.9999999999998163,0,2,0.3076923076923077,0
pareto_20201218,approach_b,11,5.44426438452636,-1.9304201262287157,0.6430786457596106,3.31642191643393,0.6091588655869149,-1,3,0.46153846153846156,0
pareto_20201218,approach_b,12,5.44426438452636,-1.9304201262287157,0.8702930233169204,5.44426438452636,0.9999999999998163,17,2,0.3076923076923077,0
pareto_20201218,approach_b,13,5.44426438452636,-1.9304201262287157,0.8184413115145687,5.44426438452636,0.9999999999998163,25,2,0.3076923076923077,0
pareto_20201218,approach_b,14,5.44426438452636,-1.9304201262287157,1.0,5.44426438452636,0.9999999999998163,0,2,0.3076923076923077,0
pareto_20201218,approach_b,15,5.44426438452636,-1.9304201262287157,0.6753873685144859,3.31642191643393,0.6091588655869149,-1,2,0.3076923076923077,0
pareto_20201218,approach_b,16,5.44426438452636,-1.9304201262287157,0.924537430084027,5.44426438452636,0.9999999999998163,17,2,0.3076923076923077,0
pareto_20201218,approach_b,17,5.44426438452636,-1.9304201262287157,0.8954982945930783,5.44426438452636,0.9999999999998163,12,2,0.3076923076923077,0
pareto_20201218,approach_b,18,5.44426438452636,-1.9304201262287157,0.6790890737293914,3.31642191643393,0.6091588655869149,-1,2,0.3076923076923077,0
pareto_20201218,approach_b,19,5.44426438452636,-1.9304201262287157,1.0,5.44426438452636,0.9999999999998163,0,2,0.3076923076923077,0
pareto_20201218,approach_c,0,5.44426438452636,-1.9304201262287157,0.5193658501177855,3.31642191643393,0.6091588655869149,-1,0,0.0,0
pareto_20201218,approach_c,1,5.44426438452636,-1.9304201262287157,0.7875013717024779,5.44426438452636,0.9999999999998163,38,0,0.0,0
pareto_20201218,approach_c,2,5.44426438452636,-1.9304201262287157,0.8105166817489522,5.44426438452636,0.9999999999998163,19,0,0.0,0
pareto_20201218,approach_c,3,5.44426438452636,-1.9304201262287157,1.0,5.44426438452636,0.9999999999998163,0,0,0.0,0
pareto_20201218,approach_c,4,5.44426438452636,-1.9304201262287157,1.0,5.44426438452636,0.9999999999998163,0,0,0.0,0
pareto_20201218,approach_c,5,5.44426438452636,-1.9304201262287157,0.786995611842096,5.44426438452636,0.9999999999998163,37,0,0.0,0
pareto_20201218,approach_c,6,5.44426438452636,-1.9304201262287157,0.8082257286627685,5.44426438452636,0.9999999999998163,23,0,0.0,0
pareto_20201218,approach_c,7,5.44426438452636,-1.9304201262287157,0.8101065565677213,5.44426438452636,0.9999999999998163,23,0,0.0,0
pareto_20201218,approach_c,8,5.44426438452636,-1.9304201262287157,0.6301965717815706,3.295055144471652,0.6052342266544262,-1,0,0.0,0
pareto_20201218,approach_c,9,5.44426438452636,-1.9304201262287157,0.7044074869817828,5.44426438452636,0.9999999999998163,39,0,0.0,0
pareto_20201218,approach_c,10,5.44426438452636,-1.9304201262287157,1.0,5.44426438452636,0.9999999999998163,0,0,0.0,0
pareto_20201218,approach_c,11,5.44426438452636,-1.9304201262287157,0.7747240186725999,5.44426438452636,0.9999999999998163,39,0,0.0,0
pareto_20201218,approach_c,12,5.44426438452636,-1.9304201262287157,0.6514555043587744,3.31642191643393,0.6091588655869149,-1,0,0.0,0
pareto_20201218,approach_c,13,5.44426438452636,-1.9304201262287157,0.8865814677403764,5.44426438452636,0.9999999999998163,13,0,0.0,0
pareto_20201218,approach_c,14,5.44426438452636,-1.9304201262287157,1.0,5.44426438452636,0.9999999999998163,0,0,0.0,0
pareto_20201218,approach_c,15,5.44426438452636,-1.9304201262287157,0.8404897649790315,5.44426438452636,0.9999999999998163,26,0,0.0,0
pareto_20201218,approach_c,16,5.44426438452636,-1.9304201262287157,0.8890256324765106,5.44426438452636,0.9999999999998163,25,0,0.0,0
pareto_20201218,approach_c,17,5.44426438452636,-1.9304201262287157,0.7505310825289456,5.44426438452636,0.9999999999998163,51,0,0.0,0
pareto_20201218,approach_c,18,5.44426438452636,-1.9304201262287157,0.812495995431458,5.44426438452636,0.9999999999998163,28,0,0.0,0
pareto_20201218,approach_c,19,5.44426438452636,-1.9304201262287157,1.0,5.44426438452636,0.9999999999998163,0,0,0.0,0
pareto_20201223,approach_a,0,4.667169677008169,-1.8162555193823233,0.8077884721069305,3.8324096192891406,0.8211421234946482,-1,0,0.0,0
pareto_20201223,approach_a,1,4.667169677008169,-1.8162555193823233,0.8972388828785924,4.0186641917660895,0.8610495160615936,-1,0,0.0,0
pareto_20201223,approach_a,2,4.667169677008169,-1.8162555193823233,0.8302283461693389,4.0186641917660895,0.8610495160615936,-1,0,0.0,0
pareto_20201223,approach_a,3,4.667169677008169,-1.8162555193823233,0.9539637959972337,4.667169677008169,0.9999999999997857,13,0,0.0,0
pareto_20201223,approach_a,4,4.667169677008169,-1.8162555193823233,0.825212565215267,4.0186641917660895,0.8610495160615936,-1,0,0.0,0
pareto_20201223,approach_a,5,4.667169677008169,-1.8162555193823233,0.8607642166590441,3.8324096192891406,0.8211421234946482,-1,0,0.0,0
pareto_20201223,approach_a,6,4.667169677008169,-1.8162555193823233,0.8070563395239762,4.0186641917660895,0.8610495160615936,-1,0,0.0,0
pareto_20201223,approach_a,7,4.667169677008169,-1.8162555193823233,0.8844709697027235,4.0186641917660895,0.8610495160615936,-1,0,0.0,0
pareto_20201223,approach_a,8,4.667169677008169,-1.8162555193823233,1.0,4.667169677008169,0.9999999999997857,0,0,0.0,0
pareto_20201223,approach_a,9,4.667169677008169,-1.8162555193823233,0.8999748642734217,4.0186641917660895,0.8610495160615936,-1,0,0.0,0
pareto_20201223,approach_a,10,4.667169677008169,-1.8162555193823233,0.9375739495050379,4.667169677008169,0.9999999999997857,33,0,0.0,0
pareto_20201223,approach_a,11,4.667169677008169,-1.8162555193823233,0.8313980817561402,3.8324096192891406,0.8211421234946482,-1,0,0.0,0
pareto_20201223,approach_a,12,4.667169677008169,-1.8162555193823233,0.7632849267775808,3.8324096192891406,0.8211421234946482,-1,0,0.0,0
pareto_20201223,approach_a,13,4.667169677008169,-1.8162555193823233,0.8309157758264063,4.0186641917660895,0.8610495160615936,-1,0,0.0,0
pareto_20201223,approach_a,14,4.667169677008169,-1.8162555193823233,0.8544433761921534,4.0186641917660895,0.8610495160615936,-1,0,0.0,0
pareto_20201223,approach_a,15,4.667169677008169,-1.8162555193823233,0.8758070286190983,4.0186641917660895,0.8610495160615936,-1,0,0.0,0
pareto_20201223,approach_a,16,4.667169677008169,-1.8162555193823233,0.7348066267347646,3.331895332389427,0.7139006213557213,-1,0,0.0,0
pareto_20201223,approach_a,17,4.667169677008169,-1.8162555193823233,0.7867116230245517,3.8324096192891406,0.8211421234946482,-1,0,0.0,0
pareto_20201223,approach_a,18,4.667169677008169,-1.8162555193823233,0.8348244854279794,4.0186641917660895,0.8610495160615936,-1,0,0.0,0
pareto_20201223,approach_a,19,4.667169677008169,-1.8162555193823233,1.0,4.667169677008169,0.9999999999997857,0,0,0.0,0
pareto_20201223,approach_b,0,4.667169677008169,-1.8162555193823233,0.829664142782045,3.8324096192891406,0.8211421234946482,-1,2,0.31746031746031744,0
pareto_20201223,approach_b,1,4.667169677008169,-1.8162555193823233,0.8712470596277158,3.8324096192891406,0.8211421234946482,-1,2,0.31746031746031744,0
pareto_20201223,approach_b,2,4.667169677008169,-1.8162555193823233,0.7902450483037138,3.8324096192891406,0.8211421234946482,-1,2,0.31746031746031744,0
pareto_20201223,approach_b,3,4.667169677008169,-1.8162555193823233,0.8372097953098507,3.8324096192891406,0.8211421234946482,-1,2,0.31746031746031744,0
pareto_20201223,approach_b,4,4.667169677008169,-1.8162555193823233,0.8353008373946523,4.0186641917660895,0.8610495160615936,-1,2,0.31746031746031744,0
pareto_20201223,approach_b,5,4.667169677008169,-1.8162555193823233,0.8637593146500933,3.8324096192891406,0.8211421234946482,-1,2,0.31746031746031744,0
pareto_20201223,approach_b,6,4.667169677008169,-1.8162555193823233,0.773236104169646,4.0186641917660895,0.8610495160615936,-1,2,0.31746031746031744,0
pareto_20201223,approach_b,7,4.667169677008169,-1.8162555193823233,0.885382963501,4.0186641917660895,0.8610495160615936,-1,2,0.31746031746031744,0
pareto_20201223,approach_b,8,4.667169677008169,-1.8162555193823233,1.0,4.667169677008169,0.9999999999997857,0,2,0.31746031746031744,0
pareto_20201223,approach_b,9,4.667169677008169,-1.8162555193823233,0.8999748642734217,4.0186641917660895,0.8610495160615936,-1,2,0.31746031746031744,0
pareto_20201223,approach_b,10,4.667169677008169,-1.8162555193823233,0.885382963501,4.0186641917660895,0.8610495160615936,-1,2,0.31746031746031744,0
pareto_20201223,approach_b,11,4.667169677008169,-1.8162555193823233,0.730027597716175,3.331895332389427,0.7139006213557213,-1,2,0.31746031746031744,0
pareto_20201223,approach_b,12,4.667169677008169,-1.8162555193823233,0.7780254585686487,4.0186641917660895,0.8610495160615936,-1,2,0.31746031746031744,0
pareto_20201223,approach_b,13,4.667169677008169,-1.8162555193823233,0.760449912759013,3.8324096192891406,0.8211421234946482,-1,2,0.31746031746031744,0
pareto_20201223,approach_b,14,4.667169677008169,-1.8162555193823233,0.838485242626442,4.0186641917660895,0.8610495160615936,-1,2,0.31746031746031744,0
pareto_20201223,approach_b,15,4.667169677008169,-1.8162555193823233,0.8780870131147891,4.0186641917660895,0.8610495160615936,-1,2,0.31746031746031744,0
pareto_20201223,approach_b,16,4.667169677008169,-1.8162555193823233,0.7670657460953334,3.8324096192891406,0.8211421234946482,-1,2,0.31746031746031744,0
pareto_20201223,approach_b,17,4.667169677008169,-1.8162555193823233,0.7589703728254708,3.8324096192891406,0.8211421234946482,-1,2,0.31746031746031744,0
pareto_20201223,approach_b,18,4.667169677008169,-1.8162555193823233,0.8408663048950974,4.0186641917660895,0.8610495160615936,-1,2,0.31746031746031744,0
pareto_20201223,approach_b,19,4.667169677008169,-1.8162555193823233,1.0,4.667169677008169,0.9999999999997857,0,2,0.31746031746031744,0
pareto_20201223,approach_c,0,4.667169677008169,-1.8162555193823233,0.8238658746507833,3.8324096192891406,0.8211421234946482,-1,0,0.0,0
pareto_20201223,approach_c,1,4.667169677008169,-1.8162555193823233,0.9141647064184774,4.667169677008169,0.9999999999997857,42,0,0.0,0
pareto_20201223,approach_c,2,4.667169677008169,-1.8162555193823233,0.7413302959837477,4.667169677008169,0.9999999999997857,50,0,0.0,0
pareto_20201223,approach_c,3,4.667169677008169,-1.8162555193823233,0.8316007579602273,4.0186641917660895,0.8610495160615936,-1,0,0.0,0
pareto_20201223,approach_c,4,4.667169677008169,-1.8162555193823233,0.7446863362376303,3.331895332389427,0.7139006213557213,-1,0,0.0,0
pareto_20201223,approach_c,5,4.667169677008169,-1.8162555193823233,0.8654326344534526,4.667169677008169,0.9999999999997857,38,0,0.0,0
pareto_20201223,approach_c,6,4.667169677008169,-1.8162555193823233,0.8752245985062862,4.667169677008169,0.9999999999997857,23,0,0.0,0
pareto_20201223,approach_c,7,4.667169677008169,-1.8162555193823233,0.9357831162280654,4.667169677008169,0.9999999999997857,37,0,0.0,0
pareto_20201223,approach_c,8,4.667169677008169,-1.8162555193823233,1.0,4.667169677008169,0.9999999999997857,0,0,0.0,0
pareto_20201223,approach_c,9,4.667169677008169,-1.8162555193823233,0.9047379659746871,4.667169677008169,0.9999999999997857,60,0,0.0,0
pareto_20201223,approach_c,10,4.667169677008169,-1.8162555193823233,0.9019025216211171,4.667169677008169,0.9999999999997857,48,0,0.0,0
pareto_20201223,approach_c,11,4.667169677008169,-1.8162555193823233,0.8025655262809784,4.667169677008169,0.9999999999997857,40,0,0.0,0
pareto_20201223,approach_c,12,4.667169677008169,-1.8162555193823233,0.856432851474015,4.0186641917660895,0.8610495160615936,-1,0,0.0,0
pareto_20201223,approach_c,13,4.667169677008169,-1.8162555193823233,0.685692795919382,4.0186641917660895,0.8610495160615936,-1,0,0.0,0
pareto_20201223,approach_c,14,4.667169677008169,-1.8162555193823233,0.7902971542836291,3.8324096192891406,0.8211421234946482,-1,0,0.0,0
pareto_20201223,approach_c,15,4.667169677008169,-1.8162555193823233,0.8963268890803161,4.0186641917660895,0.8610495160615936,-1,0,0.0,0
pareto_20201223,approach_c,16,4.667169677008169,-1.8162555193823233,0.7436402192939864,4.667169677008169,0.9999999999997857,51,0,0.0,0
pareto_20201223,approach_c,17,4.667169677008169,-1.8162555193823233,0.8183338687582816,4.0186641917660895,0.8610495160615936,-1,0,0.0,0
pareto_20201223,approach_c,18,4.667169677008169,-1.8162555193823233,0.8041608231621081,4.0186641917660895,0.8610495160615936,-1,0,0.0,0
pareto_20201223,approach_c,19,4.667169677008169,-1.8162555193823233,1.0,4.667169677008169,0.9999999999997857,0,0,0.0,0
pareto_20210104,approach_a,0,4.502143575747799,-1.6153753682691243,0.621680676233837,2.8320064423574145,0.6290351239823341,-1,0,0.0,0
pareto_20210104,approach_a,1,4.502143575747799,-1.6153753682691243,0.9658701947551265,4.502143575747799,0.9999999999997778,5,0,0.0,0
pareto_20210104,approach_a,2,4.502143575747799,-1.6153753682691243,0.7613711122921627,4.502143575747799,0.9999999999997778,31,0,0.0,0
pareto_20210104,approach_a,3,4.502143575747799,-1.6153753682691243,0.5568392137127545,2.8320064423574145,0.6290351239823341,-1,0,0.0,0
pareto_20210104,approach_a,4,4.502143575747799,-1.6153753682691243,0.6515246907037872,2.3703392696060606,0.5264912657104287,-1,0,0.0,0
pareto_20210104,approach_a,5,4.502143575747799,-1.6153753682691243,0.8894451610049487,4.502143575747799,0.9999999999997778,8,0,0.0,0
pareto_20210104,approach_a,6,4.502143575747799,-1.6153753682691243,1.0,4.502143575747799,0.9999999999997778,0,0,0.0,0
pareto_20210104,approach_a,7,4.502143575747799,-1.6153753682691243,0.9522182726571771,4.502143575747799,0.9999999999997778,7,0,0.0,0
pareto_20210104,approach_a,8,4.502143575747799,-1.6153753682691243,0.8409121595173825,4.502143575747799,0.9999999999997778,17,0,0.0,0
pareto_20210104,approach_a,9,4.502143575747799,-1.6153753682691243,0.7102426006283105,2.8320064423574145,0.6290351239823341,-1,0,0.0,0
pareto_20210104,approach_a,10,4.502143575747799,-1.6153753682691243,0.8947999066275584,4.502143575747799,0.9999999999997778,16,0,0.0,0
pareto_20210104,approach_a,11,4.502143575747799,-1.6153753682691243,0.6075551440091156,2.8320064423574145,0.6290351239823341,-1,0,0.0,0
pareto_20210104,approach_a,12,4.502143575747799,-1.6153753682691243,1.0,4.502143575747799,0.9999999999997778,0,0,0.0,0
pareto_20210104,approach_a,13,4.502143575747799,-1.6153753682691243,0.6668199600726334,2.8320064423574145,0.6290351239823341,-1,0,0.0,0
pareto_20210104,approach_a,14,4.502143575747799,-1.6153753682691243,0.8980651769509899,4.502143575747799,0.9999999999997778,9,0,0.0,0
pareto_20210104,approach_a,15,4.502143575747799,-1.6153753682691243,0.7169419993468193,2.8320064423574145,0.6290351239823341,-1,0,0.0,0
pareto_20210104,approach_a,16,4.502143575747799,-1.6153753682691243,0.7881665391505442,4.502143575747799,0.9999999999997778,27,0,0.0,0
pareto_20210104,approach_a,17,4.502143575747799,-1.6153753682691243,0.7737512359293858,4.502143575747799,0.9999999999997778,28,0,0.0,0
pareto_20210104,approach_a,18,4.502143575747799,-1.6153753682691243,0.6469329081012979,2.8320064423574145,0.6290351239823341,-1,0,0.0,0
pareto_20210104,approach_a,19,4.502143575747799,-1.6153753682691243,0.6515246907037872,2.3703392696060606,0.5264912657104287,-1,0,0.0,0
pareto_20210104,approach_b,0,4.502143575747799,-1.6153753682691243,0.5650611120885343,2.288972436251905,0.5084183562207257,-1,2,0.3773584905660377,0
pareto_20210104,approach_b,1,4.502143575747799,-1.6153753682691243,0.6954199087248627,2.8320064423574145,0.6290351239823341,-1,2,0.3773584905660377,0
pareto_20210104,approach_b,2,4.502143575747799,-1.6153753682691243,0.7631249901021486,4.502143575747799,0.9999999999997778,28,2,0.3773584905660377,0
pareto_20210104,approach_b,3,4.502143575747799,-1.6153753682691243,0.6940404641779336,4.502143575747799,0.9999999999997778,45,2,0.3773584905660377,0
pareto_20210104,approach_b,4,4.502143575747799,-1.6153753682691243,0.6871220523645396,2.8320064423574145,0.6290351239823341,-1,2,0.3773584905660377,0
pareto_20210104,approach_b,5,4.502143575747799,-1.6153753682691243,0.6178132640229039,2.8320064423574145,0.6290351239823341,-1,2,0.3773584905660377,0
pareto_20210104,approach_b,6,4.502143575747799,-1.6153753682691243,1.0,4.502143575747799,0.9999999999997778,0,2,0.3773584905660377,0
pareto_20210104,approach_b,7,4.502143575747799,-1.6153753682691243,0.7179544979905463,4.502143575747799,0.9999999999997778,45,2,0.3773584905660377,0
pareto_20210104,approach_b,8,4.502143575747799,-1.6153753682691243,0.6575970462510969,2.8320064423574145,0.6290351239823341,-1,2,0.3773584905660377,0
pareto_20210104,approach_b,9,4.502143575747799,-1.6153753682691243,0.931740389510253,4.502143575747799,0.9999999999997778,10,2,0.3773584905660377,0
pareto_20210104,approach_b,10,4.502143575747799,-1.6153753682691243,0.8750748891202257,4.502143575747799,0.9999999999997778,19,2,0.3773584905660377,0
pareto_20210104,approach_b,11,4.502143575747799,-1.6153753682691243,0.9410190214450975,4.502143575747799,0.9999999999997778,6,2,0.3773584905660377,0
pareto_20210104,approach_b,12,4.502143575747799,-1.6153753682691243,1.0,4.502143575747799,0.9999999999997778,0,2,0.3773584905660377,0
pareto_20210104,approach_b,13,4.502143575747799,-1.6153753682691243,0.6696866691390881,2.8320064423574145,0.6290351239823341,-1,2,0.3773584905660377,0
pareto_20210104,approach_b,14,4.502143575747799,-1.6153753682691243,0.890480908045913,4.502143575747799,0.9999999999997778,10,2,0.3773584905660377,0
pareto_20210104,approach_b,15,4.502143575747799,-1.6153753682691243,0.9112625063633288,4.502143575747799,0.9999999999997778,13,2,0.3773584905660377,0
pareto_20210104,approach_b,16,4.502143575747799,-1.6153753682691243,0.9236750650973012,4.502143575747799,0.9999999999997778,9,2,0.3773584905660377,0
pareto_20210104,approach_b,17,4.502143575747799,-1.6153753682691243,0.6543968465655483,2.8320064423574145,0.6290351239823341,-1,2,0.3773584905660377,0
pareto_20210104,approach_b,18,4.502143575747799,-1.6153753682691243,0.6392985186513154,2.8320064423574145,0.6290351239823341,-1,2,0.3773584905660377,0
pareto_20210104,approach_b,19,4.502143575747799,-1.6153753682691243,0.8882249007917808,4.502143575747799,0.9999999999997778,17,2,0.3773584905660377,0
pareto_20210104,approach_c,0,4.502143575747799,-1.6153753682691243,0.5955211307025192,2.3703392696060606,0.5264912657104287,-1,0,0.0,0
pareto_20210104,approach_c,1,4.502143575747799,-1.6153753682691243,0.6800953063950206,2.8320064423574145,0.6290351239823341,-1,0,0.0,0
pareto_20210104,approach_c,2,4.502143575747799,-1.6153753682691243,0.7594061430722521,4.502143575747799,0.9999999999997778,28,0,0.0,0
pareto_20210104,approach_c,3,4.502143575747799,-1.6153753682691243,0.7210152452538805,4.502143575747799,0.9999999999997778,49,0,0.0,0
pareto_20210104,approach_c,4,4.502143575747799,-1.6153753682691243,0.7013609970288407,2.8320064423574145,0.6290351239823341,-1,0,0.0,0
pareto_20210104,approach_c,5,4.502143575747799,-1.6153753682691243,0.8670580767815371,4.502143575747799,0.9999999999997778,12,0,0.0,0
pareto_20210104,approach_c,6,4.502143575747799,-1.6153753682691243,1.0,4.502143575747799,0.9999999999997778,0,0,0.0,0
pareto_20210104,approach_c,7,4.502143575747799,-1.6153753682691243,0.8771327011184552,4.502143575747799,0.9999999999997778,18,0,0.0,0
pareto_20210104,approach_c,8,4.502143575747799,-1.6153753682691243,0.7603420278824758,3.431418879147996,0.7621744667654853,-1,0,0.0,0
pareto_20210104,approach_c,9,4.502143575747799,-1.6153753682691243,0.8929966972754149,4.502143575747799,0.9999999999997778,26,0,0.0,0
pareto_20210104,approach_c,10,4.502143575747799,-1.6153753682691243,0.6515246907037872,2.3703392696060606,0.5264912657104287,-1,0,0.0,0
pareto_20210104,approach_c,11,4.502143575747799,-1.6153753682691243,0.7963688930579903,4.502143575747799,0.9999999999997778,28,0,0.0,0
pareto_20210104,approach_c,12,4.502143575747799,-1.6153753682691243,1.0,4.502143575747799,0.9999999999997778,0,0,0.0,0
pareto_20210104,approach_c,13,4.502143575747799,-1.6153753682691243,0.6426639768497429,3.431418879147996,0.7621744667654853,-1,0,0.0,0
pareto_20210104,approach_c,14,4.502143575747799,-1.6153753682691243,0.7619898383529279,4.502143575747799,0.9999999999997778,23,0,0.0,0
pareto_20210104,approach_c,15,4.502143575747799,-1.6153753682691243,0.8293509737756322,4.502143575747799,0.9999999999997778,25,0,0.0,0
pareto_20210104,approach_c,16,4.502143575747799,-1.6153753682691243,0.926700008131179,4.502143575747799,0.9999999999997778,9,0,0.0,0
pareto_20210104,approach_c,17,4.502143575747799,-1.6153753682691243,0.8847151495441365,4.502143575747799,0.9999999999997778,13,0,0.0,0
pareto_20210104,approach_c,18,4.502143575747799,-1.6153753682691243,0.6427506591720709,2.8320064423574145,0.6290351239823341,-1,0,0.0,0
pareto_20210104,approach_c,19,4.502143575747799,-1.6153753682691243,0.6778247140468977,4.502143575747799,0.9999999999997778,49,0,0.0,0
pareto_20210112,approach_a,0,6.114679357715656,-1.6910003165941683,0.7474139381136857,5.007901563748517,0.8189965934074044,-1,0,0.0,0
pareto_20210112,approach_a,1,6.114679357715656,-1.6910003165941683,0.7145759339927724,3.8867505271241742,0.6356425741636214,-1,0,0.0,0
pareto_20210112,approach_a,2,6.114679357715656,-1.6910003165941683,0.7599612807677572,5.007901563748517,0.8189965934074044,-1,0,0.0,0
pareto_20210112,approach_a,3,6.114679357715656,-1.6910003165941683,1.0,6.114679357715656,0.9999999999998365,0,0,0.0,0
pareto_20210112,approach_a,4,6.114679357715656,-1.6910003165941683,0.6100754246825119,3.8867505271241742,0.6356425741636214,-1,0,0.0,0
pareto_20210112,approach_a,5,6.114679357715656,-1.6910003165941683,0.7510181837217643,6.114679357715656,0.9999999999998365,47,0,0.0,0
pareto_20210112,approach_a,6,6.114679357715656,-1.6910003165941683,0.8052148269902357,5.007901563748517,0.8189965934074044,-1,0,0.0,0
pareto_20210112,approach_a,7,6.114679357715656,-1.6910003165941683,0.8074106550907677,5.007901563748517,0.8189965934074044,-1,0,0.0,0
pareto_20210112,approach_a,8,6.114679357715656,-1.6910003165941683,0.7960645471668051,5.007901563748517,0.8189965934074044,-1,0,0.0,0
pareto_20210112,approach_a,9,6.114679357715656,-1.6910003165941683,0.8295141687934119,6.114679357715656,0.9999999999998365,51,0,0.0,0
pareto_20210112,approach_a,10,6.114679357715656,-1.6910003165941683,0.8680552792434814,6.114679357715656,0.9999999999998365,67,0,0.0,0
pareto_20210112,approach_a,11,6.114679357715656,-1.6910003165941683,0.7474087522939361,5.007901563748517,0.8189965934074044,-1,0,0.0,0
pareto_20210112,approach_a,12,6.114679357715656,-1.6910003165941683,0.7208124276061709,5.007901563748517,0.8189965934074044,-1,0,0.0,0
pareto_20210112,approach_a,13,6.114679357715656,-1.6910003165941683,0.717089757981936,5.007901563748517,0.8189965934074044,-1,0,0.0,0
pareto_20210112,approach_a,14,6.114679357715656,-1.6910003165941683,0.6957665782423077,5.007901563748517,0.8189965934074044,-1,0,0.0,0
pareto_20210112,approach_a,15,6.114679357715656,-1.6910003165941683,0.8568454183049785,6.114679357715656,0.9999999999998365,30,0,0.0,0
pareto_20210112,approach_a,16,6.114679357715656,-1.6910003165941683,0.8582086582915024,5.007901563748517,0.8189965934074044,-1,0,0.0,0
pareto_20210112,approach_a,17,6.114679357715656,-1.6910003165941683,0.8218000160972285,6.114679357715656,0.9999999999998365,26,0,0.0,0
pareto_20210112,approach_a,18,6.114679357715656,-1.6910003165941683,0.8104055213023119,6.114679357715656,0.9999999999998365,54,0,0.0,0
pareto_20210112,approach_a,19,6.114679357715656,-1.6910003165941683,1.0,6.114679357715656,0.9999999999998365,0,0,0.0,0
pareto_20210112,approach_b,0,6.114679357715656,-1.6910003165941683,0.7203556112325765,5.007901563748517,0.8189965934074044,-1,2,0.2777777777777778,0
pareto_20210112,approach_b,1,6.114679357715656,-1.6910003165941683,0.7145759339927724,3.8867505271241742,0.6356425741636214,-1,2,0.2777777777777778,0
pareto_20210112,approach_b,2,6.114679357715656,-1.6910003165941683,0.685410478562688,3.8867505271241742,0.6356425741636214,-1,2,0.2777777777777778,0
pareto_20210112,approach_b,3,6.114679357715656,-1.6910003165941683,1.0,6.114679357715656,0.9999999999998365,0,4,0.5555555555555556,0
pareto_20210112,approach_b,4,6.114679357715656,-1.6910003165941683,0.7199749610311713,5.007901563748517,0.8189965934074044,-1,2,0.2777777777777778,0
pareto_20210112,approach_b,5,6.114679357715656,-1.6910003165941683,0.7895676219046516,5.007901563748517,0.8189965934074044,-1,4,0.5555555555555556,0
pareto_20210112,approach_b,6,6.114679357715656,-1.6910003165941683,0.8052148269902357,5.007901563748517,0.8189965934074044,-1,2,0.2777777777777778,0
pareto_20210112,approach_b,7,6.114679357715656,-1.6910003165941683,0.7535101179682372,5.007901563748517,0.8189965934074044,-1,2,0.2777777777777778,0
pareto_20210112,approach_b,8,6.114679357715656,-1.6910003165941683,0.8315049311251358,5.007901563748517,0.8189965934074044,-1,2,0.2777777777777778,0
pareto_20210112,approach_b,9,6.114679357715656,-1.6910003165941683,0.7073191241815393,5.007901563748517,0.8189965934074044,-1,2,0.2777777777777778,0
pareto_20210112,approach_b,10,6.114679357715656,-1.6910003165941683,0.8582086582915024,5.007901563748517,0.8189965934074044,-1,2,0.2777777777777778,0
pareto_20210112,approach_b,11,6.114679357715656,-1.6910003165941683,0.8825053739871905,6.114679357715656,0.9999999999998365,29,2,0.2777777777777778,0
pareto_20210112,approach_b,12,6.114679357715656,-1.6910003165941683,0.7590402194718282,6.114679357715656,0.9999999999998365,52,2,0.2777777777777778,0
pareto_20210112,approach_b,13,6.114679357715656,-1.6910003165941683,0.5570198446866533,3.8867505271241742,0.6356425741636214,-1,2,0.2777777777777778,0
pareto_20210112,approach_b,14,6.114679357715656,-1.6910003165941683,0.7684088606521303,6.114679357715656,0.9999999999998365,32,4,0.5555555555555556,0
pareto_20210112,approach_b,15,6.114679357715656,-1.6910003165941683,0.781070645476091,5.007901563748517,0.8189965934074044,-1,2,0.2777777777777778,0
pareto_20210112,approach_b,16,6.114679357715656,-1.6910003165941683,0.8582086582915024,5.007901563748517,0.8189965934074044,-1,2,0.2777777777777778,0
pareto_20210112,approach_b,17,6.114679357715656,-1.6910003165941683,0.7216720853595346,6.114679357715656,0.9999999999998365,51,4,0.5555555555555556,0
pareto_20210112,approach_b,18,6.114679357715656,-1.6910003165941683,0.7057510581465957,6.114679357715656,0.9999999999998365,57,2,0.2777777777777778,0
pareto_20210112,approach_b,19,6.114679357715656,-1.6910003165941683,1.0,6.114679357715656,0.9999999999998365,0,2,0.2777777777777778,0
pareto_20210112,approach_c,0,6.114679357715656,-1.6910003165941683,0.8088033816019469,6.114679357715656,0.9999999999998365,32,0,0.0,0
pareto_20210112,approach_c,1,6.114679357715656,-1.6910003165941683,0.7624535087590157,5.007901563748517,0.8189965934074044,-1,0,0.0,0
pareto_20210112,approach_c,2,6.114679357715656,-1.6910003165941683,0.9654451650933886,6.114679357715656,0.9999999999998365,7,0,0.0,0
pareto_20210112,approach_c,3,6.114679357715656,-1.6910003165941683,1.0,6.114679357715656,0.9999999999998365,0,0,0.0,0
pareto_20210112,approach_c,4,6.114679357715656,-1.6910003165941683,0.6247665351561075,5.007901563748517,0.8189965934074044,-1,0,0.0,0
pareto_20210112,approach_c,5,6.114679357715656,-1.6910003165941683,0.8800987769475608,6.114679357715656,0.9999999999998365,18,0,0.0,0
pareto_20210112,approach_c,6,6.114679357715656,-1.6910003165941683,0.7216024259586381,6.114679357715656,0.9999999999998365,40,0,0.0,0
pareto_20210112,approach_c,7,6.114679357715656,-1.6910003165941683,0.9106015200118098,6.114679357715656,0.9999999999998365,15,0,0.0,0
pareto_20210112,approach_c,8,6.114679357715656,-1.6910003165941683,0.6939428908271572,6.114679357715656,0.9999999999998365,62,0,0.0,0
pareto_20210112,approach_c,9,6.114679357715656,-1.6910003165941683,0.7375177971108545,6.114679357715656,0.9999999999998365,41,0,0.0,0
pareto_20210112,approach_c,10,6.114679357715656,-1.6910003165941683,0.9054724388610017,6.114679357715656,0.9999999999998365,48,0,0.0,0
pareto_20210112,approach_c,11,6.114679357715656,-1.6910003165941683,0.7056009485230407,5.007901563748517,0.8189965934074044,-1,0,0.0,0
pareto_20210112,approach_c,12,6.114679357715656,-1.6910003165941683,0.6115312498643246,5.007901563748517,0.8189965934074044,-1,0,0.0,0
pareto_20210112,approach_c,13,6.114679357715656,-1.6910003165941683,0.5589795877923809,3.8867505271241742,0.6356425741636214,-1,0,0.0,0
pareto_20210112,approach_c,14,6.114679357715656,-1.6910003165941683,0.6287430744083599,3.4328742170248834,0.5614152461964559,-1,0,0.0,0
pareto_20210112,approach_c,15,6.114679357715656,-1.6910003165941683,0.80344242371456,5.007901563748517,0.8189965934074044,-1,0,0.0,0
pareto_20210112,approach_c,16,6.114679357715656,-1.6910003165941683,0.9350123017169386,6.114679357715656,0.9999999999998365,33,0,0.0,0
pareto_20210112,approach_c,17,6.114679357715656,-1.6910003165941683,0.6372529550416116,3.8867505271241742,0.6356425741636214,-1,0,0.0,0
pareto_20210112,approach_c,18,6.114679357715656,-1.6910003165941683,0.7336571208690484,5.007901563748517,0.8189965934074044,-1,0,0.0,0
pareto_20210112,approach_c,19,6.114679357715656,-1.6910003165941683,1.0,6.114679357715656,0.9999999999998365,0,0,0.0,0
