dataset,condition,seed,global_best,global_min,auc_best,final_best,final_best_normalised,steps_to_90pct,switch_count,switch_frequency,failure_count
coatings,fixed_ucb_high,0,4081245.0762726846,0.0,0.9279170040908802,3972786.146667793,0.9734250387864615,15,0,0.0,0
coatings,fixed_ucb_high,1,4081245.0762726846,0.0,0.9734250387864614,3972786.146667793,0.9734250387864615,0,0,0.0,0
coatings,fixed_ucb_high,2,4081245.0762726846,0.0,0.844562126835955,3849179.6928702956,0.9431385817157716,50,0,0.0,0
coatings,fixed_ucb_high,3,4081245.0762726846,0.0,0.8995723221352933,3860644.472341896,0.9459477194316744,9,0,0.0,0
coatings,fixed_ucb_high,4,4081245.0762726846,0.0,0.9734250387864614,3972786.146667793,0.9734250387864615,0,0,0.0,0
coatings,fixed_ucb_high,5,4081245.0762726846,0.0,0.9717609477386212,3972786.146667793,0.9734250387864615,0,0,0.0,0
coatings,fixed_ucb_high,6,4081245.0762726846,0.0,0.9641306518573397,4019112.594109251,0.9847760962641876,9,0,0.0,0
coatings,fixed_ucb_high,7,4081245.0762726846,0.0,0.9331654759473811,3972786.146667793,0.9734250387864615,23,0,0.0,0
coatings,fixed_ucb_high,8,4081245.0762726846,0.0,0.9557882269139664,3972786.146667793,0.9734250387864615,11,0,0.0,0
coatings,fixed_ucb_high,9,4081245.0762726846,0.0,0.8342362971727383,3849179.6928702956,0.9431385817157716,76,0,0.0,0
coatings,fixed_ucb_high,10,4081245.0762726846,0.0,0.8874025441781384,4019112.594109251,0.9847760962641876,36,0,0.0,0
coatings,fixed_ucb_high,11,4081245.0762726846,0.0,0.8215076511450429,3849179.6928702956,0.9431385817157716,56,0,0.0,0
coatings,fixed_ucb_high,12,4081245.0762726846,0.0,0.9149077599583189,3972786.146667793,0.9734250387864615,16,0,0.0,0
coatings,fixed_ucb_high,13,4081245.0762726846,0.0,0.8657596222948701,3849179.6928702956,0.9431385817157716,68,0,0.0,0
coatings,fixed_ucb_high,14,4081245.0762726846,0.0,0.9847760962641876,4019112.594109251,0.9847760962641876,0,0,0.0,0
coatings,fixed_ucb_high,15,4081245.0762726846,0.0,0.9305399589265415,4019112.594109251,0.9847760962641876,20,0,0.0,0
coatings,fixed_ucb_high,16,4081245.0762726846,0.0,0.886210703678275,3849179.6928702956,0.9431385817157716,31,0,0.0,0
coatings,fixed_ucb_high,17,4081245.0762726846,0.0,0.9618367135899123,4019112.594109251,0.9847760962641876,10,0,0.0,0
coatings,fixed_ucb_high,18,4081245.0762726846,0.0,0.8943486699627762,3849179.6928702956,0.9431385817157716,87,0,0.0,0
coatings,fixed_ucb_high,19,4081245.0762726846,0.0,0.914590427781854,3849179.6928702956,0.9431385817157716,8,0,0.0,0
coatings,ada_original,0,4081245.0762726846,0.0,0.9587849566026904,4019112.594109251,0.9847760962641876,6,1,0.1098901098901099,0
coatings,ada_original,1,4081245.0762726846,0.0,0.9734250387864614,3972786.146667793,0.9734250387864615,0,1,0.1098901098901099,0
coatings,ada_original,2,4081245.0762726846,0.0,0.8198828202272457,3972786.146667793,0.9734250387864615,40,1,0.1098901098901099,0
coatings,ada_original,3,4081245.0762726846,0.0,0.6973574255843233,3457048.293078129,0.8470572652391115,-1,1,0.1098901098901099,0
coatings,ada_original,4,4081245.0762726846,0.0,0.9807845156126795,4019112.594109251,0.9847760962641876,0,1,0.1098901098901099,0
coatings,ada_original,5,4081245.0762726846,0.0,0.9537887644219482,3972786.146667793,0.9734250387864615,0,1,0.1098901098901099,0
coatings,ada_original,6,4081245.0762726846,0.0,0.896928975860872,3972786.146667793,0.9734250387864615,44,1,0.1098901098901099,0
coatings,ada_original,7,4081245.0762726846,0.0,0.9696421587889045,4019112.594109251,0.9847760962641876,10,1,0.1098901098901099,0
coatings,ada_original,8,4081245.0762726846,0.0,0.9303018407757605,4019112.594109251,0.9847760962641876,7,1,0.1098901098901099,0
coatings,ada_original,9,4081245.0762726846,0.0,0.8413023835678116,4081245.0762726846,1.0,35,1,0.1098901098901099,0
coatings,ada_original,10,4081245.0762726846,0.0,0.8911841064027717,4019112.594109251,0.9847760962641876,38,1,0.1098901098901099,0
coatings,ada_original,11,4081245.0762726846,0.0,0.777751515121849,3849179.6928702956,0.9431385817157716,70,1,0.1098901098901099,0
coatings,ada_original,12,4081245.0762726846,0.0,0.8660420521383758,3972786.146667793,0.9734250387864615,50,1,0.1098901098901099,0
coatings,ada_original,13,4081245.0762726846,0.0,0.95258153384624,3972786.146667793,0.9734250387864615,13,1,0.1098901098901099,0
coatings,ada_original,14,4081245.0762726846,0.0,0.994813834991097,4081245.0762726846,1.0,0,1,0.1098901098901099,0
coatings,ada_original,15,4081245.0762726846,0.0,0.9368312694035599,3972786.146667793,0.9734250387864615,20,1,0.1098901098901099,0
coatings,ada_original,16,4081245.0762726846,0.0,0.9283096510784756,4081245.0762726846,1.0,27,1,0.1098901098901099,0
coatings,ada_original,17,4081245.0762726846,0.0,0.885618945254388,3972786.146667793,0.9734250387864615,47,1,0.1098901098901099,0
coatings,ada_original,18,4081245.0762726846,0.0,0.8921054556293051,3640900.9983031014,0.8921054556293051,-1,1,0.1098901098901099,0
coatings,ada_original,19,4081245.0762726846,0.0,0.8794653112634178,4019112.594109251,0.9847760962641876,46,1,0.1098901098901099,0
coatings,mock_approach_b,0,4081245.0762726846,0.0,0.812910774690655,4081245.0762726846,1.0,59,2,0.2197802197802198,0
coatings,mock_approach_b,1,4081245.0762726846,0.0,0.9802488879909662,4081245.0762726846,1.0,0,2,0.2197802197802198,0
coatings,mock_approach_b,2,4081245.0762726846,0.0,0.9149357291663944,4019112.594109251,0.9847760962641876,9,2,0.2197802197802198,0
coatings,mock_approach_b,3,4081245.0762726846,0.0,0.8689287974534797,4081245.0762726846,1.0,34,2,0.2197802197802198,0
coatings,mock_approach_b,4,4081245.0762726846,0.0,0.9734250387864614,3972786.146667793,0.9734250387864615,0,2,0.2197802197802198,0
coatings,mock_approach_b,5,4081245.0762726846,0.0,0.9624420378707168,3972786.146667793,0.9734250387864615,0,2,0.2197802197802198,0
coatings,mock_approach_b,6,4081245.0762726846,0.0,0.9473946223216464,3972786.146667793,0.9734250387864615,12,2,0.2197802197802198,0
coatings,mock_approach_b,7,4081245.0762726846,0.0,0.9418302352699612,3972786.146667793,0.9734250387864615,17,2,0.2197802197802198,0
coatings,mock_approach_b,8,4081245.0762726846,0.0,0.9038698853573426,4019112.594109251,0.9847760962641876,35,2,0.2197802197802198,0
coatings,mock_approach_b,9,4081245.0762726846,0.0,0.8733401703713681,4081245.0762726846,1.0,30,2,0.2197802197802198,0
coatings,mock_approach_b,10,4081245.0762726846,0.0,0.9464571926707073,4019112.594109251,0.9847760962641876,8,2,0.2197802197802198,0
coatings,mock_approach_b,11,4081245.0762726846,0.0,0.9248358831462326,4081245.0762726846,1.0,14,2,0.2197802197802198,0
coatings,mock_approach_b,12,4081245.0762726846,0.0,0.895415447430966,4019112.594109251,0.9847760962641876,22,2,0.2197802197802198,0
coatings,mock_approach_b,13,4081245.0762726846,0.0,0.9322569578277771,4081245.0762726846,1.0,32,2,0.2197802197802198,0
coatings,mock_approach_b,14,4081245.0762726846,0.0,0.993810061118406,4081245.0762726846,1.0,0,2,0.2197802197802198,0
coatings,mock_approach_b,15,4081245.0762726846,0.0,0.9327869789426647,4081245.0762726846,1.0,25,2,0.2197802197802198,0
coatings,mock_approach_b,16,4081245.0762726846,0.0,0.9077613059771472,4081245.0762726846,1.0,34,2,0.2197802197802198,0
coatings,mock_approach_b,17,4081245.0762726846,0.0,0.9133216857445451,4081245.0762726846,1.0,32,2,0.2197802197802198,0
coatings,mock_approach_b,18,4081245.0762726846,0.0,0.95641154776518,4081245.0762726846,1.0,25,2,0.2197802197802198,0
coatings,mock_approach_b,19,4081245.0762726846,0.0,0.9242435192564533,4081245.0762726846,1.0,32,2,0.2197802197802198,0
coatings,mock_approach_a,0,4081245.0762726846,0.0,0.9297771987392148,4019112.594109251,0.9847760962641876,15,0,0.0,0
coatings,mock_approach_a,1,4081245.0762726846,0.0,0.9829050428337931,4019112.594109251,0.9847760962641876,0,0,0.0,0
coatings,mock_approach_a,2,4081245.0762726846,0.0,0.9558183444807534,4081245.0762726846,1.0,9,0,0.0,0
coatings,mock_approach_a,3,4081245.0762726846,0.0,0.9310533207080545,4081245.0762726846,1.0,9,0,0.0,0
coatings,mock_approach_a,4,4081245.0762726846,0.0,0.9734250387864614,3972786.146667793,0.9734250387864615,0,0,0.0,0
coatings,mock_approach_a,5,4081245.0762726846,0.0,0.9789560682742978,4081245.0762726846,1.0,0,0,0.0,0
coatings,mock_approach_a,6,4081245.0762726846,0.0,0.8994489880072304,4019112.594109251,0.9847760962641876,36,0,0.0,0
coatings,mock_approach_a,7,4081245.0762726846,0.0,0.9620751900512631,4019112.594109251,0.9847760962641876,15,0,0.0,0
coatings,mock_approach_a,8,4081245.0762726846,0.0,0.9411990463479758,3972786.146667793,0.9734250387864615,17,0,0.0,0
coatings,mock_approach_a,9,4081245.0762726846,0.0,0.8583260850265422,3972786.146667793,0.9734250387864615,32,0,0.0,0
coatings,mock_approach_a,10,4081245.0762726846,0.0,0.9103419268524138,4019112.594109251,0.9847760962641876,26,0,0.0,0
coatings,mock_approach_a,11,4081245.0762726846,0.0,0.81970351625043,4019112.594109251,0.9847760962641876,38,0,0.0,0
coatings,mock_approach_a,12,4081245.0762726846,0.0,0.9652605642474584,4081245.0762726846,1.0,7,0,0.0,0
coatings,mock_approach_a,13,4081245.0762726846,0.0,0.9645108695472753,4019112.594109251,0.9847760962641876,6,0,0.0,0
coatings,mock_approach_a,14,4081245.0762726846,0.0,0.9847760962641876,4019112.594109251,0.9847760962641876,0,0,0.0,0
coatings,mock_approach_a,15,4081245.0762726846,0.0,0.9152394988301137,4019112.594109251,0.9847760962641876,35,0,0.0,0
coatings,mock_approach_a,16,4081245.0762726846,0.0,0.8941983407079075,3972786.146667793,0.9734250387864615,31,0,0.0,0
coatings,mock_approach_a,17,4081245.0762726846,0.0,0.9693650176350942,4081245.0762726846,1.0,10,0,0.0,0
coatings,mock_approach_a,18,4081245.0762726846,0.0,0.9542253356153253,4019112.594109251,0.9847760962641876,30,0,0.0,0
coatings,mock_approach_a,19,4081245.0762726846,0.0,0.9558696295997872,4081245.0762726846,1.0,8,0,0.0,0
coatings,fixed_random,0,4081245.0762726846,0.0,0.9587849566026904,4019112.594109251,0.9847760962641876,6,0,0.0,0
coatings,fixed_random,1,4081245.0762726846,0.0,0.9734250387864614,3972786.146667793,0.9734250387864615,0,0,0.0,0
coatings,fixed_random,2,4081245.0762726846,0.0,0.8198828202272457,3972786.146667793,0.9734250387864615,40,0,0.0,0
coatings,fixed_random,3,4081245.0762726846,0.0,0.7140047568071347,4019112.594109251,0.9847760962641876,80,0,0.0,0
coatings,fixed_random,4,4081245.0762726846,0.0,0.9807845156126795,4019112.594109251,0.9847760962641876,0,0,0.0,0
coatings,fixed_random,5,4081245.0762726846,0.0,0.9537887644219482,3972786.146667793,0.9734250387864615,0,0,0.0,0
coatings,fixed_random,6,4081245.0762726846,0.0,0.89755266033767,4019112.594109251,0.9847760962641876,44,0,0.0,0
coatings,fixed_random,7,4081245.0762726846,0.0,0.9696421587889045,4019112.594109251,0.9847760962641876,10,0,0.0,0
coatings,fixed_random,8,4081245.0762726846,0.0,0.9303018407757605,4019112.594109251,0.9847760962641876,7,0,0.0,0
coatings,fixed_random,9,4081245.0762726846,0.0,0.8413023835678116,4081245.0762726846,1.0,35,0,0.0,0
coatings,fixed_random,10,4081245.0762726846,0.0,0.8911841064027717,4019112.594109251,0.9847760962641876,38,0,0.0,0
coatings,fixed_random,11,4081245.0762726846,0.0,0.777751515121849,3849179.6928702956,0.9431385817157716,70,0,0.0,0
coatings,fixed_random,12,4081245.0762726846,0.0,0.8660420521383758,3972786.146667793,0.9734250387864615,50,0,0.0,0
coatings,fixed_random,13,4081245.0762726846,0.0,0.95258153384624,3972786.146667793,0.9734250387864615,13,0,0.0,0
coatings,fixed_random,14,4081245.0762726846,0.0,0.994813834991097,4081245.0762726846,1.0,0,0,0.0,0
coatings,fixed_random,15,4081245.0762726846,0.0,0.9368312694035599,3972786.146667793,0.9734250387864615,20,0,0.0,0
coatings,fixed_random,16,4081245.0762726846,0.0,0.9283096510784756,4081245.0762726846,1.0,27,0,0.0,0
coatings,fixed_random,17,4081245.0762726846,0.0,0.885618945254388,3972786.146667793,0.9734250387864615,47,0,0.0,0
coatings,fixed_random,18,4081245.0762726846,0.0,0.8921054556293051,3640900.9983031014,0.8921054556293051,-1,0,0.0,0
coatings,fixed_random,19,4081245.0762726846,0.0,0.8794653112634178,4019112.594109251,0.9847760962641876,46,0,0.0,0
coatings,fixed_lhs,0,4081245.0762726846,0.0,0.8124214269118538,3849179.6928702956,0.9431385817157716,69,0,0.0,0
coatings,fixed_lhs,1,4081245.0762726846,0.0,0.9775134943577751,4081245.0762726846,1.0,0,0,0.0,0
coatings,fixed_lhs,2,4081245.0762726846,0.0,0.8975072427026328,3972786.146667793,0.9734250387864615,9,0,0.0,0
coatings,fixed_lhs,3,4081245.0762726846,0.0,0.8217763560651845,3972786.146667793,0.9734250387864615,53,0,0.0,0
coatings,fixed_lhs,4,4081245.0762726846,0.0,0.9734250387864614,3972786.146667793,0.9734250387864615,0,0,0.0,0
coatings,fixed_lhs,5,4081245.0762726846,0.0,0.9431385817157717,3849179.6928702956,0.9431385817157716,0,0,0.0,0
coatings,fixed_lhs,6,4081245.0762726846,0.0,0.9473946223216464,3972786.146667793,0.9734250387864615,12,0,0.0,0
coatings,fixed_lhs,7,4081245.0762726846,0.0,0.9289384292938173,4081245.0762726846,1.0,17,0,0.0,0
coatings,fixed_lhs,8,4081245.0762726846,0.0,0.9114070224826861,3972786.146667793,0.9734250387864615,31,0,0.0,0
coatings,fixed_lhs,9,4081245.0762726846,0.0,0.8268788370131669,3849179.6928702956,0.9431385817157716,35,0,0.0,0
coatings,fixed_lhs,10,4081245.0762726846,0.0,0.9218733944341468,3849179.6928702956,0.9431385817157716,8,0,0.0,0
coatings,fixed_lhs,11,4081245.0762726846,0.0,0.9092334215880428,3972786.146667793,0.9734250387864615,14,0,0.0,0
coatings,fixed_lhs,12,4081245.0762726846,0.0,0.8886371436733812,3972786.146667793,0.9734250387864615,22,0,0.0,0
coatings,fixed_lhs,13,4081245.0762726846,0.0,0.8756209002208076,3972786.146667793,0.9734250387864615,61,0,0.0,0
coatings,fixed_lhs,14,4081245.0762726846,0.0,0.9847760962641876,4019112.594109251,0.9847760962641876,0,0,0.0,0
coatings,fixed_lhs,15,4081245.0762726846,0.0,0.9191950044847637,3972786.146667793,0.9734250387864615,25,0,0.0,0
coatings,fixed_lhs,16,4081245.0762726846,0.0,0.8648209422116566,3972786.146667793,0.9734250387864615,73,0,0.0,0
coatings,fixed_lhs,17,4081245.0762726846,0.0,0.8274464424782786,3849179.6928702956,0.9431385817157716,63,0,0.0,0
coatings,fixed_lhs,18,4081245.0762726846,0.0,0.9291184921315777,3849179.6928702956,0.9431385817157716,25,0,0.0,0
coatings,fixed_lhs,19,4081245.0762726846,0.0,0.864701275514745,3972786.146667793,0.9734250387864615,84,0,0.0,0
coatings,fixed_ei,0,4081245.0762726846,0.0,0.8890251757565747,4019112.594109251,0.9847760962641876,41,0,0.0,0
coatings,fixed_ei,1,4081245.0762726846,0.0,0.9792876728683639,4019112.594109251,0.9847760962641876,0,0,0.0,0
coatings,fixed_ei,2,4081245.0762726846,0.0,0.9465587447186687,4081245.0762726846,1.0,13,0,0.0,0
coatings,fixed_ei,3,4081245.0762726846,0.0,0.8811588266465207,4081245.0762726846,1.0,20,0,0.0,0
coatings,fixed_ei,4,4081245.0762726846,0.0,0.9821566214616354,4019112.594109251,0.9847760962641876,0,0,0.0,0
coatings,fixed_ei,5,4081245.0762726846,0.0,0.9808342140300081,4081245.0762726846,1.0,0,0,0.0,0
coatings,fixed_ei,6,4081245.0762726846,0.0,0.9621945830290134,4081245.0762726846,1.0,11,0,0.0,0
coatings,fixed_ei,7,4081245.0762726846,0.0,0.8915032104954512,3727653.643350795,0.9133618720969294,30,0,0.0,0
coatings,fixed_ei,8,4081245.0762726846,0.0,0.9496431769778986,4081245.0762726846,1.0,21,0,0.0,0
coatings,fixed_ei,9,4081245.0762726846,0.0,0.8692651203003776,3972786.146667793,0.9734250387864615,48,0,0.0,0
coatings,fixed_ei,10,4081245.0762726846,0.0,0.9166979367157306,4081245.0762726846,1.0,26,0,0.0,0
coatings,fixed_ei,11,4081245.0762726846,0.0,0.776406296791002,4081245.0762726846,1.0,54,0,0.0,0
coatings,fixed_ei,12,4081245.0762726846,0.0,0.9498643365976035,4019112.594109251,0.9847760962641876,9,0,0.0,0
coatings,fixed_ei,13,4081245.0762726846,0.0,0.9821065589925085,4081245.0762726846,1.0,9,0,0.0,0
coatings,fixed_ei,14,4081245.0762726846,0.0,0.9847760962641876,4019112.594109251,0.9847760962641876,0,0,0.0,0
coatings,fixed_ei,15,4081245.0762726846,0.0,0.9671456229034738,4019112.594109251,0.9847760962641876,6,0,0.0,0
coatings,fixed_ei,16,4081245.0762726846,0.0,0.9573651040039539,4081245.0762726846,1.0,17,0,0.0,0
coatings,fixed_ei,17,4081245.0762726846,0.0,0.9819348843826254,4081245.0762726846,1.0,7,0,0.0,0
coatings,fixed_ei,18,4081245.0762726846,0.0,0.9844536983954462,4081245.0762726846,1.0,5,0,0.0,0
coatings,fixed_ei,19,4081245.0762726846,0.0,0.9454191872995849,4081245.0762726846,1.0,16,0,0.0,0
coatings,fixed_ucb_low,0,4081245.0762726846,0.0,0.859870855339079,4019112.594109251,0.9847760962641876,60,0,0.0,0
coatings,fixed_ucb_low,1,4081245.0762726846,0.0,0.9829050428337931,4019112.594109251,0.9847760962641876,0,0,0.0,0
coatings,fixed_ucb_low,2,4081245.0762726846,0.0,0.9558183444807534,4081245.0762726846,1.0,9,0,0.0,0
coatings,fixed_ucb_low,3,4081245.0762726846,0.0,0.7089831352247101,3457048.293078129,0.8470572652391115,-1,0,0.0,0
coatings,fixed_ucb_low,4,4081245.0762726846,0.0,0.983279253519872,4019112.594109251,0.9847760962641876,0,0,0.0,0
coatings,fixed_ucb_low,5,4081245.0762726846,0.0,0.9774149410404884,4019112.594109251,0.9847760962641876,0,0,0.0,0
coatings,fixed_ucb_low,6,4081245.0762726846,0.0,0.944245622933329,4081245.0762726846,1.0,17,0,0.0,0
coatings,fixed_ucb_low,7,4081245.0762726846,0.0,0.9801740515136673,4081245.0762726846,1.0,11,0,0.0,0
coatings,fixed_ucb_low,8,4081245.0762726846,0.0,0.9508142464960381,4081245.0762726846,1.0,21,0,0.0,0
coatings,fixed_ucb_low,9,4081245.0762726846,0.0,0.8878489236368687,4019112.594109251,0.9847760962641876,34,0,0.0,0
coatings,fixed_ucb_low,10,4081245.0762726846,0.0,0.9273821203403849,4081245.0762726846,1.0,27,0,0.0,0
coatings,fixed_ucb_low,11,4081245.0762726846,0.0,0.790960024500181,4081245.0762726846,1.0,52,0,0.0,0
coatings,fixed_ucb_low,12,4081245.0762726846,0.0,0.9511583550137063,4081245.0762726846,1.0,14,0,0.0,0
coatings,fixed_ucb_low,13,4081245.0762726846,0.0,0.9630140268029597,4019112.594109251,0.9847760962641876,6,0,0.0,0
coatings,fixed_ucb_low,14,4081245.0762726846,0.0,0.9847760962641876,4019112.594109251,0.9847760962641876,0,0,0.0,0
coatings,fixed_ucb_low,15,4081245.0762726846,0.0,0.9445853828608854,4081245.0762726846,1.0,20,0,0.0,0
coatings,fixed_ucb_low,16,4081245.0762726846,0.0,0.95053591805894,4081245.0762726846,1.0,18,0,0.0,0
coatings,fixed_ucb_low,17,4081245.0762726846,0.0,0.9496672750315709,4019112.594109251,0.9847760962641876,14,0,0.0,0
coatings,fixed_ucb_low,18,4081245.0762726846,0.0,0.9937796957904724,4081245.0762726846,1.0,5,0,0.0,0
coatings,fixed_ucb_low,19,4081245.0762726846,0.0,0.9324726285665508,4081245.0762726846,1.0,19,0,0.0,0
coatings,mock_approach_c,0,4081245.0762726846,0.0,0.9340066722017801,4019112.594109251,0.9847760962641876,13,0,0.0,0
coatings,mock_approach_c,1,4081245.0762726846,0.0,0.9734250387864614,3972786.146667793,0.9734250387864615,0,0,0.0,0
coatings,mock_approach_c,2,4081245.0762726846,0.0,0.8892526971926328,4081245.0762726846,1.0,33,0,0.0,0
coatings,mock_approach_c,3,4081245.0762726846,0.0,0.9191990403163844,4081245.0762726846,1.0,7,0,0.0,0
coatings,mock_approach_c,4,4081245.0762726846,0.0,0.9776660932286888,4019112.594109251,0.9847760962641876,0,0,0.0,0
coatings,mock_approach_c,5,4081245.0762726846,0.0,0.9715500690952776,4019112.594109251,0.9847760962641876,0,0,0.0,0
coatings,mock_approach_c,6,4081245.0762726846,0.0,0.969765097706026,4019112.594109251,0.9847760962641876,6,0,0.0,0
coatings,mock_approach_c,7,4081245.0762726846,0.0,0.9394033257021979,4019112.594109251,0.9847760962641876,28,0,0.0,0
coatings,mock_approach_c,8,4081245.0762726846,0.0,0.9286714576108058,4081245.0762726846,1.0,40,0,0.0,0
coatings,mock_approach_c,9,4081245.0762726846,0.0,0.8394470190919145,3849179.6928702956,0.9431385817157716,50,0,0.0,0
coatings,mock_approach_c,10,4081245.0762726846,0.0,0.9638870092336285,4081245.0762726846,1.0,11,0,0.0,0
coatings,mock_approach_c,11,4081245.0762726846,0.0,0.8580581375358376,3972786.146667793,0.9734250387864615,34,0,0.0,0
coatings,mock_approach_c,12,4081245.0762726846,0.0,0.8707278551919269,4081245.0762726846,1.0,40,0,0.0,0
coatings,mock_approach_c,13,4081245.0762726846,0.0,0.9552010086487923,4019112.594109251,0.9847760962641876,13,0,0.0,0
coatings,mock_approach_c,14,4081245.0762726846,0.0,0.9847760962641876,4019112.594109251,0.9847760962641876,0,0,0.0,0
coatings,mock_approach_c,15,4081245.0762726846,0.0,0.9102999389311736,4019112.594109251,0.9847760962641876,54,0,0.0,0
coatings,mock_approach_c,16,4081245.0762726846,0.0,0.9009099365178774,4019112.594109251,0.9847760962641876,40,0,0.0,0
coatings,mock_approach_c,17,4081245.0762726846,0.0,0.8970406725863408,4081245.0762726846,1.0,38,0,0.0,0
coatings,mock_approach_c,18,4081245.0762726846,0.0,0.966922168188041,4019112.594109251,0.9847760962641876,13,0,0.0,0
coatings,mock_approach_c,19,4081245.0762726846,0.0,0.9263617681693231,4019112.594109251,0.9847760962641876,23,0,0.0,0
coatings,approach_a,0,4081245.0762726846,0.0,0.9214443986017693,4019112.594109251,0.9847760962641876,9,0,0.0,0
coatings,approach_a,1,4081245.0762726846,0.0,0.9734250387864614,3972786.146667793,0.9734250387864615,0,0,0.0,0
coatings,approach_a,2,4081245.0762726846,0.0,0.8595000834231451,3972786.146667793,0.9734250387864615,61,0,0.0,0
coatings,approach_a,3,4081245.0762726846,0.0,0.8429144805893833,3972786.146667793,0.9734250387864615,22,0,0.0,0
coatings,approach_a,4,4081245.0762726846,0.0,0.9734250387864614,3972786.146667793,0.9734250387864615,0,0,0.0,0
coatings,approach_a,5,4081245.0762726846,0.0,0.9710953113194852,3972786.146667793,0.9734250387864615,0,0,0.0,0
coatings,approach_a,6,4081245.0762726846,0.0,0.9064109184657739,3849179.6928702956,0.9431385817157716,20,0,0.0,0
coatings,approach_a,7,4081245.0762726846,0.0,0.8732876591608859,3727653.643350795,0.9133618720969294,55,0,0.0,0
coatings,approach_a,8,4081245.0762726846,0.0,0.9635976113404687,3972786.146667793,0.9734250387864615,7,0,0.0,0
coatings,approach_a,9,4081245.0762726846,0.0,0.9187985990590531,4019112.594109251,0.9847760962641876,10,0,0.0,0
coatings,approach_a,10,4081245.0762726846,0.0,0.9567347646280109,4019112.594109251,0.9847760962641876,9,0,0.0,0
coatings,approach_a,11,4081245.0762726846,0.0,0.8754351853053054,3972786.146667793,0.9734250387864615,29,0,0.0,0
coatings,approach_a,12,4081245.0762726846,0.0,0.8771933035923488,3972786.146667793,0.9734250387864615,25,0,0.0,0
coatings,approach_a,13,4081245.0762726846,0.0,0.896464405161029,3972786.146667793,0.9734250387864615,48,0,0.0,0
coatings,approach_a,14,4081245.0762726846,0.0,0.9847760962641876,4019112.594109251,0.9847760962641876,0,0,0.0,0
coatings,approach_a,15,4081245.0762726846,0.0,0.9710124666596224,4019112.594109251,0.9847760962641876,6,0,0.0,0
coatings,approach_a,16,4081245.0762726846,0.0,0.9289937589776911,3972786.146667793,0.9734250387864615,6,0,0.0,0
coatings,approach_a,17,4081245.0762726846,0.0,0.8848326469069367,3972786.146667793,0.9734250387864615,43,0,0.0,0
coatings,approach_a,18,4081245.0762726846,0.0,0.9170403526980018,3972786.146667793,0.9734250387864615,59,0,0.0,0
coatings,approach_a,19,4081245.0762726846,0.0,0.9025055354569211,3972786.146667793,0.9734250387864615,32,0,0.0,0
coatings,approach_b,0,4081245.0762726846,0.0,0.8981832635010256,4081245.0762726846,1.0,33,1,0.1098901098901099,0
coatings,approach_b,1,4081245.0762726846,0.0,0.9809547506130349,4081245.0762726846,1.0,0,3,0.32967032967032966,0
coatings,approach_b,2,4081245.0762726846,0.0,0.8490482350435717,4081245.0762726846,1.0,42,2,0.2197802197802198,0
coatings,approach_b,3,4081245.0762726846,0.0,0.8087514669483719,4081245.0762726846,1.0,47,2,0.2197802197802198,0
coatings,approach_b,4,4081245.0762726846,0.0,0.9804338197658562,4081245.0762726846,1.0,0,3,0.32967032967032966,0
coatings,approach_b,5,4081245.0762726846,0.0,0.9594449955871234,4019112.594109251,0.9847760962641876,0,2,0.2197802197802198,0
coatings,approach_b,6,4081245.0762726846,0.0,0.9353241487365145,4081245.0762726846,1.0,26,4,0.4395604395604396,0
coatings,approach_b,7,4081245.0762726846,0.0,0.9487537731238658,4019112.594109251,0.9847760962641876,21,2,0.2197802197802198,0
coatings,approach_b,8,4081245.0762726846,0.0,0.9657286630637684,4081245.0762726846,1.0,15,4,0.4395604395604396,0
coatings,approach_b,9,4081245.0762726846,0.0,0.8094588080586674,4019112.594109251,0.9847760962641876,75,2,0.2197802197802198,0
coatings,approach_b,10,4081245.0762726846,0.0,0.9355998491735855,4081245.0762726846,1.0,16,4,0.4395604395604396,0
coatings,approach_b,11,4081245.0762726846,0.0,0.9302852655323484,4081245.0762726846,1.0,8,4,0.4395604395604396,0
coatings,approach_b,12,4081245.0762726846,0.0,0.9071773544691536,3972786.146667793,0.9734250387864615,28,2,0.2197802197802198,0
coatings,approach_b,13,4081245.0762726846,0.0,0.9052310462664354,4081245.0762726846,1.0,50,4,0.4395604395604396,0
coatings,approach_b,14,4081245.0762726846,0.0,0.9926389916002667,4081245.0762726846,1.0,0,4,0.4395604395604396,0
coatings,approach_b,15,4081245.0762726846,0.0,0.9268100828860519,4081245.0762726846,1.0,19,2,0.2197802197802198,0
coatings,approach_b,16,4081245.0762726846,0.0,0.9011964234739192,4019112.594109251,0.9847760962641876,36,1,0.1098901098901099,0
coatings,approach_b,17,4081245.0762726846,0.0,0.7924191488461657,3457048.293078129,0.8470572652391115,-1,2,0.2197802197802198,0
coatings,approach_b,18,4081245.0762726846,0.0,0.9448435087246685,4081245.0762726846,1.0,38,2,0.2197802197802198,0
coatings,approach_b,19,4081245.0762726846,0.0,0.9142201012682469,3972786.146667793,0.9734250387864615,10,4,0.4395604395604396,0
coatings,approach_c,0,4081245.0762726846,0.0,0.9484489872409693,4003186.157564925,0.9808737487582958,11,0,0.0,0
coatings,approach_c,1,4081245.0762726846,0.0,0.9755455660075751,4019112.594109251,0.9847760962641876,0,0,0.0,0
coatings,approach_c,2,4081245.0762726846,0.0,0.882648835436801,4019112.594109251,0.9847760962641876,28,0,0.0,0
coatings,approach_c,3,4081245.0762726846,0.0,0.8961916348031362,4019112.594109251,0.9847760962641876,20,0,0.0,0
coatings,approach_c,4,4081245.0762726846,0.0,0.9830297797291527,4019112.594109251,0.9847760962641876,0,0,0.0,0
coatings,approach_c,5,4081245.0762726846,0.0,0.995626044747367,4081245.0762726846,1.0,0,0,0.0,0
coatings,approach_c,6,4081245.0762726846,0.0,0.9686424656477896,4019112.594109251,0.9847760962641876,6,0,0.0,0
coatings,approach_c,7,4081245.0762726846,0.0,0.9456519017430879,3972786.146667793,0.9734250387864615,20,2,0.2197802197802198,2
coatings,approach_c,8,4081245.0762726846,0.0,0.941236619081244,3972786.146667793,0.9734250387864615,18,0,0.0,0
coatings,approach_c,9,4081245.0762726846,0.0,0.7118533654714397,3972786.146667793,0.9734250387864615,59,0,0.0,0
coatings,approach_c,10,4081245.0762726846,0.0,0.7283653295614952,3167159.286520947,0.7760277139282816,-1,0,0.0,0
coatings,approach_c,11,4081245.0762726846,0.0,0.9372936622358344,4019112.594109251,0.9847760962641876,12,0,0.0,0
coatings,approach_c,12,4081245.0762726846,0.0,0.932785067381125,4019112.594109251,0.9847760962641876,15,0,0.0,0
coatings,approach_c,13,4081245.0762726846,0.0,0.9541848803801032,3972786.146667793,0.9734250387864615,12,0,0.0,0
coatings,approach_c,14,4081245.0762726846,0.0,0.9847760962641876,4019112.594109251,0.9847760962641876,0,0,0.0,0
coatings,approach_c,15,4081245.0762726846,0.0,0.8619060098194579,3972786.146667793,0.9734250387864615,73,0,0.0,0
coatings,approach_c,16,4081245.0762726846,0.0,0.9066614415416322,4019112.594109251,0.9847760962641876,32,0,0.0,0
coatings,approach_c,17,4081245.0762726846,0.0,0.8922335400709839,3727653.643350795,0.9133618720969294,14,0,0.0,0
coatings,approach_c,18,4081245.0762726846,0.0,0.968482357251461,4019112.594109251,0.9847760962641876,16,0,0.0,0
coatings,approach_c,19,4081245.0762726846,0.0,0.9088603219070946,3849179.6928702956,0.9431385817157716,11,0,0.0,0
coatings,approach_d,0,4081245.0762726846,0.0,0.9193825509626985,4081245.0762726846,1.0,10,9,0.9890109890109889,0
coatings,approach_d,1,4081245.0762726846,0.0,0.9829050428337931,4019112.594109251,0.9847760962641876,0,0,0.0,0
coatings,approach_d,2,4081245.0762726846,0.0,0.9346110091381826,4081245.0762726846,1.0,6,2,0.2197802197802198,0
coatings,approach_d,3,4081245.0762726846,0.0,0.899540375763821,4081245.0762726846,1.0,18,3,0.32967032967032966,0
coatings,approach_d,4,4081245.0762726846,0.0,0.9830297797291527,4019112.594109251,0.9847760962641876,0,1,0.1098901098901099,0
coatings,approach_d,5,4081245.0762726846,0.0,0.9635215990549615,4019112.594109251,0.9847760962641876,0,8,0.8791208791208792,0
coatings,approach_d,6,4081245.0762726846,0.0,0.833788008400825,3457048.293078129,0.8470572652391115,-1,4,0.4395604395604396,0
coatings,approach_d,7,4081245.0762726846,0.0,0.9642668250233929,4019112.594109251,0.9847760962641876,8,2,0.2197802197802198,0
coatings,approach_d,8,4081245.0762726846,0.0,0.9564827581630377,4081245.0762726846,1.0,16,5,0.5494505494505495,0
coatings,approach_d,9,4081245.0762726846,0.0,0.9106542706509385,3972786.146667793,0.9734250387864615,15,6,0.6593406593406593,0
coatings,approach_d,10,4081245.0762726846,0.0,0.9215871416768038,4081245.0762726846,1.0,16,1,0.1098901098901099,0
coatings,approach_d,11,4081245.0762726846,0.0,0.92422108779392,3972786.146667793,0.9734250387864615,8,4,0.4395604395604396,0
coatings,approach_d,12,4081245.0762726846,0.0,0.9296530781745447,4081245.0762726846,1.0,17,4,0.4395604395604396,0
coatings,approach_d,13,4081245.0762726846,0.0,0.9553898697340598,4081245.0762726846,1.0,16,2,0.2197802197802198,0
coatings,approach_d,14,4081245.0762726846,0.0,0.9847760962641876,4019112.594109251,0.9847760962641876,0,1,0.1098901098901099,0
coatings,approach_d,15,4081245.0762726846,0.0,0.9539022264378502,3972786.146667793,0.9734250387864615,9,1,0.1098901098901099,0
coatings,approach_d,16,4081245.0762726846,0.0,0.967190174244264,4081245.0762726846,1.0,10,2,0.2197802197802198,0
coatings,approach_d,17,4081245.0762726846,0.0,0.9311127313890776,4019112.594109251,0.9847760962641876,21,4,0.4395604395604396,0
coatings,approach_d,18,4081245.0762726846,0.0,0.96910408598541,4019112.594109251,0.9847760962641876,10,2,0.2197802197802198,0
coatings,approach_d,19,4081245.0762726846,0.0,0.8569225340051068,4081245.0762726846,1.0,56,2,0.2197802197802198,0
coatings,novelty_egbo,0,4081245.0762726846,0.0,0.9341022925118192,4081245.0762726846,1.0,17,0,0.0,0
coatings,novelty_egbo,1,4081245.0762726846,0.0,0.9941960292241125,4081245.0762726846,1.0,0,0,0.0,0
coatings,novelty_egbo,2,4081245.0762726846,0.0,0.9571190331288255,4081245.0762726846,1.0,9,0,0.0,0
coatings,novelty_egbo,3,4081245.0762726846,0.0,0.91644586582232,4081245.0762726846,1.0,9,0,0.0,0
coatings,novelty_egbo,4,4081245.0762726846,0.0,0.9875159608258011,4081245.0762726846,1.0,0,0,0.0,0
coatings,novelty_egbo,5,4081245.0762726846,0.0,0.9857100040788687,4081245.0762726846,1.0,0,0,0.0,0
coatings,novelty_egbo,6,4081245.0762726846,0.0,0.9733348517119135,4081245.0762726846,1.0,9,0,0.0,0
coatings,novelty_egbo,7,4081245.0762726846,0.0,0.9670915645728635,4081245.0762726846,1.0,17,0,0.0,0
coatings,novelty_egbo,8,4081245.0762726846,0.0,0.9782573102554007,4081245.0762726846,1.0,9,0,0.0,0
coatings,novelty_egbo,9,4081245.0762726846,0.0,0.9225690812256576,4081245.0762726846,1.0,9,0,0.0,0
coatings,novelty_egbo,10,4081245.0762726846,0.0,0.9809082738699281,4081245.0762726846,1.0,5,0,0.0,0
coatings,novelty_egbo,11,4081245.0762726846,0.0,0.9385269850183832,4081245.0762726846,1.0,9,0,0.0,0
coatings,novelty_egbo,12,4081245.0762726846,0.0,0.9591022771375453,4081245.0762726846,1.0,9,0,0.0,0
coatings,novelty_egbo,13,4081245.0762726846,0.0,0.9317267235737833,4081245.0762726846,1.0,41,0,0.0,0
coatings,novelty_egbo,14,4081245.0762726846,0.0,0.993140878536612,4081245.0762726846,1.0,0,0,0.0,0
coatings,novelty_egbo,15,4081245.0762726846,0.0,0.9648282812239973,4081245.0762726846,1.0,13,0,0.0,0
coatings,novelty_egbo,16,4081245.0762726846,0.0,0.9646580462236418,4081245.0762726846,1.0,13,0,0.0,0
coatings,novelty_egbo,17,4081245.0762726846,0.0,0.9551535805728487,4081245.0762726846,1.0,17,0,0.0,0
coatings,novelty_egbo,18,4081245.0762726846,0.0,0.97582878083559,4081245.0762726846,1.0,17,0,0.0,0
coatings,novelty_egbo,19,4081245.0762726846,0.0,0.9451409032841742,4081245.0762726846,1.0,13,0,0.0,0
coatings,egbo,0,4081245.0762726846,0.0,0.9672151389973924,4081245.0762726846,1.0,5,0,0.0,0
coatings,egbo,1,4081245.0762726846,0.0,0.996033341969139,4081245.0762726846,1.0,0,0,0.0,0
coatings,egbo,2,4081245.0762726846,0.0,0.9570059302481378,4081245.0762726846,1.0,9,0,0.0,0
coatings,egbo,3,4081245.0762726846,0.0,0.95218048447661,4081245.0762726846,1.0,5,0,0.0,0
coatings,egbo,4,4081245.0762726846,0.0,0.9946949768055511,4081245.0762726846,1.0,0,0,0.0,0
coatings,egbo,5,4081245.0762726846,0.0,0.9892002099179344,4081245.0762726846,1.0,0,0,0.0,0
coatings,egbo,6,4081245.0762726846,0.0,0.9831797873634175,4081245.0762726846,1.0,5,0,0.0,0
coatings,egbo,7,4081245.0762726846,0.0,0.9756445425644813,4081245.0762726846,1.0,13,0,0.0,0
coatings,egbo,8,4081245.0762726846,0.0,0.9708941978700437,4081245.0762726846,1.0,9,0,0.0,0
coatings,egbo,9,4081245.0762726846,0.0,0.9571863828049348,4081245.0762726846,1.0,5,0,0.0,0
coatings,egbo,10,4081245.0762726846,0.0,0.9607400011542064,4081245.0762726846,1.0,17,0,0.0,0
coatings,egbo,11,4081245.0762726846,0.0,0.8937553975726884,4081245.0762726846,1.0,25,0,0.0,0
coatings,egbo,12,4081245.0762726846,0.0,0.9790850574989324,4081245.0762726846,1.0,5,0,0.0,0
coatings,egbo,13,4081245.0762726846,0.0,0.9838501285536476,4081245.0762726846,1.0,5,0,0.0,0
coatings,egbo,14,4081245.0762726846,0.0,0.9978251566091697,4081245.0762726846,1.0,0,0,0.0,0
coatings,egbo,15,4081245.0762726846,0.0,0.9825176971069395,4081245.0762726846,1.0,5,0,0.0,0
coatings,egbo,16,4081245.0762726846,0.0,0.9755982710647324,4081245.0762726846,1.0,9,0,0.0,0
coatings,egbo,17,4081245.0762726846,0.0,0.97517216445694,4081245.0762726846,1.0,9,0,0.0,0
coatings,egbo,18,4081245.0762726846,0.0,0.9922344155862541,4081245.0762726846,1.0,5,0,0.0,0
coatings,egbo,19,4081245.0762726846,0.0,0.9480475404289576,4081245.0762726846,1.0,17,0,0.0,0
pareto_20201218,fixed_ucb_high,0,5.44426438452636,-1.9304201262287157,0.616763674551812,5.44426438452636,0.9999999999998163,61,0,0.0,0
pareto_20201218,fixed_ucb_high,1,5.44426438452636,-1.9304201262287157,0.9590574489184204,5.44426438452636,0.9999999999998163,6,0,0.0,0
pareto_20201218,fixed_ucb_high,2,5.44426438452636,-1.9304201262287157,0.6445340955485092,3.31642191643393,0.6091588655869149,-1,0,0.0,0
pareto_20201218,fixed_ucb_high,3,5.44426438452636,-1.9304201262287157,1.0,5.44426438452636,0.9999999999998163,0,0,0.0,0
pareto_20201218,fixed_ucb_high,4,5.44426438452636,-1.9304201262287157,1.0,5.44426438452636,0.9999999999998163,0,0,0.0,0
pareto_20201218,fixed_ucb_high,5,5.44426438452636,-1.9304201262287157,0.675434768975031,3.31642191643393,0.6091588655869149,-1,0,0.0,0
pareto_20201218,fixed_ucb_high,6,5.44426438452636,-1.9304201262287157,0.875579707574556,5.44426438452636,0.9999999999998163,13,0,0.0,0
pareto_20201218,fixed_ucb_high,7,5.44426438452636,-1.9304201262287157,0.7895966837472466,5.44426438452636,0.9999999999998163,34,0,0.0,0
pareto_20201218,fixed_ucb_high,8,5.44426438452636,-1.9304201262287157,0.8268517649788105,5.44426438452636,0.9999999999998163,30,0,0.0,0
pareto_20201218,fixed_ucb_high,9,5.44426438452636,-1.9304201262287157,0.7984708256644077,5.44426438452636,0.9999999999998163,37,0,0.0,0
pareto_20201218,fixed_ucb_high,10,5.44426438452636,-1.9304201262287157,1.0,5.44426438452636,0.9999999999998163,0,0,0.0,0
pareto_20201218,fixed_ucb_high,11,5.44426438452636,-1.9304201262287157,0.7605531659479838,5.44426438452636,0.9999999999998163,46,0,0.0,0
pareto_20201218,fixed_ucb_high,12,5.44426438452636,-1.9304201262287157,0.6765676586279622,3.295055144471652,0.6052342266544262,-1,0,0.0,0
pareto_20201218,fixed_ucb_high,13,5.44426438452636,-1.9304201262287157,0.6995261662293254,5.44426438452636,0.9999999999998163,56,0,0.0,0
pareto_20201218,fixed_ucb_high,14,5.44426438452636,-1.9304201262287157,1.0,5.44426438452636,0.9999999999998163,0,0,0.0,0
pareto_20201218,fixed_ucb_high,15,5.44426438452636,-1.9304201262287157,0.7982356235815156,5.44426438452636,0.9999999999998163,31,0,0.0,0
pareto_20201218,fixed_ucb_high,16,5.44426438452636,-1.9304201262287157,0.8979035818783897,5.44426438452636,0.9999999999998163,23,0,0.0,0
pareto_20201218,fixed_ucb_high,17,5.44426438452636,-1.9304201262287157,0.798917061833223,5.44426438452636,0.9999999999998163,32,0,0.0,0
pareto_20201218,fixed_ucb_high,18,5.44426438452636,-1.9304201262287157,0.7730768888148312,5.44426438452636,0.9999999999998163,37,0,0.0,0
pareto_20201218,fixed_ucb_high,19,5.44426438452636,-1.9304201262287157,1.0,5.44426438452636,0.9999999999998163,0,0,0.0,0
pareto_20201218,mock_approach_b,0,5.44426438452636,-1.9304201262287157,0.6174343773525712,3.31642191643393,0.6091588655869149,-1,2,0.3076923076923077,0
pareto_20201218,mock_approach_b,1,5.44426438452636,-1.9304201262287157,0.7077818480013519,5.44426438452636,0.9999999999998163,61,2,0.3076923076923077,0
pareto_20201218,mock_approach_b,2,5.44426438452636,-1.9304201262287157,0.7551375582420055,5.44426438452636,0.9999999999998163,44,2,0.3076923076923077,0
pareto_20201218,mock_approach_b,3,5.44426438452636,-1.9304201262287157,1.0,5.44426438452636,0.9999999999998163,0,2,0.3076923076923077,0
pareto_20201218,mock_approach_b,4,5.44426438452636,-1.9304201262287157,1.0,5.44426438452636,0.9999999999998163,0,2,0.3076923076923077,0
pareto_20201218,mock_approach_b,5,5.44426438452636,-1.9304201262287157,0.6409386718171349,5.44426438452636,0.9999999999998163,50,2,0.3076923076923077,0
pareto_20201218,mock_approach_b,6,5.44426438452636,-1.9304201262287157,0.8669829204996968,5.44426438452636,0.9999999999998163,15,2,0.3076923076923077,0
pareto_20201218,mock_approach_b,7,5.44426438452636,-1.9304201262287157,0.6469188448880911,5.44426438452636,0.9999999999998163,54,2,0.3076923076923077,0
pareto_20201218,mock_approach_b,8,5.44426438452636,-1.9304201262287157,0.8638602658877488,5.44426438452636,0.9999999999998163,16,2,0.3076923076923077,0
pareto_20201218,mock_approach_b,9,5.44426438452636,-1.9304201262287157,0.5874841762793974,3.31642191643393,0.6091588655869149,-1,2,0.3076923076923077,0
pareto_20201218,mock_approach_b,10,5.44426438452636,-1.9304201262287157,1.0,5.44426438452636,0.9999999999998163,0,2,0.3076923076923077,0
pareto_20201218,mock_approach_b,11,5.44426438452636,-1.9304201262287157,0.6814360311711898,3.295055144471652,0.6052342266544262,-1,2,0.3076923076923077,0
pareto_20201218,mock_approach_b,12,5.44426438452636,-1.9304201262287157,0.8762641381049563,5.44426438452636,0.9999999999998163,14,2,0.3076923076923077,0
pareto_20201218,mock_approach_b,13,5.44426438452636,-1.9304201262287157,0.8545842619415271,5.44426438452636,0.9999999999998163,19,2,0.3076923076923077,0
pareto_20201218,mock_approach_b,14,5.44426438452636,-1.9304201262287157,1.0,5.44426438452636,0.9999999999998163,0,2,0.3076923076923077,0
pareto_20201218,mock_approach_b,15,5.44426438452636,-1.9304201262287157,0.7272131210192695,5.44426438452636,0.9999999999998163,52,2,0.3076923076923077,0
pareto_20201218,mock_approach_b,16,5.44426438452636,-1.9304201262287157,0.8135630625605376,5.44426438452636,0.9999999999998163,42,2,0.3076923076923077,0
pareto_20201218,mock_approach_b,17,5.44426438452636,-1.9304201262287157,0.5616320775192858,3.295055144471652,0.6052342266544262,-1,2,0.3076923076923077,0
pareto_20201218,mock_approach_b,18,5.44426438452636,-1.9304201262287157,0.5806126957631667,3.295055144471652,0.6052342266544262,-1,2,0.3076923076923077,0
pareto_20201218,mock_approach_b,19,5.44426438452636,-1.9304201262287157,1.0,5.44426438452636,0.9999999999998163,0,2,0.3076923076923077,0
pareto_20201218,mock_approach_a,0,5.44426438452636,-1.9304201262287157,0.44595703859731833,2.173265080528347,0.3991843391560451,-1,0,0.0,0
pareto_20201218,mock_approach_a,1,5.44426438452636,-1.9304201262287157,0.9590574489184204,5.44426438452636,0.9999999999998163,6,0,0.0,0
pareto_20201218,mock_approach_a,2,5.44426438452636,-1.9304201262287157,0.6636406761826532,5.44426438452636,0.9999999999998163,48,0,0.0,0
pareto_20201218,mock_approach_a,3,5.44426438452636,-1.9304201262287157,1.0,5.44426438452636,0.9999999999998163,0,0,0.0,0
pareto_20201218,mock_approach_a,4,5.44426438452636,-1.9304201262287157,1.0,5.44426438452636,0.9999999999998163,0,0,0.0,0
pareto_20201218,mock_approach_a,5,5.44426438452636,-1.9304201262287157,0.8396768329097956,5.44426438452636,0.9999999999998163,28,0,0.0,0
pareto_20201218,mock_approach_a,6,5.44426438452636,-1.9304201262287157,0.875579707574556,5.44426438452636,0.9999999999998163,13,0,0.0,0
pareto_20201218,mock_approach_a,7,5.44426438452636,-1.9304201262287157,0.7133763549523809,5.44426438452636,0.9999999999998163,51,0,0.0,0
pareto_20201218,mock_approach_a,8,5.44426438452636,-1.9304201262287157,0.7999504724629757,5.44426438452636,0.9999999999998163,36,0,0.0,0
pareto_20201218,mock_approach_a,9,5.44426438452636,-1.9304201262287157,0.6842283377238083,5.44426438452636,0.9999999999998163,51,0,0.0,0
pareto_20201218,mock_approach_a,10,5.44426438452636,-1.9304201262287157,1.0,5.44426438452636,0.9999999999998163,0,0,0.0,0
pareto_20201218,mock_approach_a,11,5.44426438452636,-1.9304201262287157,0.6467115030198556,3.31642191643393,0.6091588655869149,-1,0,0.0,0
pareto_20201218,mock_approach_a,12,5.44426438452636,-1.9304201262287157,0.7794249237177973,5.44426438452636,0.9999999999998163,39,0,0.0,0
pareto_20201218,mock_approach_a,13,5.44426438452636,-1.9304201262287157,0.5855585198671795,3.31642191643393,0.6091588655869149,-1,0,0.0,0
pareto_20201218,mock_approach_a,14,5.44426438452636,-1.9304201262287157,1.0,5.44426438452636,0.9999999999998163,0,0,0.0,0
pareto_20201218,mock_approach_a,15,5.44426438452636,-1.9304201262287157,0.7825736491558083,5.44426438452636,0.9999999999998163,37,0,0.0,0
pareto_20201218,mock_approach_a,16,5.44426438452636,-1.9304201262287157,0.8401969107661751,5.44426438452636,0.9999999999998163,36,0,0.0,0
pareto_20201218,mock_approach_a,17,5.44426438452636,-1.9304201262287157,0.7361473792962748,5.44426438452636,0.9999999999998163,46,0,0.0,0
pareto_20201218,mock_approach_a,18,5.44426438452636,-1.9304201262287157,0.7327928661461859,5.44426438452636,0.9999999999998163,45,0,0.0,0
pareto_20201218,mock_approach_a,19,5.44426438452636,-1.9304201262287157,1.0,5.44426438452636,0.9999999999998163,0,0,0.0,0
pareto_20201218,fixed_random,0,5.44426438452636,-1.9304201262287157,0.6037074502891929,5.44426438452636,0.9999999999998163,57,0,0.0,0
pareto_20201218,fixed_random,1,5.44426438452636,-1.9304201262287157,0.8477524884705564,5.44426438452636,0.9999999999998163,30,0,0.0,0
pareto_20201218,fixed_random,2,5.44426438452636,-1.9304201262287157,0.5244070338662313,2.1685893784688846,0.39832550833351,-1,0,0.0,0
pareto_20201218,fixed_random,3,5.44426438452636,-1.9304201262287157,1.0,5.44426438452636,0.9999999999998163,0,0,0.0,0
pareto_20201218,fixed_random,4,5.44426438452636,-1.9304201262287157,1.0,5.44426438452636,0.9999999999998163,0,0,0.0,0
pareto_20201218,fixed_random,5,5.44426438452636,-1.9304201262287157,0.9318306855754303,5.44426438452636,0.9999999999998163,6,0,0.0,0
pareto_20201218,fixed_random,6,5.44426438452636,-1.9304201262287157,0.8447826711263275,5.44426438452636,0.9999999999998163,17,0,0.0,0
pareto_20201218,fixed_random,7,5.44426438452636,-1.9304201262287157,0.6613280254844205,3.31642191643393,0.6091588655869149,-1,0,0.0,0
pareto_20201218,fixed_random,8,5.44426438452636,-1.9304201262287157,0.8673534246122961,5.44426438452636,0.9999999999998163,13,0,0.0,0
pareto_20201218,fixed_random,9,5.44426438452636,-1.9304201262287157,0.9124767502125531,5.44426438452636,0.9999999999998163,10,0,0.0,0
pareto_20201218,fixed_random,10,5.44426438452636,-1.9304201262287157,1.0,5.44426438452636,0.9999999999998163,0,0,0.0,0
pareto_20201218,fixed_random,11,5.44426438452636,-1.9304201262287157,0.8398862959344838,5.44426438452636,0.9999999999998163,25,0,0.0,0
pareto_20201218,fixed_random,12,5.44426438452636,-1.9304201262287157,0.8913374050531994,5.44426438452636,0.9999999999998163,12,0,0.0,0
pareto_20201218,fixed_random,13,5.44426438452636,-1.9304201262287157,0.8793998464243227,5.44426438452636,0.9999999999998163,15,0,0.0,0
pareto_20201218,fixed_random,14,5.44426438452636,-1.9304201262287157,1.0,5.44426438452636,0.9999999999998163,0,0,0.0,0
pareto_20201218,fixed_random,15,5.44426438452636,-1.9304201262287157,0.7446148587103942,5.44426438452636,0.9999999999998163,35,0,0.0,0
pareto_20201218,fixed_random,16,5.44426438452636,-1.9304201262287157,0.7114666444389273,3.31642191643393,0.6091588655869149,-1,0,0.0,0
pareto_20201218,fixed_random,17,5.44426438452636,-1.9304201262287157,0.7533039853680216,5.44426438452636,0.9999999999998163,33,0,0.0,0
pareto_20201218,fixed_random,18,5.44426438452636,-1.9304201262287157,0.7957516019750474,5.44426438452636,0.9999999999998163,31,0,0.0,0
pareto_20201218,fixed_random,19,5.44426438452636,-1.9304201262287157,1.0,5.44426438452636,0.9999999999998163,0,0,0.0,0
pareto_20201218,fixed_lhs,0,5.44426438452636,-1.9304201262287157,0.6839628270843303,5.44426438452636,0.9999999999998163,43,0,0.0,0
pareto_20201218,fixed_lhs,1,5.44426438452636,-1.9304201262287157,0.6898476529907954,3.295055144471652,0.6052342266544262,-1,0,0.0,0
pareto_20201218,fixed_lhs,2,5.44426438452636,-1.9304201262287157,0.8627427283053452,5.44426438452636,0.9999999999998163,20,0,0.0,0
pareto_20201218,fixed_lhs,3,5.44426438452636,-1.9304201262287157,1.0,5.44426438452636,0.9999999999998163,0,0,0.0,0
pareto_20201218,fixed_lhs,4,5.44426438452636,-1.9304201262287157,1.0,5.44426438452636,0.9999999999998163,0,0,0.0,0
pareto_20201218,fixed_lhs,5,5.44426438452636,-1.9304201262287157,0.7949633710458691,5.44426438452636,0.9999999999998163,22,0,0.0,0
pareto_20201218,fixed_lhs,6,5.44426438452636,-1.9304201262287157,0.8669829204996968,5.44426438452636,0.9999999999998163,15,0,0.0,0
pareto_20201218,fixed_lhs,7,5.44426438452636,-1.9304201262287157,0.7229227945868548,5.44426438452636,0.9999999999998163,36,0,0.0,0
pareto_20201218,fixed_lhs,8,5.44426438452636,-1.9304201262287157,0.8638602658877488,5.44426438452636,0.9999999999998163,16,0,0.0,0
pareto_20201218,fixed_lhs,9,5.44426438452636,-1.9304201262287157,0.6302424987001319,5.44426438452636,0.9999999999998163,48,0,0.0,0
pareto_20201218,fixed_lhs,10,5.44426438452636,-1.9304201262287157,1.0,5.44426438452636,0.9999999999998163,0,0,0.0,0
pareto_20201218,fixed_lhs,11,5.44426438452636,-1.9304201262287157,0.8293931400082818,5.44426438452636,0.9999999999998163,32,0,0.0,0
pareto_20201218,fixed_lhs,12,5.44426438452636,-1.9304201262287157,0.8762641381049563,5.44426438452636,0.9999999999998163,14,0,0.0,0
pareto_20201218,fixed_lhs,13,5.44426438452636,-1.9304201262287157,0.8545842619415271,5.44426438452636,0.9999999999998163,19,0,0.0,0
pareto_20201218,fixed_lhs,14,5.44426438452636,-1.9304201262287157,1.0,5.44426438452636,0.9999999999998163,0,0,0.0,0
pareto_20201218,fixed_lhs,15,5.44426438452636,-1.9304201262287157,0.8437853885878873,5.44426438452636,0.9999999999998163,26,0,0.0,0
pareto_20201218,fixed_lhs,16,5.44426438452636,-1.9304201262287157,0.7114666444389273,3.31642191643393,0.6091588655869149,-1,0,0.0,0
pareto_20201218,fixed_lhs,17,5.44426438452636,-1.9304201262287157,0.797373161809745,5.44426438452636,0.9999999999998163,25,0,0.0,0
pareto_20201218,fixed_lhs,18,5.44426438452636,-1.9304201262287157,0.6731736887300682,5.44426438452636,0.9999999999998163,47,0,0.0,0
pareto_20201218,fixed_lhs,19,5.44426438452636,-1.9304201262287157,1.0,5.44426438452636,0.9999999999998163,0,0,0.0,0
pareto_20201218,fixed_ei,0,5.44426438452636,-1.9304201262287157,0.5714866663479807,3.31642191643393,0.6091588655869149,-1,0,0.0,0
pareto_20201218,fixed_ei,1,5.44426438452636,-1.9304201262287157,0.9590574489184204,5.44426438452636,0.9999999999998163,6,0,0.0,0
pareto_20201218,fixed_ei,2,5.44426438452636,-1.9304201262287157,0.6392707022635981,3.31642191643393,0.6091588655869149,-1,0,0.0,0
pareto_20201218,fixed_ei,3,5.44426438452636,-1.9304201262287157,1.0,5.44426438452636,0.9999999999998163,0,0,0.0,0
pareto_20201218,fixed_ei,4,5.44426438452636,-1.9304201262287157,1.0,5.44426438452636,0.9999999999998163,0,0,0.0,0
pareto_20201218,fixed_ei,5,5.44426438452636,-1.9304201262287157,0.675434768975031,3.31642191643393,0.6091588655869149,-1,0,0.0,0
pareto_20201218,fixed_ei,6,5.44426438452636,-1.9304201262287157,0.875579707574556,5.44426438452636,0.9999999999998163,13,0,0.0,0
pareto_20201218,fixed_ei,7,5.44426438452636,-1.9304201262287157,0.6350536472275451,3.31642191643393,0.6091588655869149,-1,0,0.0,0
pareto_20201218,fixed_ei,8,5.44426438452636,-1.9304201262287157,0.6466707103068144,3.31642191643393,0.6091588655869149,-1,0,0.0,0
pareto_20201218,fixed_ei,9,5.44426438452636,-1.9304201262287157,0.6529260464395161,3.31642191643393,0.6091588655869149,-1,0,0.0,0
pareto_20201218,fixed_ei,10,5.44426438452636,-1.9304201262287157,1.0,5.44426438452636,0.9999999999998163,0,0,0.0,0
pareto_20201218,fixed_ei,11,5.44426438452636,-1.9304201262287157,0.6000770935236146,3.295055144471652,0.6052342266544262,-1,0,0.0,0
pareto_20201218,fixed_ei,12,5.44426438452636,-1.9304201262287157,0.5041681749745767,3.295055144471652,0.6052342266544262,-1,0,0.0,0
pareto_20201218,fixed_ei,13,5.44426438452636,-1.9304201262287157,0.8045933153472241,5.44426438452636,0.9999999999998163,21,0,0.0,0
pareto_20201218,fixed_ei,14,5.44426438452636,-1.9304201262287157,1.0,5.44426438452636,0.9999999999998163,0,0,0.0,0
pareto_20201218,fixed_ei,15,5.44426438452636,-1.9304201262287157,0.6593906667017018,5.44426438452636,0.9999999999998163,64,0,0.0,0
pareto_20201218,fixed_ei,16,5.44426438452636,-1.9304201262287157,0.7114666444389273,3.31642191643393,0.6091588655869149,-1,0,0.0,0
pareto_20201218,fixed_ei,17,5.44426438452636,-1.9304201262287157,0.589811637899008,3.31642191643393,0.6091588655869149,-1,0,0.0,0
pareto_20201218,fixed_ei,18,5.44426438452636,-1.9304201262287157,0.762803082319411,5.44426438452636,0.9999999999998163,34,0,0.0,0
pareto_20201218,fixed_ei,19,5.44426438452636,-1.9304201262287157,1.0,5.44426438452636,0.9999999999998163,0,0,0.0,0
pareto_20201218,fixed_ucb_low,0,5.44426438452636,-1.9304201262287157,0.44595703859731833,2.173265080528347,0.3991843391560451,-1,0,0.0,0
pareto_20201218,fixed_ucb_low,1,5.44426438452636,-1.9304201262287157,0.9590574489184204,5.44426438452636,0.9999999999998163,6,0,0.0,0
pareto_20201218,fixed_ucb_low,2,5.44426438452636,-1.9304201262287157,0.4961587668183162,3.31642191643393,0.6091588655869149,-1,0,0.0,0
pareto_20201218,fixed_ucb_low,3,5.44426438452636,-1.9304201262287157,1.0,5.44426438452636,0.9999999999998163,0,0,0.0,0
pareto_20201218,fixed_ucb_low,4,5.44426438452636,-1.9304201262287157,1.0,5.44426438452636,0.9999999999998163,0,0,0.0,0
pareto_20201218,fixed_ucb_low,5,5.44426438452636,-1.9304201262287157,0.8396768329097956,5.44426438452636,0.9999999999998163,28,0,0.0,0
pareto_20201218,fixed_ucb_low,6,5.44426438452636,-1.9304201262287157,0.875579707574556,5.44426438452636,0.9999999999998163,13,0,0.0,0
pareto_20201218,fixed_ucb_low,7,5.44426438452636,-1.9304201262287157,0.6378689486680985,3.31642191643393,0.6091588655869149,-1,0,0.0,0
pareto_20201218,fixed_ucb_low,8,5.44426438452636,-1.9304201262287157,0.6308924528615492,3.31642191643393,0.6091588655869149,-1,0,0.0,0
pareto_20201218,fixed_ucb_low,9,5.44426438452636,-1.9304201262287157,0.6301490609811089,3.295055144471652,0.6052342266544262,-1,0,0.0,0
pareto_20201218,fixed_ucb_low,10,5.44426438452636,-1.9304201262287157,1.0,5.44426438452636,0.9999999999998163,0,0,0.0,0
pareto_20201218,fixed_ucb_low,11,5.44426438452636,-1.9304201262287157,0.7644755154177703,5.44426438452636,0.9999999999998163,33,0,0.0,0
pareto_20201218,fixed_ucb_low,12,5.44426438452636,-1.9304201262287157,0.46237003422275214,1.9178547519686475,0.3522706864529219,-1,0,0.0,0
pareto_20201218,fixed_ucb_low,13,5.44426438452636,-1.9304201262287157,0.6701499146839989,5.44426438452636,0.9999999999998163,40,0,0.0,0
pareto_20201218,fixed_ucb_low,14,5.44426438452636,-1.9304201262287157,1.0,5.44426438452636,0.9999999999998163,0,0,0.0,0
pareto_20201218,fixed_ucb_low,15,5.44426438452636,-1.9304201262287157,0.6570342840819121,3.295055144471652,0.6052342266544262,-1,0,0.0,0
pareto_20201218,fixed_ucb_low,16,5.44426438452636,-1.9304201262287157,0.7114666444389273,3.31642191643393,0.6091588655869149,-1,0,0.0,0
pareto_20201218,fixed_ucb_low,17,5.44426438452636,-1.9304201262287157,0.4776359925077059,3.295055144471652,0.6052342266544262,-1,0,0.0,0
pareto_20201218,fixed_ucb_low,18,5.44426438452636,-1.9304201262287157,0.762803082319411,5.44426438452636,0.9999999999998163,34,0,0.0,0
pareto_20201218,fixed_ucb_low,19,5.44426438452636,-1.9304201262287157,1.0,5.44426438452636,0.9999999999998163,0,0,0.0,0
pareto_20201218,mock_approach_c,0,5.44426438452636,-1.9304201262287157,0.8872996997870245,5.44426438452636,0.9999999999998163,11,0,0.0,0
pareto_20201218,mock_approach_c,1,5.44426438452636,-1.9304201262287157,0.6277763407374332,3.31642191643393,0.6091588655869149,-1,0,0.0,0
pareto_20201218,mock_approach_c,2,5.44426438452636,-1.9304201262287157,0.8896044798989832,5.44426438452636,0.9999999999998163,11,0,0.0,0
pareto_20201218,mock_approach_c,3,5.44426438452636,-1.9304201262287157,1.0,5.44426438452636,0.9999999999998163,0,0,0.0,0
pareto_20201218,mock_approach_c,4,5.44426438452636,-1.9304201262287157,1.0,5.44426438452636,0.9999999999998163,0,0,0.0,0
pareto_20201218,mock_approach_c,5,5.44426438452636,-1.9304201262287157,0.6104877497951848,5.44426438452636,0.9999999999998163,59,0,0.0,0
pareto_20201218,mock_approach_c,6,5.44426438452636,-1.9304201262287157,0.7991221059425035,5.44426438452636,0.9999999999998163,18,0,0.0,0
pareto_20201218,mock_approach_c,7,5.44426438452636,-1.9304201262287157,0.616755429052224,3.31642191643393,0.6091588655869149,-1,0,0.0,0
pareto_20201218,mock_approach_c,8,5.44426438452636,-1.9304201262287157,0.7682629763212008,5.44426438452636,0.9999999999998163,28,0,0.0,0
pareto_20201218,mock_approach_c,9,5.44426438452636,-1.9304201262287157,0.6420076583883768,5.44426438452636,0.9999999999998163,56,0,0.0,0
pareto_20201218,mock_approach_c,10,5.44426438452636,-1.9304201262287157,1.0,5.44426438452636,0.9999999999998163,0,0,0.0,0
pareto_20201218,mock_approach_c,11,5.44426438452636,-1.9304201262287157,0.5657326611059502,2.5157953071410795,0.46210013501383007,-1,0,0.0,0
pareto_20201218,mock_approach_c,12,5.44426438452636,-1.9304201262287157,0.8856835333800184,5.44426438452636,0.9999999999998163,14,0,0.0,0
pareto_20201218,mock_approach_c,13,5.44426438452636,-1.9304201262287157,0.9434199267426533,5.44426438452636,0.9999999999998163,6,0,0.0,0
pareto_20201218,mock_approach_c,14,5.44426438452636,-1.9304201262287157,1.0,5.44426438452636,0.9999999999998163,0,0,0.0,0
pareto_20201218,mock_approach_c,15,5.44426438452636,-1.9304201262287157,0.679396176950535,3.31642191643393,0.6091588655869149,-1,0,0.0,0
pareto_20201218,mock_approach_c,16,5.44426438452636,-1.9304201262287157,0.7114666444389273,3.31642191643393,0.6091588655869149,-1,0,0.0,0
pareto_20201218,mock_approach_c,17,5.44426438452636,-1.9304201262287157,0.757714828754737,5.44426438452636,0.9999999999998163,33,0,0.0,0
pareto_20201218,mock_approach_c,18,5.44426438452636,-1.9304201262287157,0.7644755154177703,5.44426438452636,0.9999999999998163,33,0,0.0,0
pareto_20201218,mock_approach_c,19,5.44426438452636,-1.9304201262287157,1.0,5.44426438452636,0.9999999999998163,0,0,0.0,0
pareto_20201218,approach_a,0,5.44426438452636,-1.9304201262287157,0.8384483781469274,5.44426438452636,0.9999999999998163,26,0,0.0,0
pareto_20201218,approach_a,1,5.44426438452636,-1.9304201262287157,0.8119963070278716,5.44426438452636,0.9999999999998163,29,0,0.0,0
pareto_20201218,approach_a,2,5.44426438452636,-1.9304201262287157,0.860573673177477,5.44426438452636,0.9999999999998163,22,0,0.0,0
pareto_20201218,approach_a,3,5.44426438452636,-1.9304201262287157,1.0,5.44426438452636,0.9999999999998163,0,0,0.0,0
pareto_20201218,approach_a,4,5.44426438452636,-1.9304201262287157,1.0,5.44426438452636,0.9999999999998163,0,0,0.0,0
pareto_20201218,approach_a,5,5.44426438452636,-1.9304201262287157,0.6832168922941704,5.44426438452636,0.9999999999998163,60,0,0.0,0
pareto_20201218,approach_a,6,5.44426438452636,-1.9304201262287157,0.8166692884335831,5.44426438452636,0.9999999999998163,21,0,0.0,0
pareto_20201218,approach_a,7,5.44426438452636,-1.9304201262287157,0.6320423687841202,3.295055144471652,0.6052342266544262,-1,0,0.0,0
pareto_20201218,approach_a,8,5.44426438452636,-1.9304201262287157,0.7622659228105131,5.44426438452636,0.9999999999998163,36,0,0.0,0
pareto_20201218,approach_a,9,5.44426438452636,-1.9304201262287157,0.8414004630114064,5.44426438452636,0.9999999999998163,20,0,0.0,0
pareto_20201218,approach_a,10,5.44426438452636,-1.9304201262287157,1.0,5.44426438452636,0.9999999999998163,0,0,0.0,0
pareto_20201218,approach_a,11,5.44426438452636,-1.9304201262287157,0.9072176272857883,5.44426438452636,0.9999999999998163,13,0,0.0,0
pareto_20201218,approach_a,12,5.44426438452636,-1.9304201262287157,0.7529642249034046,5.44426438452636,0.9999999999998163,50,0,0.0,0
pareto_20201218,approach_a,13,5.44426438452636,-1.9304201262287157,0.842675873502107,5.44426438452636,0.9999999999998163,23,0,0.0,0
pareto_20201218,approach_a,14,5.44426438452636,-1.9304201262287157,1.0,5.44426438452636,0.9999999999998163,0,0,0.0,0
pareto_20201218,approach_a,15,5.44426438452636,-1.9304201262287157,0.850675228620007,5.44426438452636,0.9999999999998163,28,0,0.0,0
pareto_20201218,approach_a,16,5.44426438452636,-1.9304201262287157,0.8934646071774501,5.44426438452636,0.9999999999998163,24,0,0.0,0
pareto_20201218,approach_a,17,5.44426438452636,-1.9304201262287157,0.9547239187721664,5.44426438452636,0.9999999999998163,5,0,0.0,0
pareto_20201218,approach_a,18,5.44426438452636,-1.9304201262287157,0.7785668645504634,5.44426438452636,0.9999999999998163,34,0,0.0,0
pareto_20201218,approach_a,19,5.44426438452636,-1.9304201262287157,1.0,5.44426438452636,0.9999999999998163,0,0,0.0,0
pareto_20201218,approach_b,0,5.44426438452636,-1.9304201262287157,0.5900483533816061,3.31642191643393,0.6091588655869149,-1,2,0.3076923076923077,0
pareto_20201218,approach_b,1,5.44426438452636,-1.9304201262287157,0.6296520381569459,3.31642191643393,0.6091588655869149,-1,2,0.3076923076923077,0
pareto_20201218,approach_b,2,5.44426438452636,-1.9304201262287157,0.7936403330684225,5.44426438452636,0.9999999999998163,30,2,0.3076923076923077,0
pareto_20201218,approach_b,3,5.44426438452636,-1.9304201262287157,1.0,5.44426438452636,0.9999999999998163,0,2,0.3076923076923077,0
pareto_20201218,approach_b,4,5.44426438452636,-1.9304201262287157,1.0,5.44426438452636,0.9999999999998163,0,2,0.3076923076923077,0
pareto_20201218,approach_b,5,5.44426438452636,-1.9304201262287157,0.7973680521257264,5.44426438452636,0.9999999999998163,25,2,0.3076923076923077,0
pareto_20201218,approach_b,6,5.44426438452636,-1.9304201262287157,0.8021024857598595,5.44426438452636,0.9999999999998163,24,2,0.3076923076923077,0
pareto_20201218,approach_b,7,5.44426438452636,-1.9304201262287157,0.6637101334879356,3.31642191643393,0.6091588655869149,-1,4,0.6153846153846154,0
pareto_20201218,approach_b,8,5.44426438452636,-1.9304201262287157,0.7769389631917395,5.44426438452636,0.9999999999998163,34,2,0.3076923076923077,0
pareto_20201218,approach_b,9,5.44426438452636,-1.9304201262287157,0.8079685629543852,5.44426438452636,0.9999999999998163,25,2,0.3076923076923077,0
pareto_20201218,approach_b,10,5.44426438452636,-1.9304201262287157,1.0,5.44426438452636,0.9999999999998163,0,2,0.3076923076923077,0
pareto_20201218,approach_b,11,5.44426438452636,-1.9304201262287157,0.6359531848050698,3.31642191643393,0.6091588655869149,-1,2,0.3076923076923077,0
pareto_20201218,approach_b,12,5.44426438452636,-1.9304201262287157,0.8459795062317224,5.44426438452636,0.9999999999998163,23,2,0.3076923076923077,0
pareto_20201218,approach_b,13,5.44426438452636,-1.9304201262287157,0.8582325004425093,5.44426438452636,0.9999999999998163,25,2,0.3076923076923077,0
pareto_20201218,approach_b,14,5.44426438452636,-1.9304201262287157,1.0,5.44426438452636,0.9999999999998163,0,2,0.3076923076923077,0
pareto_20201218,approach_b,15,5.44426438452636,-1.9304201262287157,0.6753873685144859,3.31642191643393,0.6091588655869149,-1,2,0.3076923076923077,0
pareto_20201218,approach_b,16,5.44426438452636,-1.9304201262287157,0.915659480682148,5.44426438452636,0.9999999999998163,19,2,0.3076923076923077,0
pareto_20201218,approach_b,17,5.44426438452636,-1.9304201262287157,0.8653866225336554,5.44426438452636,0.9999999999998163,15,2,0.3076923076923077,0
pareto_20201218,approach_b,18,5.44426438452636,-1.9304201262287157,0.599462134686295,3.31642191643393,0.6091588655869149,-1,2,0.3076923076923077,0
pareto_20201218,approach_b,19,5.44426438452636,-1.9304201262287157,1.0,5.44426438452636,0.9999999999998163,0,2,0.3076923076923077,0
pareto_20201218,approach_c,0,5.44426438452636,-1.9304201262287157,0.8619563503760586,5.44426438452636,0.9999999999998163,14,0,0.0,0
pareto_20201218,approach_c,1,5.44426438452636,-1.9304201262287157,0.856701071214471,5.44426438452636,0.9999999999998163,21,0,0.0,0
pareto_20201218,approach_c,2,5.44426438452636,-1.9304201262287157,0.9213739876860484,5.44426438452636,0.9999999999998163,7,0,0.0,0
pareto_20201218,approach_c,3,5.44426438452636,-1.9304201262287157,1.0,5.44426438452636,0.9999999999998163,0,0,0.0,0
pareto_20201218,approach_c,4,5.44426438452636,-1.9304201262287157,1.0,5.44426438452636,0.9999999999998163,0,0,0.0,0
pareto_20201218,approach_c,5,5.44426438452636,-1.9304201262287157,0.8655590980231089,5.44426438452636,0.9999999999998163,14,0,0.0,0
pareto_20201218,approach_c,6,5.44426438452636,-1.9304201262287157,0.6501765965108277,5.44426438452636,0.9999999999998163,45,0,0.0,0
pareto_20201218,approach_c,7,5.44426438452636,-1.9304201262287157,0.6669907094515075,5.44426438452636,0.9999999999998163,47,0,0.0,0
pareto_20201218,approach_c,8,5.44426438452636,-1.9304201262287157,0.7211489845943622,5.44426438452636,0.9999999999998163,39,0,0.0,0
pareto_20201218,approach_c,9,5.44426438452636,-1.9304201262287157,0.8822905894216507,5.44426438452636,0.9999999999998163,13,0,0.0,0
pareto_20201218,approach_c,10,5.44426438452636,-1.9304201262287157,1.0,5.44426438452636,0.9999999999998163,0,0,0.0,0
pareto_20201218,approach_c,11,5.44426438452636,-1.9304201262287157,0.9143547328791892,5.44426438452636,0.9999999999998163,12,0,0.0,0
pareto_20201218,approach_c,12,5.44426438452636,-1.9304201262287157,0.8452138872037247,5.44426438452636,0.9999999999998163,19,0,0.0,0
pareto_20201218,approach_c,13,5.44426438452636,-1.9304201262287157,0.5396410519259971,2.5157953071410795,0.46210013501383007,-1,0,0.0,0
pareto_20201218,approach_c,14,5.44426438452636,-1.9304201262287157,1.0,5.44426438452636,0.9999999999998163,0,0,0.0,0
pareto_20201218,approach_c,15,5.44426438452636,-1.9304201262287157,0.932417734904091,5.44426438452636,0.9999999999998163,8,0,0.0,0
pareto_20201218,approach_c,16,5.44426438452636,-1.9304201262287157,0.7869292143549002,5.44426438452636,0.9999999999998163,48,0,0.0,0
pareto_20201218,approach_c,17,5.44426438452636,-1.9304201262287157,0.8121414162004894,5.44426438452636,0.9999999999998163,23,0,0.0,0
pareto_20201218,approach_c,18,5.44426438452636,-1.9304201262287157,0.6419612092528356,5.44426438452636,0.9999999999998163,51,0,0.0,0
pareto_20201218,approach_c,19,5.44426438452636,-1.9304201262287157,1.0,5.44426438452636,0.9999999999998163,0,0,0.0,0
pareto_20201218,approach_d,0,5.44426438452636,-1.9304201262287157,0.5949710446780593,3.295055144471652,0.6052342266544262,-1,4,0.6153846153846154,0
pareto_20201218,approach_d,1,5.44426438452636,-1.9304201262287157,0.7347945634008198,5.44426438452636,0.9999999999998163,49,3,0.46153846153846156,0
pareto_20201218,approach_d,2,5.44426438452636,-1.9304201262287157,0.6285360715311307,3.31642191643393,0.6091588655869149,-1,1,0.15384615384615385,0
pareto_20201218,approach_d,3,5.44426438452636,-1.9304201262287157,1.0,5.44426438452636,0.9999999999998163,0,1,0.15384615384615385,0
pareto_20201218,approach_d,4,5.44426438452636,-1.9304201262287157,1.0,5.44426438452636,0.9999999999998163,0,2,0.3076923076923077,0
pareto_20201218,approach_d,5,5.44426438452636,-1.9304201262287157,0.6435216958644897,3.295055144471652,0.6052342266544262,-1,7,1.076923076923077,0
pareto_20201218,approach_d,6,5.44426438452636,-1.9304201262287157,0.6324410656074818,3.31642191643393,0.6091588655869149,-1,7,1.076923076923077,0
pareto_20201218,approach_d,7,5.44426438452636,-1.9304201262287157,0.6585480494450064,3.295055144471652,0.6052342266544262,-1,1,0.15384615384615385,0
pareto_20201218,approach_d,8,5.44426438452636,-1.9304201262287157,0.637726081601428,3.295055144471652,0.6052342266544262,-1,2,0.3076923076923077,0
pareto_20201218,approach_d,9,5.44426438452636,-1.9304201262287157,0.8240818625722741,5.44426438452636,0.9999999999998163,20,2,0.3076923076923077,0
pareto_20201218,approach_d,10,5.44426438452636,-1.9304201262287157,1.0,5.44426438452636,0.9999999999998163,0,0,0.0,0
pareto_20201218,approach_d,11,5.44426438452636,-1.9304201262287157,0.6191914189725789,3.31642191643393,0.6091588655869149,-1,5,0.7692307692307693,0
pareto_20201218,approach_d,12,5.44426438452636,-1.9304201262287157,0.6649098158715697,3.31642191643393,0.6091588655869149,-1,3,0.46153846153846156,0
pareto_20201218,approach_d,13,5.44426438452636,-1.9304201262287157,0.6803614940430291,3.31642191643393,0.6091588655869149,-1,5,0.7692307692307693,0
pareto_20201218,approach_d,14,5.44426438452636,-1.9304201262287157,1.0,5.44426438452636,0.9999999999998163,0,0,0.0,0
pareto_20201218,approach_d,15,5.44426438452636,-1.9304201262287157,0.6753873685144859,3.31642191643393,0.6091588655869149,-1,7,1.076923076923077,0
pareto_20201218,approach_d,16,5.44426438452636,-1.9304201262287157,0.7114666444389273,3.31642191643393,0.6091588655869149,-1,3,0.46153846153846156,0
pareto_20201218,approach_d,17,5.44426438452636,-1.9304201262287157,0.6128217170036585,3.31642191643393,0.6091588655869149,-1,8,1.2307692307692308,0
pareto_20201218,approach_d,18,5.44426438452636,-1.9304201262287157,0.6712982739683988,3.31642191643393,0.6091588655869149,-1,7,1.076923076923077,0
pareto_20201218,approach_d,19,5.44426438452636,-1.9304201262287157,1.0,5.44426438452636,0.9999999999998163,0,0,0.0,0
pareto_20201218,novelty_egbo,0,5.44426438452636,-1.9304201262287157,0.712494732896712,5.44426438452636,0.9999999999998163,49,0,0.0,0
pareto_20201218,novelty_egbo,1,5.44426438452636,-1.9304201262287157,0.7324097795881629,5.44426438452636,0.9999999999998163,49,0,0.0,0
pareto_20201218,novelty_egbo,2,5.44426438452636,-1.9304201262287157,0.7705241518829717,5.44426438452636,0.9999999999998163,33,0,0.0,0
pareto_20201218,novelty_egbo,3,5.44426438452636,-1.9304201262287157,1.0,5.44426438452636,0.9999999999998163,0,0,0.0,0
pareto_20201218,novelty_egbo,4,5.44426438452636,-1.9304201262287157,1.0,5.44426438452636,0.9999999999998163,0,0,0.0,0
pareto_20201218,novelty_egbo,5,5.44426438452636,-1.9304201262287157,0.7930543501957882,5.44426438452636,0.9999999999998163,29,0,0.0,0
pareto_20201218,novelty_egbo,6,5.44426438452636,-1.9304201262287157,0.8085082291535993,5.44426438452636,0.9999999999998163,33,0,0.0,0
pareto_20201218,novelty_egbo,7,5.44426438452636,-1.9304201262287157,0.7040844618146618,5.44426438452636,0.9999999999998163,57,0,0.0,0
pareto_20201218,novelty_egbo,8,5.44426438452636,-1.9304201262287157,0.6914359008666198,5.44426438452636,0.9999999999998163,57,0,0.0,0
pareto_20201218,novelty_egbo,9,5.44426438452636,-1.9304201262287157,0.8624556594069187,5.44426438452636,0.9999999999998163,25,0,0.0,0
pareto_20201218,novelty_egbo,10,5.44426438452636,-1.9304201262287157,1.0,5.44426438452636,0.9999999999998163,0,0,0.0,0
pareto_20201218,novelty_egbo,11,5.44426438452636,-1.9304201262287157,0.851335154204146,5.44426438452636,0.9999999999998163,21,0,0.0,0
pareto_20201218,novelty_egbo,12,5.44426438452636,-1.9304201262287157,0.9185030537898996,5.44426438452636,0.9999999999998163,9,0,0.0,0
pareto_20201218,novelty_egbo,13,5.44426438452636,-1.9304201262287157,0.9166290739699443,5.44426438452636,0.9999999999998163,9,0,0.0,0
pareto_20201218,novelty_egbo,14,5.44426438452636,-1.9304201262287157,1.0,5.44426438452636,0.9999999999998163,0,0,0.0,0
pareto_20201218,novelty_egbo,15,5.44426438452636,-1.9304201262287157,0.7108991661220025,5.44426438452636,0.9999999999998163,57,0,0.0,0
pareto_20201218,novelty_egbo,16,5.44426438452636,-1.9304201262287157,0.9600492276915438,5.44426438452636,0.9999999999998163,9,0,0.0,0
pareto_20201218,novelty_egbo,17,5.44426438452636,-1.9304201262287157,0.7476453933439027,5.44426438452636,0.9999999999998163,49,0,0.0,0
pareto_20201218,novelty_egbo,18,5.44426438452636,-1.9304201262287157,0.7942383094569389,5.44426438452636,0.9999999999998163,29,0,0.0,0
pareto_20201218,novelty_egbo,19,5.44426438452636,-1.9304201262287157,1.0,5.44426438452636,0.9999999999998163,0,0,0.0,0
pareto_20201218,egbo,0,5.44426438452636,-1.9304201262287157,0.8808294771487961,5.44426438452636,0.9999999999998163,17,0,0.0,0
pareto_20201218,egbo,1,5.44426438452636,-1.9304201262287157,0.7610271853400472,5.44426438452636,0.9999999999998163,49,0,0.0,0
pareto_20201218,egbo,2,5.44426438452636,-1.9304201262287157,0.7284076688726572,5.44426438452636,0.9999999999998163,49,0,0.0,0
pareto_20201218,egbo,3,5.44426438452636,-1.9304201262287157,1.0,5.44426438452636,0.9999999999998163,0,0,0.0,0
pareto_20201218,egbo,4,5.44426438452636,-1.9304201262287157,1.0,5.44426438452636,0.9999999999998163,0,0,0.0,0
pareto_20201218,egbo,5,5.44426438452636,-1.9304201262287157,0.9417732510314057,5.44426438452636,0.9999999999998163,5,0,0.0,0
pareto_20201218,egbo,6,5.44426438452636,-1.9304201262287157,0.6986945467509093,5.44426438452636,0.9999999999998163,53,0,0.0,0
pareto_20201218,egbo,7,5.44426438452636,-1.9304201262287157,0.7433850194728328,5.44426438452636,0.9999999999998163,49,0,0.0,0
pareto_20201218,egbo,8,5.44426438452636,-1.9304201262287157,0.7375646322073937,5.44426438452636,0.9999999999998163,49,0,0.0,0
pareto_20201218,egbo,9,5.44426438452636,-1.9304201262287157,0.7390558488146018,5.44426438452636,0.9999999999998163,53,0,0.0,0
pareto_20201218,egbo,10,5.44426438452636,-1.9304201262287157,1.0,5.44426438452636,0.9999999999998163,0,0,0.0,0
pareto_20201218,egbo,11,5.44426438452636,-1.9304201262287157,0.9357660496593918,5.44426438452636,0.9999999999998163,9,0,0.0,0
pareto_20201218,egbo,12,5.44426438452636,-1.9304201262287157,0.7214311695301588,5.44426438452636,0.9999999999998163,49,0,0.0,0
pareto_20201218,egbo,13,5.44426438452636,-1.9304201262287157,0.91512989011398,5.44426438452636,0.9999999999998163,9,0,0.0,0
pareto_20201218,egbo,14,5.44426438452636,-1.9304201262287157,1.0,5.44426438452636,0.9999999999998163,0,0,0.0,0
pareto_20201218,egbo,15,5.44426438452636,-1.9304201262287157,0.7617330126465222,5.44426438452636,0.9999999999998163,49,0,0.0,0
pareto_20201218,egbo,16,5.44426438452636,-1.9304201262287157,0.8535138348689939,5.44426438452636,0.9999999999998163,33,0,0.0,0
pareto_20201218,egbo,17,5.44426438452636,-1.9304201262287157,0.7594090319308249,5.44426438452636,0.9999999999998163,49,0,0.0,0
pareto_20201218,egbo,18,5.44426438452636,-1.9304201262287157,0.8215723601649776,5.44426438452636,0.9999999999998163,25,0,0.0,0
pareto_20201218,egbo,19,5.44426438452636,-1.9304201262287157,1.0,5.44426438452636,0.9999999999998163,0,0,0.0,0
pareto_20201223,fixed_ucb_high,0,4.667169677008169,-1.8162555193823233,0.6533529949129309,3.8324096192891406,0.8211421234946482,-1,0,0.0,0
pareto_20201223,fixed_ucb_high,1,4.667169677008169,-1.8162555193823233,0.8712470596277158,3.8324096192891406,0.8211421234946482,-1,0,0.0,0
pareto_20201223,fixed_ucb_high,2,4.667169677008169,-1.8162555193823233,0.7759940480004714,3.8324096192891406,0.8211421234946482,-1,0,0.0,0
pareto_20201223,fixed_ucb_high,3,4.667169677008169,-1.8162555193823233,0.8800407038842443,4.0186641917660895,0.8610495160615936,-1,0,0.0,0
pareto_20201223,fixed_ucb_high,4,4.667169677008169,-1.8162555193823233,0.8264451398658214,4.0186641917660895,0.8610495160615936,-1,0,0.0,0
pareto_20201223,fixed_ucb_high,5,4.667169677008169,-1.8162555193823233,0.8683866056462839,4.0186641917660895,0.8610495160615936,-1,0,0.0,0
pareto_20201223,fixed_ucb_high,6,4.667169677008169,-1.8162555193823233,0.7752775917472932,3.8324096192891406,0.8211421234946482,-1,0,0.0,0
pareto_20201223,fixed_ucb_high,7,4.667169677008169,-1.8162555193823233,0.8712470596277158,3.8324096192891406,0.8211421234946482,-1,0,0.0,0
pareto_20201223,fixed_ucb_high,8,4.667169677008169,-1.8162555193823233,1.0,4.667169677008169,0.9999999999997857,0,0,0.0,0
pareto_20201223,fixed_ucb_high,9,4.667169677008169,-1.8162555193823233,0.8999748642734217,4.0186641917660895,0.8610495160615936,-1,0,0.0,0
pareto_20201223,fixed_ucb_high,10,4.667169677008169,-1.8162555193823233,0.8899429324923818,4.0186641917660895,0.8610495160615936,-1,0,0.0,0
pareto_20201223,fixed_ucb_high,11,4.667169677008169,-1.8162555193823233,0.7929506774202949,3.8324096192891406,0.8211421234946482,-1,0,0.0,0
pareto_20201223,fixed_ucb_high,12,4.667169677008169,-1.8162555193823233,0.8328792889894311,3.8324096192891406,0.8211421234946482,-1,0,0.0,0
pareto_20201223,fixed_ucb_high,13,4.667169677008169,-1.8162555193823233,0.8105062257420289,3.8324096192891406,0.8211421234946482,-1,0,0.0,0
pareto_20201223,fixed_ucb_high,14,4.667169677008169,-1.8162555193823233,0.8431981092555786,3.8324096192891406,0.8211421234946482,-1,0,0.0,0
pareto_20201223,fixed_ucb_high,15,4.667169677008169,-1.8162555193823233,0.9094181818770019,4.667169677008169,0.9999999999997857,47,0,0.0,0
pareto_20201223,fixed_ucb_high,16,4.667169677008169,-1.8162555193823233,0.7426889217634498,3.8324096192891406,0.8211421234946482,-1,0,0.0,0
pareto_20201223,fixed_ucb_high,17,4.667169677008169,-1.8162555193823233,0.7431719202027331,3.8324096192891406,0.8211421234946482,-1,0,0.0,0
pareto_20201223,fixed_ucb_high,18,4.667169677008169,-1.8162555193823233,0.8340263514080241,3.8324096192891406,0.8211421234946482,-1,0,0.0,0
pareto_20201223,fixed_ucb_high,19,4.667169677008169,-1.8162555193823233,1.0,4.667169677008169,0.9999999999997857,0,0,0.0,0
pareto_20201223,mock_approach_b,0,4.667169677008169,-1.8162555193823233,0.7349713477567906,3.331895332389427,0.7139006213557213,-1,2,0.31746031746031744,0
pareto_20201223,mock_approach_b,1,4.667169677008169,-1.8162555193823233,0.8712470596277158,3.8324096192891406,0.8211421234946482,-1,2,0.31746031746031744,0
pareto_20201223,mock_approach_b,2,4.667169677008169,-1.8162555193823233,0.7955575147927801,3.8324096192891406,0.8211421234946482,-1,2,0.31746031746031744,0
pareto_20201223,mock_approach_b,3,4.667169677008169,-1.8162555193823233,0.9027471965711831,4.667169677008169,0.9999999999997857,29,2,0.31746031746031744,0
pareto_20201223,mock_approach_b,4,4.667169677008169,-1.8162555193823233,0.812956989336881,3.8324096192891406,0.8211421234946482,-1,2,0.31746031746031744,0
pareto_20201223,mock_approach_b,5,4.667169677008169,-1.8162555193823233,0.8592666676635197,3.8324096192891406,0.8211421234946482,-1,2,0.31746031746031744,0
pareto_20201223,mock_approach_b,6,4.667169677008169,-1.8162555193823233,0.8263387126721347,3.8324096192891406,0.8211421234946482,-1,2,0.31746031746031744,0
pareto_20201223,mock_approach_b,7,4.667169677008169,-1.8162555193823233,0.9300914435687334,4.667169677008169,0.9999999999997857,38,2,0.31746031746031744,0
pareto_20201223,mock_approach_b,8,4.667169677008169,-1.8162555193823233,1.0,4.667169677008169,0.9999999999997857,0,2,0.31746031746031744,0
pareto_20201223,mock_approach_b,9,4.667169677008169,-1.8162555193823233,0.8999748642734217,4.0186641917660895,0.8610495160615936,-1,2,0.31746031746031744,0
pareto_20201223,mock_approach_b,10,4.667169677008169,-1.8162555193823233,0.8739830410225455,4.0186641917660895,0.8610495160615936,-1,2,0.31746031746031744,0
pareto_20201223,mock_approach_b,11,4.667169677008169,-1.8162555193823233,0.8397468735770858,4.0186641917660895,0.8610495160615936,-1,2,0.31746031746031744,0
pareto_20201223,mock_approach_b,12,4.667169677008169,-1.8162555193823233,0.8374232502031441,4.0186641917660895,0.8610495160615936,-1,2,0.31746031746031744,0
pareto_20201223,mock_approach_b,13,4.667169677008169,-1.8162555193823233,0.8180683930873306,4.0186641917660895,0.8610495160615936,-1,2,0.31746031746031744,0
pareto_20201223,mock_approach_b,14,4.667169677008169,-1.8162555193823233,0.8307721069556725,3.8324096192891406,0.8211421234946482,-1,2,0.31746031746031744,0
pareto_20201223,mock_approach_b,15,4.667169677008169,-1.8162555193823233,0.8712470596277158,3.8324096192891406,0.8211421234946482,-1,2,0.31746031746031744,0
pareto_20201223,mock_approach_b,16,4.667169677008169,-1.8162555193823233,0.7520580190425947,3.8324096192891406,0.8211421234946482,-1,2,0.31746031746031744,0
pareto_20201223,mock_approach_b,17,4.667169677008169,-1.8162555193823233,0.769207039164184,3.8324096192891406,0.8211421234946482,-1,2,0.31746031746031744,0
pareto_20201223,mock_approach_b,18,4.667169677008169,-1.8162555193823233,0.8531782211718283,4.0186641917660895,0.8610495160615936,-1,2,0.31746031746031744,0
pareto_20201223,mock_approach_b,19,4.667169677008169,-1.8162555193823233,1.0,4.667169677008169,0.9999999999997857,0,2,0.31746031746031744,0
pareto_20201223,mock_approach_a,0,4.667169677008169,-1.8162555193823233,0.6768029873887633,4.0186641917660895,0.8610495160615936,-1,0,0.0,0
pareto_20201223,mock_approach_a,1,4.667169677008169,-1.8162555193823233,0.8712470596277158,3.8324096192891406,0.8211421234946482,-1,0,0.0,0
pareto_20201223,mock_approach_a,2,4.667169677008169,-1.8162555193823233,0.8116677077548551,3.8324096192891406,0.8211421234946482,-1,0,0.0,0
pareto_20201223,mock_approach_a,3,4.667169677008169,-1.8162555193823233,0.9645875353824874,4.667169677008169,0.9999999999997857,10,0,0.0,0
pareto_20201223,mock_approach_a,4,4.667169677008169,-1.8162555193823233,0.7669207370203068,3.8324096192891406,0.8211421234946482,-1,0,0.0,0
pareto_20201223,mock_approach_a,5,4.667169677008169,-1.8162555193823233,0.8592666676635197,3.8324096192891406,0.8211421234946482,-1,0,0.0,0
pareto_20201223,mock_approach_a,6,4.667169677008169,-1.8162555193823233,0.7663655544053397,3.8324096192891406,0.8211421234946482,-1,0,0.0,0
pareto_20201223,mock_approach_a,7,4.667169677008169,-1.8162555193823233,0.8712470596277158,3.8324096192891406,0.8211421234946482,-1,0,0.0,0
pareto_20201223,mock_approach_a,8,4.667169677008169,-1.8162555193823233,1.0,4.667169677008169,0.9999999999997857,0,0,0.0,0
pareto_20201223,mock_approach_a,9,4.667169677008169,-1.8162555193823233,0.8999748642734217,4.0186641917660895,0.8610495160615936,-1,0,0.0,0
pareto_20201223,mock_approach_a,10,4.667169677008169,-1.8162555193823233,0.8712470596277158,3.8324096192891406,0.8211421234946482,-1,0,0.0,0
pareto_20201223,mock_approach_a,11,4.667169677008169,-1.8162555193823233,0.8227261850003296,4.0186641917660895,0.8610495160615936,-1,0,0.0,0
pareto_20201223,mock_approach_a,12,4.667169677008169,-1.8162555193823233,0.8328792889894311,3.8324096192891406,0.8211421234946482,-1,0,0.0,0
pareto_20201223,mock_approach_a,13,4.667169677008169,-1.8162555193823233,0.8105062257420289,3.8324096192891406,0.8211421234946482,-1,0,0.0,0
pareto_20201223,mock_approach_a,14,4.667169677008169,-1.8162555193823233,0.8587020038262773,4.0186641917660895,0.8610495160615936,-1,0,0.0,0
pareto_20201223,mock_approach_a,15,4.667169677008169,-1.8162555193823233,0.8821909852070327,4.0186641917660895,0.8610495160615936,-1,0,0.0,0
pareto_20201223,mock_approach_a,16,4.667169677008169,-1.8162555193823233,0.7573935033325625,3.8324096192891406,0.8211421234946482,-1,0,0.0,0
pareto_20201223,mock_approach_a,17,4.667169677008169,-1.8162555193823233,0.7431719202027331,3.8324096192891406,0.8211421234946482,-1,0,0.0,0
pareto_20201223,mock_approach_a,18,4.667169677008169,-1.8162555193823233,0.7824772635762088,4.0186641917660895,0.8610495160615936,-1,0,0.0,0
pareto_20201223,mock_approach_a,19,4.667169677008169,-1.8162555193823233,1.0,4.667169677008169,0.9999999999997857,0,0,0.0,0
pareto_20201223,fixed_random,0,4.667169677008169,-1.8162555193823233,0.8180271667578112,4.0186641917660895,0.8610495160615936,-1,0,0.0,0
pareto_20201223,fixed_random,1,4.667169677008169,-1.8162555193823233,0.8712470596277158,3.8324096192891406,0.8211421234946482,-1,0,0.0,0
pareto_20201223,fixed_random,2,4.667169677008169,-1.8162555193823233,0.7203728270731242,3.8056942383535586,0.8154180159981533,-1,0,0.0,0
pareto_20201223,fixed_random,3,4.667169677008169,-1.8162555193823233,0.785066488852625,3.331895332389427,0.7139006213557213,-1,0,0.0,0
pareto_20201223,fixed_random,4,4.667169677008169,-1.8162555193823233,0.808383467653205,4.0186641917660895,0.8610495160615936,-1,0,0.0,0
pareto_20201223,fixed_random,5,4.667169677008169,-1.8162555193823233,0.8637593146500933,3.8324096192891406,0.8211421234946482,-1,0,0.0,0
pareto_20201223,fixed_random,6,4.667169677008169,-1.8162555193823233,0.9109979699730487,4.667169677008169,0.9999999999997857,13,0,0.0,0
pareto_20201223,fixed_random,7,4.667169677008169,-1.8162555193823233,0.8712470596277158,3.8324096192891406,0.8211421234946482,-1,0,0.0,0
pareto_20201223,fixed_random,8,4.667169677008169,-1.8162555193823233,1.0,4.667169677008169,0.9999999999997857,0,0,0.0,0
pareto_20201223,fixed_random,9,4.667169677008169,-1.8162555193823233,0.8999748642734217,4.0186641917660895,0.8610495160615936,-1,0,0.0,0
pareto_20201223,fixed_random,10,4.667169677008169,-1.8162555193823233,0.8926789138872108,4.0186641917660895,0.8610495160615936,-1,0,0.0,0
pareto_20201223,fixed_random,11,4.667169677008169,-1.8162555193823233,0.7954474293420134,4.667169677008169,0.9999999999997857,29,0,0.0,0
pareto_20201223,fixed_random,12,4.667169677008169,-1.8162555193823233,0.8667495060664143,4.667169677008169,0.9999999999997857,30,0,0.0,0
pareto_20201223,fixed_random,13,4.667169677008169,-1.8162555193823233,0.5848529547153266,3.8324096192891406,0.8211421234946482,-1,0,0.0,0
pareto_20201223,fixed_random,14,4.667169677008169,-1.8162555193823233,0.8152370976906317,4.667169677008169,0.9999999999997857,33,0,0.0,0
pareto_20201223,fixed_random,15,4.667169677008169,-1.8162555193823233,0.8712470596277158,3.8324096192891406,0.8211421234946482,-1,0,0.0,0
pareto_20201223,fixed_random,16,4.667169677008169,-1.8162555193823233,0.7801257562918269,4.667169677008169,0.9999999999997857,26,0,0.0,0
pareto_20201223,fixed_random,17,4.667169677008169,-1.8162555193823233,0.7125939017124572,4.0186641917660895,0.8610495160615936,-1,0,0.0,0
pareto_20201223,fixed_random,18,4.667169677008169,-1.8162555193823233,0.6904483979877285,3.331895332389427,0.7139006213557213,-1,0,0.0,0
pareto_20201223,fixed_random,19,4.667169677008169,-1.8162555193823233,1.0,4.667169677008169,0.9999999999997857,0,0,0.0,0
pareto_20201223,fixed_lhs,0,4.667169677008169,-1.8162555193823233,0.7349713477567906,3.331895332389427,0.7139006213557213,-1,0,0.0,0
pareto_20201223,fixed_lhs,1,4.667169677008169,-1.8162555193823233,0.8712470596277158,3.8324096192891406,0.8211421234946482,-1,0,0.0,0
pareto_20201223,fixed_lhs,2,4.667169677008169,-1.8162555193823233,0.7955575147927801,3.8324096192891406,0.8211421234946482,-1,0,0.0,0
pareto_20201223,fixed_lhs,3,4.667169677008169,-1.8162555193823233,0.8194379253455637,3.8056942383535586,0.8154180159981533,-1,0,0.0,0
pareto_20201223,fixed_lhs,4,4.667169677008169,-1.8162555193823233,0.812956989336881,3.8324096192891406,0.8211421234946482,-1,0,0.0,0
pareto_20201223,fixed_lhs,5,4.667169677008169,-1.8162555193823233,0.8706665901419747,4.0186641917660895,0.8610495160615936,-1,0,0.0,0
pareto_20201223,fixed_lhs,6,4.667169677008169,-1.8162555193823233,0.8263387126721347,3.8324096192891406,0.8211421234946482,-1,0,0.0,0
pareto_20201223,fixed_lhs,7,4.667169677008169,-1.8162555193823233,0.8890309386941053,4.0186641917660895,0.8610495160615936,-1,0,0.0,0
pareto_20201223,fixed_lhs,8,4.667169677008169,-1.8162555193823233,1.0,4.667169677008169,0.9999999999997857,0,0,0.0,0
pareto_20201223,fixed_lhs,9,4.667169677008169,-1.8162555193823233,0.9063256665417756,4.667169677008169,0.9999999999997857,59,0,0.0,0
pareto_20201223,fixed_lhs,10,4.667169677008169,-1.8162555193823233,0.8753344545601693,4.667169677008169,0.9999999999997857,61,0,0.0,0
pareto_20201223,fixed_lhs,11,4.667169677008169,-1.8162555193823233,0.8251549728046634,3.8324096192891406,0.8211421234946482,-1,0,0.0,0
pareto_20201223,fixed_lhs,12,4.667169677008169,-1.8162555193823233,0.8232873463298599,3.8324096192891406,0.8211421234946482,-1,0,0.0,0
pareto_20201223,fixed_lhs,13,4.667169677008169,-1.8162555193823233,0.7998285171218029,3.8324096192891406,0.8211421234946482,-1,0,0.0,0
pareto_20201223,fixed_lhs,14,4.667169677008169,-1.8162555193823233,0.8307721069556725,3.8324096192891406,0.8211421234946482,-1,0,0.0,0
pareto_20201223,fixed_lhs,15,4.667169677008169,-1.8162555193823233,0.8712470596277158,3.8324096192891406,0.8211421234946482,-1,0,0.0,0
pareto_20201223,fixed_lhs,16,4.667169677008169,-1.8162555193823233,0.758184928029725,3.8324096192891406,0.8211421234946482,-1,0,0.0,0
pareto_20201223,fixed_lhs,17,4.667169677008169,-1.8162555193823233,0.786078924432297,4.0186641917660895,0.8610495160615936,-1,0,0.0,0
pareto_20201223,fixed_lhs,18,4.667169677008169,-1.8162555193823233,0.8340263514080241,3.8324096192891406,0.8211421234946482,-1,0,0.0,0
pareto_20201223,fixed_lhs,19,4.667169677008169,-1.8162555193823233,1.0,4.667169677008169,0.9999999999997857,0,0,0.0,0
pareto_20201223,fixed_ei,0,4.667169677008169,-1.8162555193823233,0.6962980796667378,3.331895332389427,0.7139006213557213,-1,0,0.0,0
pareto_20201223,fixed_ei,1,4.667169677008169,-1.8162555193823233,0.8762630255182364,4.0186641917660895,0.8610495160615936,-1,0,0.0,0
pareto_20201223,fixed_ei,2,4.667169677008169,-1.8162555193823233,0.8087136489137012,3.8324096192891406,0.8211421234946482,-1,0,0.0,0
pareto_20201223,fixed_ei,3,4.667169677008169,-1.8162555193823233,0.8019066077517853,3.8324096192891406,0.8211421234946482,-1,0,0.0,0
pareto_20201223,fixed_ei,4,4.667169677008169,-1.8162555193823233,0.6856449902861848,3.8324096192891406,0.8211421234946482,-1,0,0.0,0
pareto_20201223,fixed_ei,5,4.667169677008169,-1.8162555193823233,0.8069764798409926,3.8056942383535586,0.8154180159981533,-1,0,0.0,0
pareto_20201223,fixed_ei,6,4.667169677008169,-1.8162555193823233,0.8301343244280589,3.8324096192891406,0.8211421234946482,-1,0,0.0,0
pareto_20201223,fixed_ei,7,4.667169677008169,-1.8162555193823233,0.8976948797777307,4.0186641917660895,0.8610495160615936,-1,0,0.0,0
pareto_20201223,fixed_ei,8,4.667169677008169,-1.8162555193823233,1.0,4.667169677008169,0.9999999999997857,0,0,0.0,0
pareto_20201223,fixed_ei,9,4.667169677008169,-1.8162555193823233,0.8999748642734217,4.0186641917660895,0.8610495160615936,-1,0,0.0,0
pareto_20201223,fixed_ei,10,4.667169677008169,-1.8162555193823233,0.8712470596277158,3.8324096192891406,0.8211421234946482,-1,0,0.0,0
pareto_20201223,fixed_ei,11,4.667169677008169,-1.8162555193823233,0.7366539961103019,4.0186641917660895,0.8610495160615936,-1,0,0.0,0
pareto_20201223,fixed_ei,12,4.667169677008169,-1.8162555193823233,0.8457432158984877,4.667169677008169,0.9999999999997857,24,0,0.0,0
pareto_20201223,fixed_ei,13,4.667169677008169,-1.8162555193823233,0.8045155139377594,4.0186641917660895,0.8610495160615936,-1,0,0.0,0
pareto_20201223,fixed_ei,14,4.667169677008169,-1.8162555193823233,0.7651955041148867,3.8324096192891406,0.8211421234946482,-1,0,0.0,0
pareto_20201223,fixed_ei,15,4.667169677008169,-1.8162555193823233,0.888118944895829,4.0186641917660895,0.8610495160615936,-1,0,0.0,0
pareto_20201223,fixed_ei,16,4.667169677008169,-1.8162555193823233,0.560926177934832,3.331895332389427,0.7139006213557213,-1,0,0.0,0
pareto_20201223,fixed_ei,17,4.667169677008169,-1.8162555193823233,0.8761662634477472,4.667169677008169,0.9999999999997857,11,0,0.0,0
pareto_20201223,fixed_ei,18,4.667169677008169,-1.8162555193823233,0.7914757414304108,3.8324096192891406,0.8211421234946482,-1,0,0.0,0
pareto_20201223,fixed_ei,19,4.667169677008169,-1.8162555193823233,1.0,4.667169677008169,0.9999999999997857,0,0,0.0,0
pareto_20201223,fixed_ucb_low,0,4.667169677008169,-1.8162555193823233,0.519934664484088,1.7658810364731146,0.37836229635532176,-1,0,0.0,0
pareto_20201223,fixed_ucb_low,1,4.667169677008169,-1.8162555193823233,0.8712470596277158,3.8324096192891406,0.8211421234946482,-1,0,0.0,0
pareto_20201223,fixed_ucb_low,2,4.667169677008169,-1.8162555193823233,0.8201699154521316,4.0186641917660895,0.8610495160615936,-1,0,0.0,0
pareto_20201223,fixed_ucb_low,3,4.667169677008169,-1.8162555193823233,0.9645875353824874,4.667169677008169,0.9999999999997857,10,0,0.0,0
pareto_20201223,fixed_ucb_low,4,4.667169677008169,-1.8162555193823233,0.3368282072695194,0.4607197763909122,0.09871502608110708,-1,0,0.0,0
pareto_20201223,fixed_ucb_low,5,4.667169677008169,-1.8162555193823233,0.8656469367332685,4.0186641917660895,0.8610495160615936,-1,0,0.0,0
pareto_20201223,fixed_ucb_low,6,4.667169677008169,-1.8162555193823233,0.716308938714668,3.331895332389427,0.7139006213557213,-1,0,0.0,0
pareto_20201223,fixed_ucb_low,7,4.667169677008169,-1.8162555193823233,0.9754922075650694,4.667169677008169,0.9999999999997857,14,0,0.0,0
pareto_20201223,fixed_ucb_low,8,4.667169677008169,-1.8162555193823233,1.0,4.667169677008169,0.9999999999997857,0,0,0.0,0
pareto_20201223,fixed_ucb_low,9,4.667169677008169,-1.8162555193823233,0.8999748642734217,4.0186641917660895,0.8610495160615936,-1,0,0.0,0
pareto_20201223,fixed_ucb_low,10,4.667169677008169,-1.8162555193823233,0.8712470596277158,3.8324096192891406,0.8211421234946482,-1,0,0.0,0
pareto_20201223,fixed_ucb_low,11,4.667169677008169,-1.8162555193823233,0.8227915908086484,4.0186641917660895,0.8610495160615936,-1,0,0.0,0
pareto_20201223,fixed_ucb_low,12,4.667169677008169,-1.8162555193823233,0.8422032137552602,4.0186641917660895,0.8610495160615936,-1,0,0.0,0
pareto_20201223,fixed_ucb_low,13,4.667169677008169,-1.8162555193823233,0.8156113120780508,4.0186641917660895,0.8610495160615936,-1,0,0.0,0
pareto_20201223,fixed_ucb_low,14,4.667169677008169,-1.8162555193823233,0.5525068073353753,1.7658810364731146,0.37836229635532176,-1,0,0.0,0
pareto_20201223,fixed_ucb_low,15,4.667169677008169,-1.8162555193823233,0.8903989293915199,4.0186641917660895,0.8610495160615936,-1,0,0.0,0
pareto_20201223,fixed_ucb_low,16,4.667169677008169,-1.8162555193823233,0.8888741613184178,4.667169677008169,0.9999999999997857,12,0,0.0,0
pareto_20201223,fixed_ucb_low,17,4.667169677008169,-1.8162555193823233,0.7736603954748368,4.0186641917660895,0.8610495160615936,-1,0,0.0,0
pareto_20201223,fixed_ucb_low,18,4.667169677008169,-1.8162555193823233,0.8526540187821411,4.667169677008169,0.9999999999997857,24,0,0.0,0
pareto_20201223,fixed_ucb_low,19,4.667169677008169,-1.8162555193823233,1.0,4.667169677008169,0.9999999999997857,0,0,0.0,0
pareto_20201223,mock_approach_c,0,4.667169677008169,-1.8162555193823233,0.760553770856404,4.0186641917660895,0.8610495160615936,-1,0,0.0,0
pareto_20201223,mock_approach_c,1,4.667169677008169,-1.8162555193823233,0.8799110007113418,4.0186641917660895,0.8610495160615936,-1,0,0.0,0
pareto_20201223,mock_approach_c,2,4.667169677008169,-1.8162555193823233,0.7233768386085326,3.2207270651931266,0.690081417236376,-1,0,0.0,0
pareto_20201223,mock_approach_c,3,4.667169677008169,-1.8162555193823233,0.8163610656972557,4.0186641917660895,0.8610495160615936,-1,0,0.0,0
pareto_20201223,mock_approach_c,4,4.667169677008169,-1.8162555193823233,0.7194941765575285,3.8324096192891406,0.8211421234946482,-1,0,0.0,0
pareto_20201223,mock_approach_c,5,4.667169677008169,-1.8162555193823233,0.9440979721161091,4.667169677008169,0.9999999999997857,22,0,0.0,0
pareto_20201223,mock_approach_c,6,4.667169677008169,-1.8162555193823233,0.8075958017413721,4.0186641917660895,0.8610495160615936,-1,0,0.0,0
pareto_20201223,mock_approach_c,7,4.667169677008169,-1.8162555193823233,0.8712470596277158,3.8324096192891406,0.8211421234946482,-1,0,0.0,0
pareto_20201223,mock_approach_c,8,4.667169677008169,-1.8162555193823233,1.0,4.667169677008169,0.9999999999997857,0,0,0.0,0
pareto_20201223,mock_approach_c,9,4.667169677008169,-1.8162555193823233,0.9904737965974687,4.667169677008169,0.9999999999997857,6,0,0.0,0
pareto_20201223,mock_approach_c,10,4.667169677008169,-1.8162555193823233,0.9550386557430119,4.667169677008169,0.9999999999997857,22,0,0.0,0
pareto_20201223,mock_approach_c,11,4.667169677008169,-1.8162555193823233,0.8561950090606223,4.0186641917660895,0.8610495160615936,-1,0,0.0,0
pareto_20201223,mock_approach_c,12,4.667169677008169,-1.8162555193823233,0.6690773727572907,3.331895332389427,0.7139006213557213,-1,0,0.0,0
pareto_20201223,mock_approach_c,13,4.667169677008169,-1.8162555193823233,0.8576908153362769,4.667169677008169,0.9999999999997857,13,0,0.0,0
pareto_20201223,mock_approach_c,14,4.667169677008169,-1.8162555193823233,0.8561562959874185,4.667169677008169,0.9999999999997857,26,0,0.0,0
pareto_20201223,mock_approach_c,15,4.667169677008169,-1.8162555193823233,0.9264268912158378,4.667169677008169,0.9999999999997857,36,0,0.0,0
pareto_20201223,mock_approach_c,16,4.667169677008169,-1.8162555193823233,0.7799543319439218,3.8324096192891406,0.8211421234946482,-1,0,0.0,0
pareto_20201223,mock_approach_c,17,4.667169677008169,-1.8162555193823233,0.8468308668439105,4.667169677008169,0.9999999999997857,35,0,0.0,0
pareto_20201223,mock_approach_c,18,4.667169677008169,-1.8162555193823233,0.7984715306750974,4.0186641917660895,0.8610495160615936,-1,0,0.0,0
pareto_20201223,mock_approach_c,19,4.667169677008169,-1.8162555193823233,1.0,4.667169677008169,0.9999999999997857,0,0,0.0,0
pareto_20201223,approach_a,0,4.667169677008169,-1.8162555193823233,0.7710451143665012,3.8324096192891406,0.8211421234946482,-1,0,0.0,0
pareto_20201223,approach_a,1,4.667169677008169,-1.8162555193823233,0.8712470596277158,3.8324096192891406,0.8211421234946482,-1,0,0.0,0
pareto_20201223,approach_a,2,4.667169677008169,-1.8162555193823233,0.7713910403410367,3.8324096192891406,0.8211421234946482,-1,0,0.0,0
pareto_20201223,approach_a,3,4.667169677008169,-1.8162555193823233,0.8560764472736778,4.0186641917660895,0.8610495160615936,-1,0,0.0,0
pareto_20201223,approach_a,4,4.667169677008169,-1.8162555193823233,0.7700516104774977,3.8324096192891406,0.8211421234946482,-1,0,0.0,0
pareto_20201223,approach_a,5,4.667169677008169,-1.8162555193823233,0.8607642166590441,3.8324096192891406,0.8211421234946482,-1,0,0.0,0
pareto_20201223,approach_a,6,4.667169677008169,-1.8162555193823233,0.8399073648492021,4.0186641917660895,0.8610495160615936,-1,0,0.0,0
pareto_20201223,approach_a,7,4.667169677008169,-1.8162555193823233,0.8712470596277158,3.8324096192891406,0.8211421234946482,-1,0,0.0,0
pareto_20201223,approach_a,8,4.667169677008169,-1.8162555193823233,1.0,4.667169677008169,0.9999999999997857,0,0,0.0,0
pareto_20201223,approach_a,9,4.667169677008169,-1.8162555193823233,0.8999748642734217,4.0186641917660895,0.8610495160615936,-1,0,0.0,0
pareto_20201223,approach_a,10,4.667169677008169,-1.8162555193823233,0.8712470596277158,3.8324096192891406,0.8211421234946482,-1,0,0.0,0
pareto_20201223,approach_a,11,4.667169677008169,-1.8162555193823233,0.7267905524250838,3.8324096192891406,0.8211421234946482,-1,0,0.0,0
pareto_20201223,approach_a,12,4.667169677008169,-1.8162555193823233,0.8228949114799474,3.8324096192891406,0.8211421234946482,-1,0,0.0,0
pareto_20201223,approach_a,13,4.667169677008169,-1.8162555193823233,0.8156929707317107,4.0186641917660895,0.8610495160615936,-1,0,0.0,0
pareto_20201223,approach_a,14,4.667169677008169,-1.8162555193823233,0.8439554475119749,4.0186641917660895,0.8610495160615936,-1,0,0.0,0
pareto_20201223,approach_a,15,4.667169677008169,-1.8162555193823233,0.8712470596277158,3.8324096192891406,0.8211421234946482,-1,0,0.0,0
pareto_20201223,approach_a,16,4.667169677008169,-1.8162555193823233,0.7861076201576761,3.8324096192891406,0.8211421234946482,-1,0,0.0,0
pareto_20201223,approach_a,17,4.667169677008169,-1.8162555193823233,0.6812325932576391,3.8324096192891406,0.8211421234946482,-1,0,0.0,0
pareto_20201223,approach_a,18,4.667169677008169,-1.8162555193823233,0.7822842400379136,4.0186641917660895,0.8610495160615936,-1,0,0.0,0
pareto_20201223,approach_a,19,4.667169677008169,-1.8162555193823233,1.0,4.667169677008169,0.9999999999997857,0,0,0.0,0
pareto_20201223,approach_b,0,4.667169677008169,-1.8162555193823233,0.7450929891336947,3.8324096192891406,0.8211421234946482,-1,2,0.31746031746031744,0
pareto_20201223,approach_b,1,4.667169677008169,-1.8162555193823233,0.8712470596277158,3.8324096192891406,0.8211421234946482,-1,2,0.31746031746031744,0
pareto_20201223,approach_b,2,4.667169677008169,-1.8162555193823233,0.7674490833070119,3.8324096192891406,0.8211421234946482,-1,2,0.31746031746031744,0
pareto_20201223,approach_b,3,4.667169677008169,-1.8162555193823233,0.8396432303440723,3.8324096192891406,0.8211421234946482,-1,2,0.31746031746031744,0
pareto_20201223,approach_b,4,4.667169677008169,-1.8162555193823233,0.8094560452907428,4.0186641917660895,0.8610495160615936,-1,2,0.31746031746031744,0
pareto_20201223,approach_b,5,4.667169677008169,-1.8162555193823233,0.7769014729096715,3.2207270651931266,0.690081417236376,-1,2,0.31746031746031744,0
pareto_20201223,approach_b,6,4.667169677008169,-1.8162555193823233,0.8428877907281943,4.667169677008169,0.9999999999997857,45,2,0.31746031746031744,0
pareto_20201223,approach_b,7,4.667169677008169,-1.8162555193823233,0.8712470596277158,3.8324096192891406,0.8211421234946482,-1,2,0.31746031746031744,0
pareto_20201223,approach_b,8,4.667169677008169,-1.8162555193823233,1.0,4.667169677008169,0.9999999999997857,0,2,0.31746031746031744,0
pareto_20201223,approach_b,9,4.667169677008169,-1.8162555193823233,0.8999748642734217,4.0186641917660895,0.8610495160615936,-1,2,0.31746031746031744,0
pareto_20201223,approach_b,10,4.667169677008169,-1.8162555193823233,0.877631016215651,4.0186641917660895,0.8610495160615936,-1,2,0.31746031746031744,0
pareto_20201223,approach_b,11,4.667169677008169,-1.8162555193823233,0.8112324421111297,4.0186641917660895,0.8610495160615936,-1,2,0.31746031746031744,0
pareto_20201223,approach_b,12,4.667169677008169,-1.8162555193823233,0.8280833176596455,3.8324096192891406,0.8211421234946482,-1,2,0.31746031746031744,0
pareto_20201223,approach_b,13,4.667169677008169,-1.8162555193823233,0.7881169645483241,4.0186641917660895,0.8610495160615936,-1,2,0.31746031746031744,0
pareto_20201223,approach_b,14,4.667169677008169,-1.8162555193823233,0.8315972943669785,4.0186641917660895,0.8610495160615936,-1,2,0.31746031746031744,0
pareto_20201223,approach_b,15,4.667169677008169,-1.8162555193823233,0.8835589759044472,4.0186641917660895,0.8610495160615936,-1,2,0.31746031746031744,0
pareto_20201223,approach_b,16,4.667169677008169,-1.8162555193823233,0.7603155859806549,3.8324096192891406,0.8211421234946482,-1,2,0.31746031746031744,0
pareto_20201223,approach_b,17,4.667169677008169,-1.8162555193823233,0.7877674909947322,4.0186641917660895,0.8610495160615936,-1,2,0.31746031746031744,0
pareto_20201223,approach_b,18,4.667169677008169,-1.8162555193823233,0.8340263514080241,3.8324096192891406,0.8211421234946482,-1,2,0.31746031746031744,0
pareto_20201223,approach_b,19,4.667169677008169,-1.8162555193823233,1.0,4.667169677008169,0.9999999999997857,0,2,0.31746031746031744,0
pareto_20201223,approach_c,0,4.667169677008169,-1.8162555193823233,0.8645475728067633,4.667169677008169,0.9999999999997857,43,0,0.0,0
pareto_20201223,approach_c,1,4.667169677008169,-1.8162555193823233,0.9652571430741456,4.667169677008169,0.9999999999997857,17,0,0.0,0
pareto_20201223,approach_c,2,4.667169677008169,-1.8162555193823233,0.7668057594787434,3.8324096192891406,0.8211421234946482,-1,0,0.0,0
pareto_20201223,approach_c,3,4.667169677008169,-1.8162555193823233,0.910551874178838,4.667169677008169,0.9999999999997857,46,0,0.0,0
pareto_20201223,approach_c,4,4.667169677008169,-1.8162555193823233,0.8781389220499712,4.667169677008169,0.9999999999997857,16,0,0.0,0
pareto_20201223,approach_c,5,4.667169677008169,-1.8162555193823233,0.9492250753858557,4.667169677008169,0.9999999999997857,20,0,0.0,0
pareto_20201223,approach_c,6,4.667169677008169,-1.8162555193823233,0.9427297190839358,4.667169677008169,0.9999999999997857,11,0,0.0,0
pareto_20201223,approach_c,7,4.667169677008169,-1.8162555193823233,0.8712470596277158,3.8324096192891406,0.8211421234946482,-1,0,0.0,0
pareto_20201223,approach_c,8,4.667169677008169,-1.8162555193823233,1.0,4.667169677008169,0.9999999999997857,0,0,0.0,0
pareto_20201223,approach_c,9,4.667169677008169,-1.8162555193823233,0.9777721920607603,4.667169677008169,0.9999999999997857,14,0,0.0,0
pareto_20201223,approach_c,10,4.667169677008169,-1.8162555193823233,0.8712470596277158,3.8324096192891406,0.8211421234946482,-1,0,0.0,0
pareto_20201223,approach_c,11,4.667169677008169,-1.8162555193823233,0.5328012729882741,2.1454636186875584,0.4596926546845457,-1,0,0.0,0
pareto_20201223,approach_c,12,4.667169677008169,-1.8162555193823233,0.7391038733385855,3.8324096192891406,0.8211421234946482,-1,0,0.0,0
pareto_20201223,approach_c,13,4.667169677008169,-1.8162555193823233,0.8134866057578153,3.8324096192891406,0.8211421234946482,-1,0,0.0,0
pareto_20201223,approach_c,14,4.667169677008169,-1.8162555193823233,0.7940110700432679,4.667169677008169,0.9999999999997857,29,0,0.0,0
pareto_20201223,approach_c,15,4.667169677008169,-1.8162555193823233,0.8712470596277158,3.8324096192891406,0.8211421234946482,-1,0,0.0,0
pareto_20201223,approach_c,16,4.667169677008169,-1.8162555193823233,0.9324218719282783,4.667169677008169,0.9999999999997857,6,0,0.0,0
pareto_20201223,approach_c,17,4.667169677008169,-1.8162555193823233,0.788253303008444,4.667169677008169,0.9999999999997857,35,0,0.0,0
pareto_20201223,approach_c,18,4.667169677008169,-1.8162555193823233,0.911668702028665,4.667169677008169,0.9999999999997857,12,0,0.0,0
pareto_20201223,approach_c,19,4.667169677008169,-1.8162555193823233,1.0,4.667169677008169,0.9999999999997857,0,0,0.0,0
pareto_20201223,approach_d,0,4.667169677008169,-1.8162555193823233,0.8058468583610275,4.0186641917660895,0.8610495160615936,-1,4,0.6349206349206349,0
pareto_20201223,approach_d,1,4.667169677008169,-1.8162555193823233,0.8735270441234072,4.0186641917660895,0.8610495160615936,-1,7,1.1111111111111112,0
pareto_20201223,approach_d,2,4.667169677008169,-1.8162555193823233,0.7703733725847675,3.8324096192891406,0.8211421234946482,-1,4,0.6349206349206349,0
pareto_20201223,approach_d,3,4.667169677008169,-1.8162555193823233,0.8999443995630982,4.667169677008169,0.9999999999997857,43,2,0.31746031746031744,0
pareto_20201223,approach_d,4,4.667169677008169,-1.8162555193823233,0.7266318599440417,4.667169677008169,0.9999999999997857,32,6,0.9523809523809523,0
pareto_20201223,approach_d,5,4.667169677008169,-1.8162555193823233,0.8785480957254338,4.0186641917660895,0.8610495160615936,-1,8,1.2698412698412698,0
pareto_20201223,approach_d,6,4.667169677008169,-1.8162555193823233,0.764716585655246,3.8324096192891406,0.8211421234946482,-1,3,0.47619047619047616,0
pareto_20201223,approach_d,7,4.667169677008169,-1.8162555193823233,0.8712470596277158,3.8324096192891406,0.8211421234946482,-1,6,0.9523809523809523,0
pareto_20201223,approach_d,8,4.667169677008169,-1.8162555193823233,1.0,4.667169677008169,0.9999999999997857,0,8,1.2698412698412698,0
pareto_20201223,approach_d,9,4.667169677008169,-1.8162555193823233,0.8999748642734217,4.0186641917660895,0.8610495160615936,-1,6,0.9523809523809523,0
pareto_20201223,approach_d,10,4.667169677008169,-1.8162555193823233,0.888118944895829,4.0186641917660895,0.8610495160615936,-1,6,0.9523809523809523,0
pareto_20201223,approach_d,11,4.667169677008169,-1.8162555193823233,0.8098644514137153,4.0186641917660895,0.8610495160615936,-1,4,0.6349206349206349,0
pareto_20201223,approach_d,12,4.667169677008169,-1.8162555193823233,0.8041034610107176,3.8324096192891406,0.8211421234946482,-1,3,0.47619047619047616,0
pareto_20201223,approach_d,13,4.667169677008169,-1.8162555193823233,0.7558411379141681,4.0186641917660895,0.8610495160615936,-1,2,0.31746031746031744,0
pareto_20201223,approach_d,14,4.667169677008169,-1.8162555193823233,0.804723405421123,3.8324096192891406,0.8211421234946482,-1,5,0.7936507936507936,0
pareto_20201223,approach_d,15,4.667169677008169,-1.8162555193823233,0.8808229945096182,4.0186641917660895,0.8610495160615936,-1,4,0.6349206349206349,0
pareto_20201223,approach_d,16,4.667169677008169,-1.8162555193823233,0.7688673853656741,3.8324096192891406,0.8211421234946482,-1,7,1.1111111111111112,0
pareto_20201223,approach_d,17,4.667169677008169,-1.8162555193823233,0.7501153261044881,3.8324096192891406,0.8211421234946482,-1,8,1.2698412698412698,0
pareto_20201223,approach_d,18,4.667169677008169,-1.8162555193823233,0.8393435954394086,3.8324096192891406,0.8211421234946482,-1,5,0.7936507936507936,0
pareto_20201223,approach_d,19,4.667169677008169,-1.8162555193823233,1.0,4.667169677008169,0.9999999999997857,0,7,1.1111111111111112,0
pareto_20201223,novelty_egbo,0,4.667169677008169,-1.8162555193823233,0.8790479589776584,4.667169677008169,0.9999999999997857,37,0,0.0,0
pareto_20201223,novelty_egbo,1,4.667169677008169,-1.8162555193823233,0.9652571430741456,4.667169677008169,0.9999999999997857,17,0,0.0,0
pareto_20201223,novelty_egbo,2,4.667169677008169,-1.8162555193823233,0.8398215602500251,4.667169677008169,0.9999999999997857,37,0,0.0,0
pareto_20201223,novelty_egbo,3,4.667169677008169,-1.8162555193823233,0.91902824873522,4.667169677008169,0.9999999999997857,37,0,0.0,0
pareto_20201223,novelty_egbo,4,4.667169677008169,-1.8162555193823233,0.9016459292303316,4.667169677008169,0.9999999999997857,25,0,0.0,0
pareto_20201223,novelty_egbo,5,4.667169677008169,-1.8162555193823233,0.9450677935598146,4.667169677008169,0.9999999999997857,25,0,0.0,0
pareto_20201223,novelty_egbo,6,4.667169677008169,-1.8162555193823233,0.8755533734097721,4.667169677008169,0.9999999999997857,17,0,0.0,0
pareto_20201223,novelty_egbo,7,4.667169677008169,-1.8162555193823233,0.9462047362690831,4.667169677008169,0.9999999999997857,29,0,0.0,0
pareto_20201223,novelty_egbo,8,4.667169677008169,-1.8162555193823233,1.0,4.667169677008169,0.9999999999997857,0,0,0.0,0
pareto_20201223,novelty_egbo,9,4.667169677008169,-1.8162555193823233,0.9539566835544319,4.667169677008169,0.9999999999997857,29,0,0.0,0
pareto_20201223,novelty_egbo,10,4.667169677008169,-1.8162555193823233,0.9816067228039596,4.667169677008169,0.9999999999997857,9,0,0.0,0
pareto_20201223,novelty_egbo,11,4.667169677008169,-1.8162555193823233,0.8940807390089943,4.667169677008169,0.9999999999997857,33,0,0.0,0
pareto_20201223,novelty_egbo,12,4.667169677008169,-1.8162555193823233,0.877506306713516,4.667169677008169,0.9999999999997857,33,0,0.0,0
pareto_20201223,novelty_egbo,13,4.667169677008169,-1.8162555193823233,0.8782624308355187,4.667169677008169,0.9999999999997857,37,0,0.0,0
pareto_20201223,novelty_egbo,14,4.667169677008169,-1.8162555193823233,0.9033047591226432,4.667169677008169,0.9999999999997857,37,0,0.0,0
pareto_20201223,novelty_egbo,15,4.667169677008169,-1.8162555193823233,0.9435019091938343,4.667169677008169,0.9999999999997857,33,0,0.0,0
pareto_20201223,novelty_egbo,16,4.667169677008169,-1.8162555193823233,0.8930627789330841,4.667169677008169,0.9999999999997857,13,0,0.0,0
pareto_20201223,novelty_egbo,17,4.667169677008169,-1.8162555193823233,0.8932316733438798,4.667169677008169,0.9999999999997857,29,0,0.0,0
pareto_20201223,novelty_egbo,18,4.667169677008169,-1.8162555193823233,0.8462044825673869,4.667169677008169,0.9999999999997857,37,0,0.0,0
pareto_20201223,novelty_egbo,19,4.667169677008169,-1.8162555193823233,1.0,4.667169677008169,0.9999999999997857,0,0,0.0,0
pareto_20201223,egbo,0,4.667169677008169,-1.8162555193823233,0.9127966092883192,4.667169677008169,0.9999999999997857,25,0,0.0,0
pareto_20201223,egbo,1,4.667169677008169,-1.8162555193823233,0.9562035137305427,4.667169677008169,0.9999999999997857,25,0,0.0,0
pareto_20201223,egbo,2,4.667169677008169,-1.8162555193823233,0.8612529873704268,4.667169677008169,0.9999999999997857,33,0,0.0,0
pareto_20201223,egbo,3,4.667169677008169,-1.8162555193823233,0.9681287818442387,4.667169677008169,0.9999999999997857,9,0,0.0,0
pareto_20201223,egbo,4,4.667169677008169,-1.8162555193823233,0.8871612063343585,4.667169677008169,0.9999999999997857,13,0,0.0,0
pareto_20201223,egbo,5,4.667169677008169,-1.8162555193823233,0.9681287818442387,4.667169677008169,0.9999999999997857,9,0,0.0,0
pareto_20201223,egbo,6,4.667169677008169,-1.8162555193823233,0.9141358560196229,4.667169677008169,0.9999999999997857,29,0,0.0,0
pareto_20201223,egbo,7,4.667169677008169,-1.8162555193823233,0.9580275013270954,4.667169677008169,0.9999999999997857,25,0,0.0,0
pareto_20201223,egbo,8,4.667169677008169,-1.8162555193823233,1.0,4.667169677008169,0.9999999999997857,0,0,0.0,0
pareto_20201223,egbo,9,4.667169677008169,-1.8162555193823233,0.9539566835544319,4.667169677008169,0.9999999999997857,29,0,0.0,0
pareto_20201223,egbo,10,4.667169677008169,-1.8162555193823233,0.95437952613399,4.667169677008169,0.9999999999997857,25,0,0.0,0
pareto_20201223,egbo,11,4.667169677008169,-1.8162555193823233,0.8883579344283034,4.667169677008169,0.9999999999997857,41,0,0.0,0
pareto_20201223,egbo,12,4.667169677008169,-1.8162555193823233,0.8731623780468215,4.667169677008169,0.9999999999997857,37,0,0.0,0
pareto_20201223,egbo,13,4.667169677008169,-1.8162555193823233,0.7814061407451607,4.667169677008169,0.9999999999997857,37,0,0.0,0
pareto_20201223,egbo,14,4.667169677008169,-1.8162555193823233,0.9503196814018343,4.667169677008169,0.9999999999997857,9,0,0.0,0
pareto_20201223,egbo,15,4.667169677008169,-1.8162555193823233,0.9562035137305427,4.667169677008169,0.9999999999997857,25,0,0.0,0
pareto_20201223,egbo,16,4.667169677008169,-1.8162555193823233,0.8739634669327925,4.667169677008169,0.9999999999997857,33,0,0.0,0
pareto_20201223,egbo,17,4.667169677008169,-1.8162555193823233,0.8678063468467735,4.667169677008169,0.9999999999997857,33,0,0.0,0
pareto_20201223,egbo,18,4.667169677008169,-1.8162555193823233,0.9348653208179337,4.667169677008169,0.9999999999997857,13,0,0.0,0
pareto_20201223,egbo,19,4.667169677008169,-1.8162555193823233,1.0,4.667169677008169,0.9999999999997857,0,0,0.0,0
pareto_20210104,fixed_ucb_high,0,4.502143575747799,-1.6153753682691243,0.8550505933027017,4.502143575747799,0.9999999999997778,14,0,0.0,0
pareto_20210104,fixed_ucb_high,1,4.502143575747799,-1.6153753682691243,0.6499480121617307,2.8320064423574145,0.6290351239823341,-1,0,0.0,0
pareto_20210104,fixed_ucb_high,2,4.502143575747799,-1.6153753682691243,0.7828951849559628,4.502143575747799,0.9999999999997778,26,0,0.0,0
pareto_20210104,fixed_ucb_high,3,4.502143575747799,-1.6153753682691243,0.8004875212783287,4.502143575747799,0.9999999999997778,39,0,0.0,0
pareto_20210104,fixed_ucb_high,4,4.502143575747799,-1.6153753682691243,0.8882249007917808,4.502143575747799,0.9999999999997778,17,0,0.0,0
pareto_20210104,fixed_ucb_high,5,4.502143575747799,-1.6153753682691243,0.7550350360638385,4.502143575747799,0.9999999999997778,25,0,0.0,0
pareto_20210104,fixed_ucb_high,6,4.502143575747799,-1.6153753682691243,1.0,4.502143575747799,0.9999999999997778,0,0,0.0,0
pareto_20210104,fixed_ucb_high,7,4.502143575747799,-1.6153753682691243,0.7135308433489632,4.502143575747799,0.9999999999997778,43,0,0.0,0
pareto_20210104,fixed_ucb_high,8,4.502143575747799,-1.6153753682691243,0.6658821534167589,4.502143575747799,0.9999999999997778,51,0,0.0,0
pareto_20210104,fixed_ucb_high,9,4.502143575747799,-1.6153753682691243,0.7474394411879357,4.502143575747799,0.9999999999997778,37,0,0.0,0
pareto_20210104,fixed_ucb_high,10,4.502143575747799,-1.6153753682691243,0.8947999066275584,4.502143575747799,0.9999999999997778,16,0,0.0,0
pareto_20210104,fixed_ucb_high,11,4.502143575747799,-1.6153753682691243,0.8025530899608481,4.502143575747799,0.9999999999997778,23,0,0.0,0
pareto_20210104,fixed_ucb_high,12,4.502143575747799,-1.6153753682691243,1.0,4.502143575747799,0.9999999999997778,0,0,0.0,0
pareto_20210104,fixed_ucb_high,13,4.502143575747799,-1.6153753682691243,0.8478323760465329,4.502143575747799,0.9999999999997778,19,0,0.0,0
pareto_20210104,fixed_ucb_high,14,4.502143575747799,-1.6153753682691243,0.8472205735289898,4.502143575747799,0.9999999999997778,16,0,0.0,0
pareto_20210104,fixed_ucb_high,15,4.502143575747799,-1.6153753682691243,0.871728465088176,4.502143575747799,0.9999999999997778,21,0,0.0,0
pareto_20210104,fixed_ucb_high,16,4.502143575747799,-1.6153753682691243,0.9160907961922244,4.502143575747799,0.9999999999997778,10,0,0.0,0
pareto_20210104,fixed_ucb_high,17,4.502143575747799,-1.6153753682691243,0.9120189937400355,4.502143575747799,0.9999999999997778,9,0,0.0,0
pareto_20210104,fixed_ucb_high,18,4.502143575747799,-1.6153753682691243,0.8239892893166884,4.502143575747799,0.9999999999997778,14,0,0.0,0
pareto_20210104,fixed_ucb_high,19,4.502143575747799,-1.6153753682691243,0.967124970821112,4.502143575747799,0.9999999999997778,5,0,0.0,0
pareto_20210104,mock_approach_b,0,4.502143575747799,-1.6153753682691243,0.6276194410565721,2.8320064423574145,0.6290351239823341,-1,2,0.3773584905660377,0
pareto_20210104,mock_approach_b,1,4.502143575747799,-1.6153753682691243,0.6901444044727839,2.8320064423574145,0.6290351239823341,-1,2,0.3773584905660377,0
pareto_20210104,mock_approach_b,2,4.502143575747799,-1.6153753682691243,0.8202349404978531,4.502143575747799,0.9999999999997778,17,2,0.3773584905660377,0
pareto_20210104,mock_approach_b,3,4.502143575747799,-1.6153753682691243,0.6526673635991467,2.8320064423574145,0.6290351239823341,-1,2,0.3773584905660377,0
pareto_20210104,mock_approach_b,4,4.502143575747799,-1.6153753682691243,0.9408249474780017,4.502143575747799,0.9999999999997778,9,2,0.3773584905660377,0
pareto_20210104,mock_approach_b,5,4.502143575747799,-1.6153753682691243,0.628084211717096,3.431418879147996,0.7621744667654853,-1,2,0.3773584905660377,0
pareto_20210104,mock_approach_b,6,4.502143575747799,-1.6153753682691243,1.0,4.502143575747799,0.9999999999997778,0,2,0.3773584905660377,0
pareto_20210104,mock_approach_b,7,4.502143575747799,-1.6153753682691243,0.7604585516335559,4.502143575747799,0.9999999999997778,40,2,0.3773584905660377,0
pareto_20210104,mock_approach_b,8,4.502143575747799,-1.6153753682691243,0.6612132878993418,2.8320064423574145,0.6290351239823341,-1,2,0.3773584905660377,0
pareto_20210104,mock_approach_b,9,4.502143575747799,-1.6153753682691243,0.7592856123803229,4.502143575747799,0.9999999999997778,40,2,0.3773584905660377,0
pareto_20210104,mock_approach_b,10,4.502143575747799,-1.6153753682691243,0.6515246907037872,2.3703392696060606,0.5264912657104287,-1,2,0.3773584905660377,0
pareto_20210104,mock_approach_b,11,4.502143575747799,-1.6153753682691243,0.8397875867164403,4.502143575747799,0.9999999999997778,18,2,0.3773584905660377,0
pareto_20210104,mock_approach_b,12,4.502143575747799,-1.6153753682691243,1.0,4.502143575747799,0.9999999999997778,0,2,0.3773584905660377,0
pareto_20210104,mock_approach_b,13,4.502143575747799,-1.6153753682691243,0.7853823740021331,4.502143575747799,0.9999999999997778,28,2,0.3773584905660377,0
pareto_20210104,mock_approach_b,14,4.502143575747799,-1.6153753682691243,0.6834610374806019,4.502143575747799,0.9999999999997778,43,2,0.3773584905660377,0
pareto_20210104,mock_approach_b,15,4.502143575747799,-1.6153753682691243,0.8976105842653794,4.502143575747799,0.9999999999997778,15,2,0.3773584905660377,0
pareto_20210104,mock_approach_b,16,4.502143575747799,-1.6153753682691243,0.6778914873856146,4.502143575747799,0.9999999999997778,45,2,0.3773584905660377,0
pareto_20210104,mock_approach_b,17,4.502143575747799,-1.6153753682691243,0.7031492566734602,4.502143575747799,0.9999999999997778,39,2,0.3773584905660377,0
pareto_20210104,mock_approach_b,18,4.502143575747799,-1.6153753682691243,0.6926583668926012,4.502143575747799,0.9999999999997778,43,2,0.3773584905660377,0
pareto_20210104,mock_approach_b,19,4.502143575747799,-1.6153753682691243,0.680002580032389,2.8320064423574145,0.6290351239823341,-1,2,0.3773584905660377,0
pareto_20210104,mock_approach_a,0,4.502143575747799,-1.6153753682691243,0.6896454368878043,4.502143575747799,0.9999999999997778,48,0,0.0,0
pareto_20210104,mock_approach_a,1,4.502143575747799,-1.6153753682691243,0.7747432853838345,4.502143575747799,0.9999999999997778,33,0,0.0,0
pareto_20210104,mock_approach_a,2,4.502143575747799,-1.6153753682691243,0.7707092590072255,4.502143575747799,0.9999999999997778,27,0,0.0,0
pareto_20210104,mock_approach_a,3,4.502143575747799,-1.6153753682691243,0.6950947402468719,2.8320064423574145,0.6290351239823341,-1,0,0.0,0
pareto_20210104,mock_approach_a,4,4.502143575747799,-1.6153753682691243,0.7562643661515489,4.502143575747799,0.9999999999997778,44,0,0.0,0
pareto_20210104,mock_approach_a,5,4.502143575747799,-1.6153753682691243,0.5125785309280159,2.8320064423574145,0.6290351239823341,-1,0,0.0,0
pareto_20210104,mock_approach_a,6,4.502143575747799,-1.6153753682691243,1.0,4.502143575747799,0.9999999999997778,0,0,0.0,0
pareto_20210104,mock_approach_a,7,4.502143575747799,-1.6153753682691243,0.7728153110432756,4.502143575747799,0.9999999999997778,35,0,0.0,0
pareto_20210104,mock_approach_a,8,4.502143575747799,-1.6153753682691243,0.5699319750040406,2.3703392696060606,0.5264912657104287,-1,0,0.0,0
pareto_20210104,mock_approach_a,9,4.502143575747799,-1.6153753682691243,0.7269615580410116,4.502143575747799,0.9999999999997778,40,0,0.0,0
pareto_20210104,mock_approach_a,10,4.502143575747799,-1.6153753682691243,0.901374912463336,4.502143575747799,0.9999999999997778,15,0,0.0,0
pareto_20210104,mock_approach_a,11,4.502143575747799,-1.6153753682691243,0.6437230264047422,4.502143575747799,0.9999999999997778,51,0,0.0,0
pareto_20210104,mock_approach_a,12,4.502143575747799,-1.6153753682691243,1.0,4.502143575747799,0.9999999999997778,0,0,0.0,0
pareto_20210104,mock_approach_a,13,4.502143575747799,-1.6153753682691243,0.8806970982243486,4.502143575747799,0.9999999999997778,14,0,0.0,0
pareto_20210104,mock_approach_a,14,4.502143575747799,-1.6153753682691243,0.8472205735289898,4.502143575747799,0.9999999999997778,16,0,0.0,0
pareto_20210104,mock_approach_a,15,4.502143575747799,-1.6153753682691243,0.9453923116082024,4.502143575747799,0.9999999999997778,8,0,0.0,0
pareto_20210104,mock_approach_a,16,4.502143575747799,-1.6153753682691243,0.9160907961922244,4.502143575747799,0.9999999999997778,10,0,0.0,0
pareto_20210104,mock_approach_a,17,4.502143575747799,-1.6153753682691243,0.9120189937400355,4.502143575747799,0.9999999999997778,9,0,0.0,0
pareto_20210104,mock_approach_a,18,4.502143575747799,-1.6153753682691243,0.6999456874042438,4.502143575747799,0.9999999999997778,28,0,0.0,0
pareto_20210104,mock_approach_a,19,4.502143575747799,-1.6153753682691243,0.967124970821112,4.502143575747799,0.9999999999997778,5,0,0.0,0
pareto_20210104,fixed_random,0,4.502143575747799,-1.6153753682691243,0.6454001710781319,2.8320064423574145,0.6290351239823341,-1,0,0.0,0
pareto_20210104,fixed_random,1,4.502143575747799,-1.6153753682691243,0.6817701560746479,2.8320064423574145,0.6290351239823341,-1,0,0.0,0
pareto_20210104,fixed_random,2,4.502143575747799,-1.6153753682691243,0.6940566250963658,4.502143575747799,0.9999999999997778,48,0,0.0,0
pareto_20210104,fixed_random,3,4.502143575747799,-1.6153753682691243,0.6291190947528165,2.8320064423574145,0.6290351239823341,-1,0,0.0,0
pareto_20210104,fixed_random,4,4.502143575747799,-1.6153753682691243,0.83562485410556,4.502143575747799,0.9999999999997778,25,0,0.0,0
pareto_20210104,fixed_random,5,4.502143575747799,-1.6153753682691243,0.6757853139206869,4.502143575747799,0.9999999999997778,33,0,0.0,0
pareto_20210104,fixed_random,6,4.502143575747799,-1.6153753682691243,1.0,4.502143575747799,0.9999999999997778,0,0,0.0,0
pareto_20210104,fixed_random,7,4.502143575747799,-1.6153753682691243,0.7897381861841689,3.431418879147996,0.7621744667654853,-1,0,0.0,0
pareto_20210104,fixed_random,8,4.502143575747799,-1.6153753682691243,0.8166249699648306,4.502143575747799,0.9999999999997778,21,0,0.0,0
pareto_20210104,fixed_random,9,4.502143575747799,-1.6153753682691243,0.9590442337061518,4.502143575747799,0.9999999999997778,6,0,0.0,0
pareto_20210104,fixed_random,10,4.502143575747799,-1.6153753682691243,0.6714592132338085,2.8320064423574145,0.6290351239823341,-1,0,0.0,0
pareto_20210104,fixed_random,11,4.502143575747799,-1.6153753682691243,0.9508491845375814,4.502143575747799,0.9999999999997778,5,0,0.0,0
pareto_20210104,fixed_random,12,4.502143575747799,-1.6153753682691243,1.0,4.502143575747799,0.9999999999997778,0,0,0.0,0
pareto_20210104,fixed_random,13,4.502143575747799,-1.6153753682691243,0.8877614068360776,4.502143575747799,0.9999999999997778,14,0,0.0,0
pareto_20210104,fixed_random,14,4.502143575747799,-1.6153753682691243,0.8154576155488926,4.502143575747799,0.9999999999997778,21,0,0.0,0
pareto_20210104,fixed_random,15,4.502143575747799,-1.6153753682691243,0.8786811529597625,4.502143575747799,0.9999999999997778,25,0,0.0,0
pareto_20210104,fixed_random,16,4.502143575747799,-1.6153753682691243,0.9054815842532699,4.502143575747799,0.9999999999997778,11,0,0.0,0
pareto_20210104,fixed_random,17,4.502143575747799,-1.6153753682691243,0.5871020790173755,2.3703392696060606,0.5264912657104287,-1,0,0.0,0
pareto_20210104,fixed_random,18,4.502143575747799,-1.6153753682691243,0.7561575724007131,4.502143575747799,0.9999999999997778,27,0,0.0,0
pareto_20210104,fixed_random,19,4.502143575747799,-1.6153753682691243,0.7435747724046736,4.502143575747799,0.9999999999997778,39,0,0.0,0
pareto_20210104,fixed_lhs,0,4.502143575747799,-1.6153753682691243,0.6553685719885312,4.502143575747799,0.9999999999997778,41,0,0.0,0
pareto_20210104,fixed_lhs,1,4.502143575747799,-1.6153753682691243,0.8498288569225564,4.502143575747799,0.9999999999997778,22,0,0.0,0
pareto_20210104,fixed_lhs,2,4.502143575747799,-1.6153753682691243,0.8202349404978531,4.502143575747799,0.9999999999997778,17,0,0.0,0
pareto_20210104,fixed_lhs,3,4.502143575747799,-1.6153753682691243,0.6097634398226474,2.8320064423574145,0.6290351239823341,-1,0,0.0,0
pareto_20210104,fixed_lhs,4,4.502143575747799,-1.6153753682691243,0.9408249474780017,4.502143575747799,0.9999999999997778,9,0,0.0,0
pareto_20210104,fixed_lhs,5,4.502143575747799,-1.6153753682691243,0.7516944537350198,4.502143575747799,0.9999999999997778,26,0,0.0,0
pareto_20210104,fixed_lhs,6,4.502143575747799,-1.6153753682691243,1.0,4.502143575747799,0.9999999999997778,0,0,0.0,0
pareto_20210104,fixed_lhs,7,4.502143575747799,-1.6153753682691243,0.8498288569225564,4.502143575747799,0.9999999999997778,22,0,0.0,0
pareto_20210104,fixed_lhs,8,4.502143575747799,-1.6153753682691243,0.6921199561154269,4.502143575747799,0.9999999999997778,47,0,0.0,0
pareto_20210104,fixed_lhs,9,4.502143575747799,-1.6153753682691243,0.6663923157384868,3.431418879147996,0.7621744667654853,-1,0,0.0,0
pareto_20210104,fixed_lhs,10,4.502143575747799,-1.6153753682691243,0.736150721591943,4.502143575747799,0.9999999999997778,45,0,0.0,0
pareto_20210104,fixed_lhs,11,4.502143575747799,-1.6153753682691243,0.8397875867164403,4.502143575747799,0.9999999999997778,18,0,0.0,0
pareto_20210104,fixed_lhs,12,4.502143575747799,-1.6153753682691243,1.0,4.502143575747799,0.9999999999997778,0,0,0.0,0
pareto_20210104,fixed_lhs,13,4.502143575747799,-1.6153753682691243,0.8248324090167987,4.502143575747799,0.9999999999997778,22,0,0.0,0
pareto_20210104,fixed_lhs,14,4.502143575747799,-1.6153753682691243,0.5958409877245554,2.8320064423574145,0.6290351239823341,-1,0,0.0,0
pareto_20210104,fixed_lhs,15,4.502143575747799,-1.6153753682691243,0.8976105842653794,4.502143575747799,0.9999999999997778,15,0,0.0,0
pareto_20210104,fixed_lhs,16,4.502143575747799,-1.6153753682691243,0.738490434374043,4.502143575747799,0.9999999999997778,36,0,0.0,0
pareto_20210104,fixed_lhs,17,4.502143575747799,-1.6153753682691243,0.7139959459085282,4.502143575747799,0.9999999999997778,38,0,0.0,0
pareto_20210104,fixed_lhs,18,4.502143575747799,-1.6153753682691243,0.7336529863569535,4.502143575747799,0.9999999999997778,32,0,0.0,0
pareto_20210104,fixed_lhs,19,4.502143575747799,-1.6153753682691243,0.8093248307624497,4.502143575747799,0.9999999999997778,29,0,0.0,0
pareto_20210104,fixed_ei,0,4.502143575747799,-1.6153753682691243,0.7417356980837609,4.502143575747799,0.9999999999997778,25,0,0.0,0
pareto_20210104,fixed_ei,1,4.502143575747799,-1.6153753682691243,0.7727518055175061,3.431418879147996,0.7621744667654853,-1,0,0.0,0
pareto_20210104,fixed_ei,2,4.502143575747799,-1.6153753682691243,0.9129988639764767,4.502143575747799,0.9999999999997778,8,0,0.0,0
pareto_20210104,fixed_ei,3,4.502143575747799,-1.6153753682691243,0.5715373900819486,2.8320064423574145,0.6290351239823341,-1,0,0.0,0
pareto_20210104,fixed_ei,4,4.502143575747799,-1.6153753682691243,0.6515246907037872,2.3703392696060606,0.5264912657104287,-1,0,0.0,0
pareto_20210104,fixed_ei,5,4.502143575747799,-1.6153753682691243,0.595141472635478,2.8320064423574145,0.6290351239823341,-1,0,0.0,0
pareto_20210104,fixed_ei,6,4.502143575747799,-1.6153753682691243,1.0,4.502143575747799,0.9999999999997778,0,0,0.0,0
pareto_20210104,fixed_ei,7,4.502143575747799,-1.6153753682691243,0.675070757356139,2.8320064423574145,0.6290351239823341,-1,0,0.0,0
pareto_20210104,fixed_ei,8,4.502143575747799,-1.6153753682691243,0.6681467261508787,2.8320064423574145,0.6290351239823341,-1,0,0.0,0
pareto_20210104,fixed_ei,9,4.502143575747799,-1.6153753682691243,0.7137188623180308,4.502143575747799,0.9999999999997778,52,0,0.0,0
pareto_20210104,fixed_ei,10,4.502143575747799,-1.6153753682691243,0.7860594539752113,4.502143575747799,0.9999999999997778,41,0,0.0,0
pareto_20210104,fixed_ei,11,4.502143575747799,-1.6153753682691243,0.7462954739728518,4.502143575747799,0.9999999999997778,31,0,0.0,0
pareto_20210104,fixed_ei,12,4.502143575747799,-1.6153753682691243,1.0,4.502143575747799,0.9999999999997778,0,0,0.0,0
pareto_20210104,fixed_ei,13,4.502143575747799,-1.6153753682691243,0.8806970982243486,4.502143575747799,0.9999999999997778,14,0,0.0,0
pareto_20210104,fixed_ei,14,4.502143575747799,-1.6153753682691243,0.4865836540529669,2.3703392696060606,0.5264912657104287,-1,0,0.0,0
pareto_20210104,fixed_ei,15,4.502143575747799,-1.6153753682691243,0.9453923116082024,4.502143575747799,0.9999999999997778,8,0,0.0,0
pareto_20210104,fixed_ei,16,4.502143575747799,-1.6153753682691243,0.8023267626160719,4.502143575747799,0.9999999999997778,25,0,0.0,0
pareto_20210104,fixed_ei,17,4.502143575747799,-1.6153753682691243,0.6483736455457791,2.8320064423574145,0.6290351239823341,-1,0,0.0,0
pareto_20210104,fixed_ei,18,4.502143575747799,-1.6153753682691243,0.7422481092566695,4.502143575747799,0.9999999999997778,18,0,0.0,0
pareto_20210104,fixed_ei,19,4.502143575747799,-1.6153753682691243,0.967124970821112,4.502143575747799,0.9999999999997778,5,0,0.0,0
pareto_20210104,fixed_ucb_low,0,4.502143575747799,-1.6153753682691243,0.2685691916049287,2.8320064423574145,0.6290351239823341,-1,0,0.0,0
pareto_20210104,fixed_ucb_low,1,4.502143575747799,-1.6153753682691243,0.6968438031912927,2.8320064423574145,0.6290351239823341,-1,0,0.0,0
pareto_20210104,fixed_ucb_low,2,4.502143575747799,-1.6153753682691243,0.9129988639764767,4.502143575747799,0.9999999999997778,8,0,0.0,0
pareto_20210104,fixed_ucb_low,3,4.502143575747799,-1.6153753682691243,0.5295521749254485,1.7161831629185527,0.38119245511469857,-1,0,0.0,0
pareto_20210104,fixed_ucb_low,4,4.502143575747799,-1.6153753682691243,0.6515246907037872,2.3703392696060606,0.5264912657104287,-1,0,0.0,0
pareto_20210104,fixed_ucb_low,5,4.502143575747799,-1.6153753682691243,0.3073265253237077,0.39173411297056643,0.08701057760145132,-1,0,0.0,0
pareto_20210104,fixed_ucb_low,6,4.502143575747799,-1.6153753682691243,1.0,4.502143575747799,0.9999999999997778,0,0,0.0,0
pareto_20210104,fixed_ucb_low,7,4.502143575747799,-1.6153753682691243,0.7169419993468193,2.8320064423574145,0.6290351239823341,-1,0,0.0,0
pareto_20210104,fixed_ucb_low,8,4.502143575747799,-1.6153753682691243,0.5723059069342087,2.8320064423574145,0.6290351239823341,-1,0,0.0,0
pareto_20210104,fixed_ucb_low,9,4.502143575747799,-1.6153753682691243,0.7052180515894289,2.8320064423574145,0.6290351239823341,-1,0,0.0,0
pareto_20210104,fixed_ucb_low,10,4.502143575747799,-1.6153753682691243,0.6515246907037872,2.3703392696060606,0.5264912657104287,-1,0,0.0,0
pareto_20210104,fixed_ucb_low,11,4.502143575747799,-1.6153753682691243,0.6133304410292502,2.8320064423574145,0.6290351239823341,-1,0,0.0,0
pareto_20210104,fixed_ucb_low,12,4.502143575747799,-1.6153753682691243,1.0,4.502143575747799,0.9999999999997778,0,0,0.0,0
pareto_20210104,fixed_ucb_low,13,4.502143575747799,-1.6153753682691243,0.8806970982243486,4.502143575747799,0.9999999999997778,14,0,0.0,0
pareto_20210104,fixed_ucb_low,14,4.502143575747799,-1.6153753682691243,0.6449900699870484,2.8320064423574145,0.6290351239823341,-1,0,0.0,0
pareto_20210104,fixed_ucb_low,15,4.502143575747799,-1.6153753682691243,0.9453923116082024,4.502143575747799,0.9999999999997778,8,0,0.0,0
pareto_20210104,fixed_ucb_low,16,4.502143575747799,-1.6153753682691243,0.9054815842532699,4.502143575747799,0.9999999999997778,11,0,0.0,0
pareto_20210104,fixed_ucb_low,17,4.502143575747799,-1.6153753682691243,0.6727207876529231,2.8320064423574145,0.6290351239823341,-1,0,0.0,0
pareto_20210104,fixed_ucb_low,18,4.502143575747799,-1.6153753682691243,0.24106387725574946,-0.14066253243890645,-0.031243457715697434,-1,0,0.0,0
pareto_20210104,fixed_ucb_low,19,4.502143575747799,-1.6153753682691243,0.967124970821112,4.502143575747799,0.9999999999997778,5,0,0.0,0
pareto_20210104,mock_approach_c,0,4.502143575747799,-1.6153753682691243,0.9140827030855566,4.502143575747799,0.9999999999997778,6,0,0.0,0
pareto_20210104,mock_approach_c,1,4.502143575747799,-1.6153753682691243,0.6422393478154941,2.3703392696060606,0.5264912657104287,-1,0,0.0,0
pareto_20210104,mock_approach_c,2,4.502143575747799,-1.6153753682691243,0.8628838945509122,4.502143575747799,0.9999999999997778,14,0,0.0,0
pareto_20210104,mock_approach_c,3,4.502143575747799,-1.6153753682691243,0.7604908817616854,3.431418879147996,0.7621744667654853,-1,0,0.0,0
pareto_20210104,mock_approach_c,4,4.502143575747799,-1.6153753682691243,0.7961748190908944,4.502143575747799,0.9999999999997778,31,0,0.0,0
pareto_20210104,mock_approach_c,5,4.502143575747799,-1.6153753682691243,0.5627033091391913,4.502143575747799,0.9999999999997778,35,0,0.0,0
pareto_20210104,mock_approach_c,6,4.502143575747799,-1.6153753682691243,1.0,4.502143575747799,0.9999999999997778,0,0,0.0,0
pareto_20210104,mock_approach_c,7,4.502143575747799,-1.6153753682691243,0.9385663505592277,4.502143575747799,0.9999999999997778,9,0,0.0,0
pareto_20210104,mock_approach_c,8,4.502143575747799,-1.6153753682691243,0.9315703284644721,4.502143575747799,0.9999999999997778,7,0,0.0,0
pareto_20210104,mock_approach_c,9,4.502143575747799,-1.6153753682691243,0.7192665016354114,3.431418879147996,0.7621744667654853,-1,0,0.0,0
pareto_20210104,mock_approach_c,10,4.502143575747799,-1.6153753682691243,0.9276749358064466,4.502143575747799,0.9999999999997778,11,0,0.0,0
pareto_20210104,mock_approach_c,11,4.502143575747799,-1.6153753682691243,0.9054333015058764,4.502143575747799,0.9999999999997778,12,0,0.0,0
pareto_20210104,mock_approach_c,12,4.502143575747799,-1.6153753682691243,1.0,4.502143575747799,0.9999999999997778,0,0,0.0,0
pareto_20210104,mock_approach_c,13,4.502143575747799,-1.6153753682691243,0.787942583461386,3.431418879147996,0.7621744667654853,-1,0,0.0,0
pareto_20210104,mock_approach_c,14,4.502143575747799,-1.6153753682691243,0.7957325980415597,4.502143575747799,0.9999999999997778,24,0,0.0,0
pareto_20210104,mock_approach_c,15,4.502143575747799,-1.6153753682691243,0.9385663505592277,4.502143575747799,0.9999999999997778,9,0,0.0,0
pareto_20210104,mock_approach_c,16,4.502143575747799,-1.6153753682691243,0.6309324953266492,4.502143575747799,0.9999999999997778,48,0,0.0,0
pareto_20210104,mock_approach_c,17,4.502143575747799,-1.6153753682691243,0.8517853234372955,4.502143575747799,0.9999999999997778,18,0,0.0,0
pareto_20210104,mock_approach_c,18,4.502143575747799,-1.6153753682691243,0.5707817684734475,2.288972436251905,0.5084183562207257,-1,0,0.0,0
pareto_20210104,mock_approach_c,19,4.502143575747799,-1.6153753682691243,0.9605499649853344,4.502143575747799,0.9999999999997778,6,0,0.0,0
pareto_20210104,approach_a,0,4.502143575747799,-1.6153753682691243,0.5924038513703661,2.3703392696060606,0.5264912657104287,-1,0,0.0,0
pareto_20210104,approach_a,1,4.502143575747799,-1.6153753682691243,0.7883952074817839,4.502143575747799,0.9999999999997778,31,0,0.0,0
pareto_20210104,approach_a,2,4.502143575747799,-1.6153753682691243,0.8345409475319661,4.502143575747799,0.9999999999997778,25,0,0.0,0
pareto_20210104,approach_a,3,4.502143575747799,-1.6153753682691243,0.7619175494195284,4.502143575747799,0.9999999999997778,49,0,0.0,0
pareto_20210104,approach_a,4,4.502143575747799,-1.6153753682691243,0.8215954144639477,4.502143575747799,0.9999999999997778,28,0,0.0,0
pareto_20210104,approach_a,5,4.502143575747799,-1.6153753682691243,0.7475241468542487,4.502143575747799,0.9999999999997778,31,0,0.0,0
pareto_20210104,approach_a,6,4.502143575747799,-1.6153753682691243,1.0,4.502143575747799,0.9999999999997778,0,0,0.0,0
pareto_20210104,approach_a,7,4.502143575747799,-1.6153753682691243,0.8225250127266575,4.502143575747799,0.9999999999997778,26,0,0.0,0
pareto_20210104,approach_a,8,4.502143575747799,-1.6153753682691243,0.6324992488821355,2.8320064423574145,0.6290351239823341,-1,0,0.0,0
pareto_20210104,approach_a,9,4.502143575747799,-1.6153753682691243,0.6849518006017222,4.502143575747799,0.9999999999997778,47,0,0.0,0
pareto_20210104,approach_a,10,4.502143575747799,-1.6153753682691243,0.7693393352164546,3.431418879147996,0.7621744667654853,-1,0,0.0,0
pareto_20210104,approach_a,11,4.502143575747799,-1.6153753682691243,0.7097888438150082,4.502143575747799,0.9999999999997778,34,0,0.0,0
pareto_20210104,approach_a,12,4.502143575747799,-1.6153753682691243,1.0,4.502143575747799,0.9999999999997778,0,0,0.0,0
pareto_20210104,approach_a,13,4.502143575747799,-1.6153753682691243,0.7509704360752159,4.502143575747799,0.9999999999997778,43,0,0.0,0
pareto_20210104,approach_a,14,4.502143575747799,-1.6153753682691243,0.6974253742146749,3.431418879147996,0.7621744667654853,-1,0,0.0,0
pareto_20210104,approach_a,15,4.502143575747799,-1.6153753682691243,0.7610913632858851,4.502143575747799,0.9999999999997778,35,0,0.0,0
pareto_20210104,approach_a,16,4.502143575747799,-1.6153753682691243,0.8296230255267311,4.502143575747799,0.9999999999997778,22,0,0.0,0
pareto_20210104,approach_a,17,4.502143575747799,-1.6153753682691243,0.7972211337608129,4.502143575747799,0.9999999999997778,30,0,0.0,0
pareto_20210104,approach_a,18,4.502143575747799,-1.6153753682691243,0.6980615824444114,4.502143575747799,0.9999999999997778,42,0,0.0,0
pareto_20210104,approach_a,19,4.502143575747799,-1.6153753682691243,0.7238497548973408,4.502143575747799,0.9999999999997778,42,0,0.0,0
pareto_20210104,approach_b,0,4.502143575747799,-1.6153753682691243,0.7619879201101144,4.502143575747799,0.9999999999997778,34,2,0.3773584905660377,0
pareto_20210104,approach_b,1,4.502143575747799,-1.6153753682691243,0.7815692464328092,4.502143575747799,0.9999999999997778,32,2,0.3773584905660377,0
pareto_20210104,approach_b,2,4.502143575747799,-1.6153753682691243,0.8134969186040685,4.502143575747799,0.9999999999997778,22,2,0.3773584905660377,0
pareto_20210104,approach_b,3,4.502143575747799,-1.6153753682691243,0.6479652581516949,2.8320064423574145,0.6290351239823341,-1,2,0.3773584905660377,0
pareto_20210104,approach_b,4,4.502143575747799,-1.6153753682691243,0.8638932384114735,4.502143575747799,0.9999999999997778,22,2,0.3773584905660377,0
pareto_20210104,approach_b,5,4.502143575747799,-1.6153753682691243,0.8358525060017964,4.502143575747799,0.9999999999997778,15,2,0.3773584905660377,0
pareto_20210104,approach_b,6,4.502143575747799,-1.6153753682691243,1.0,4.502143575747799,0.9999999999997778,0,2,0.3773584905660377,0
pareto_20210104,approach_b,7,4.502143575747799,-1.6153753682691243,0.7679173243348598,4.502143575747799,0.9999999999997778,34,2,0.3773584905660377,0
pareto_20210104,approach_b,8,4.502143575747799,-1.6153753682691243,0.6299832020314876,2.8320064423574145,0.6290351239823341,-1,2,0.3773584905660377,0
pareto_20210104,approach_b,9,4.502143575747799,-1.6153753682691243,0.8030509504325217,4.502143575747799,0.9999999999997778,29,2,0.3773584905660377,0
pareto_20210104,approach_b,10,4.502143575747799,-1.6153753682691243,0.6580996965395648,4.502143575747799,0.9999999999997778,52,2,0.3773584905660377,0
pareto_20210104,approach_b,11,4.502143575747799,-1.6153753682691243,0.6894039763272081,3.431418879147996,0.7621744667654853,-1,2,0.3773584905660377,0
pareto_20210104,approach_b,12,4.502143575747799,-1.6153753682691243,1.0,4.502143575747799,0.9999999999997778,0,2,0.3773584905660377,0
pareto_20210104,approach_b,13,4.502143575747799,-1.6153753682691243,0.8536131592680954,4.502143575747799,0.9999999999997778,18,2,0.3773584905660377,0
pareto_20210104,approach_b,14,4.502143575747799,-1.6153753682691243,0.7270262176564121,4.502143575747799,0.9999999999997778,36,2,0.3773584905660377,0
pareto_20210104,approach_b,15,4.502143575747799,-1.6153753682691243,0.7438366171677495,4.502143575747799,0.9999999999997778,39,2,0.3773584905660377,0
pareto_20210104,approach_b,16,4.502143575747799,-1.6153753682691243,0.9236750650973012,4.502143575747799,0.9999999999997778,9,2,0.3773584905660377,0
pareto_20210104,approach_b,17,4.502143575747799,-1.6153753682691243,0.6918984663724539,4.502143575747799,0.9999999999997778,50,2,0.3773584905660377,0
pareto_20210104,approach_b,18,4.502143575747799,-1.6153753682691243,0.6836933926462021,3.431418879147996,0.7621744667654853,-1,2,0.3773584905660377,0
pareto_20210104,approach_b,19,4.502143575747799,-1.6153753682691243,0.8882249007917808,4.502143575747799,0.9999999999997778,17,2,0.3773584905660377,0
pareto_20210104,approach_c,0,4.502143575747799,-1.6153753682691243,0.759268882934826,4.502143575747799,0.9999999999997778,28,0,0.0,0
pareto_20210104,approach_c,1,4.502143575747799,-1.6153753682691243,0.8114634160051675,4.502143575747799,0.9999999999997778,34,0,0.0,0
pareto_20210104,approach_c,2,4.502143575747799,-1.6153753682691243,0.7964305680883162,4.502143575747799,0.9999999999997778,20,0,0.0,0
pareto_20210104,approach_c,3,4.502143575747799,-1.6153753682691243,0.6394827041171084,4.502143575747799,0.9999999999997778,45,0,0.0,0
pareto_20210104,approach_c,4,4.502143575747799,-1.6153753682691243,0.67124970821112,4.502143575747799,0.9999999999997778,50,0,0.0,0
pareto_20210104,approach_c,5,4.502143575747799,-1.6153753682691243,0.661566206069837,2.8320064423574145,0.6290351239823341,-1,0,0.0,0
pareto_20210104,approach_c,6,4.502143575747799,-1.6153753682691243,1.0,4.502143575747799,0.9999999999997778,0,0,0.0,0
pareto_20210104,approach_c,7,4.502143575747799,-1.6153753682691243,0.6800953063950206,2.8320064423574145,0.6290351239823341,-1,0,0.0,0
pareto_20210104,approach_c,8,4.502143575747799,-1.6153753682691243,0.5863764666228339,2.288972436251905,0.5084183562207257,-1,0,0.0,0
pareto_20210104,approach_c,9,4.502143575747799,-1.6153753682691243,0.7125502619602672,4.502143575747799,0.9999999999997778,48,0,0.0,0
pareto_20210104,approach_c,10,4.502143575747799,-1.6153753682691243,0.8816498949560031,4.502143575747799,0.9999999999997778,18,0,0.0,0
pareto_20210104,approach_c,11,4.502143575747799,-1.6153753682691243,0.6953449763474031,3.431418879147996,0.7621744667654853,-1,0,0.0,0
pareto_20210104,approach_c,12,4.502143575747799,-1.6153753682691243,1.0,4.502143575747799,0.9999999999997778,0,0,0.0,0
pareto_20210104,approach_c,13,4.502143575747799,-1.6153753682691243,0.6305189202627824,4.502143575747799,0.9999999999997778,43,0,0.0,0
pareto_20210104,approach_c,14,4.502143575747799,-1.6153753682691243,0.7841961461284306,4.502143575747799,0.9999999999997778,22,0,0.0,0
pareto_20210104,approach_c,15,4.502143575747799,-1.6153753682691243,0.8566548179715311,4.502143575747799,0.9999999999997778,21,0,0.0,0
pareto_20210104,approach_c,16,4.502143575747799,-1.6153753682691243,0.9054815842532699,4.502143575747799,0.9999999999997778,11,0,0.0,0
pareto_20210104,approach_c,17,4.502143575747799,-1.6153753682691243,0.5851674159124328,2.8320064423574145,0.6290351239823341,-1,0,0.0,0
pareto_20210104,approach_c,18,4.502143575747799,-1.6153753682691243,0.7832201571995938,4.502143575747799,0.9999999999997778,20,0,0.0,0
pareto_20210104,approach_c,19,4.502143575747799,-1.6153753682691243,0.8251971749158694,4.502143575747799,0.9999999999997778,32,0,0.0,0
pareto_20210104,approach_d,0,4.502143575747799,-1.6153753682691243,0.6593743311072758,4.502143575747799,0.9999999999997778,41,3,0.5660377358490566,0
pareto_20210104,approach_d,1,4.502143575747799,-1.6153753682691243,0.8907846232164046,4.502143575747799,0.9999999999997778,16,3,0.5660377358490566,0
pareto_20210104,approach_d,2,4.502143575747799,-1.6153753682691243,0.573518267475228,2.0431074144715202,0.45380769850986136,-1,1,0.18867924528301885,0
pareto_20210104,approach_d,3,4.502143575747799,-1.6153753682691243,0.6584553361709433,2.8320064423574145,0.6290351239823341,-1,6,1.1320754716981132,0
pareto_20210104,approach_d,4,4.502143575747799,-1.6153753682691243,0.9210999299706689,4.502143575747799,0.9999999999997778,12,3,0.5660377358490566,0
pareto_20210104,approach_d,5,4.502143575747799,-1.6153753682691243,0.6592541039066434,4.502143575747799,0.9999999999997778,37,1,0.18867924528301885,0
pareto_20210104,approach_d,6,4.502143575747799,-1.6153753682691243,1.0,4.502143575747799,0.9999999999997778,0,1,0.18867924528301885,0
pareto_20210104,approach_d,7,4.502143575747799,-1.6153753682691243,0.7085677509486833,2.8320064423574145,0.6290351239823341,-1,4,0.7547169811320754,0
pareto_20210104,approach_d,8,4.502143575747799,-1.6153753682691243,0.6353693177571742,3.431418879147996,0.7621744667654853,-1,2,0.3773584905660377,0
pareto_20210104,approach_d,9,4.502143575747799,-1.6153753682691243,0.8476325171305246,4.502143575747799,0.9999999999997778,28,3,0.5660377358490566,0
pareto_20210104,approach_d,10,4.502143575747799,-1.6153753682691243,0.7106997432257857,4.502143575747799,0.9999999999997778,44,6,1.1320754716981132,0
pareto_20210104,approach_d,11,4.502143575747799,-1.6153753682691243,0.6475459658308934,4.502143575747799,0.9999999999997778,44,4,0.7547169811320754,0
pareto_20210104,approach_d,12,4.502143575747799,-1.6153753682691243,1.0,4.502143575747799,0.9999999999997778,0,3,0.5660377358490566,0
pareto_20210104,approach_d,13,4.502143575747799,-1.6153753682691243,0.8536131592680954,4.502143575747799,0.9999999999997778,18,3,0.5660377358490566,0
pareto_20210104,approach_d,14,4.502143575747799,-1.6153753682691243,0.770146415690428,4.502143575747799,0.9999999999997778,24,1,0.18867924528301885,0
pareto_20210104,approach_d,15,4.502143575747799,-1.6153753682691243,0.7808422831814824,3.431418879147996,0.7621744667654853,-1,4,0.7547169811320754,0
pareto_20210104,approach_d,16,4.502143575747799,-1.6153753682691243,0.9054815842532699,4.502143575747799,0.9999999999997778,11,1,0.18867924528301885,0
pareto_20210104,approach_d,17,4.502143575747799,-1.6153753682691243,0.7643418866093837,4.502143575747799,0.9999999999997778,30,5,0.9433962264150944,0
pareto_20210104,approach_d,18,4.502143575747799,-1.6153753682691243,0.8568045051425942,4.502143575747799,0.9999999999997778,10,1,0.18867924528301885,0
pareto_20210104,approach_d,19,4.502143575747799,-1.6153753682691243,0.6778247140468977,4.502143575747799,0.9999999999997778,49,8,1.5094339622641508,0
pareto_20210104,novelty_egbo,0,4.502143575747799,-1.6153753682691243,0.8496534179429149,4.502143575747799,0.9999999999997778,13,0,0.0,0
pareto_20210104,novelty_egbo,1,4.502143575747799,-1.6153753682691243,0.8839586621674299,4.502143575747799,0.9999999999997778,17,0,0.0,0
pareto_20210104,novelty_egbo,2,4.502143575747799,-1.6153753682691243,0.8572766392337413,4.502143575747799,0.9999999999997778,13,0,0.0,0
pareto_20210104,novelty_egbo,3,4.502143575747799,-1.6153753682691243,0.8074053561751994,4.502143575747799,0.9999999999997778,33,0,0.0,0
pareto_20210104,novelty_egbo,4,4.502143575747799,-1.6153753682691243,0.8321071422253312,4.502143575747799,0.9999999999997778,29,0,0.0,0
pareto_20210104,novelty_egbo,5,4.502143575747799,-1.6153753682691243,0.8379140424838392,4.502143575747799,0.9999999999997778,21,0,0.0,0
pareto_20210104,novelty_egbo,6,4.502143575747799,-1.6153753682691243,1.0,4.502143575747799,0.9999999999997778,0,0,0.0,0
pareto_20210104,novelty_egbo,7,4.502143575747799,-1.6153753682691243,0.8716339845048867,4.502143575747799,0.9999999999997778,25,0,0.0,0
pareto_20210104,novelty_egbo,8,4.502143575747799,-1.6153753682691243,0.8126833569553302,4.502143575747799,0.9999999999997778,29,0,0.0,0
pareto_20210104,novelty_egbo,9,4.502143575747799,-1.6153753682691243,0.9385663505592277,4.502143575747799,0.9999999999997778,9,0,0.0,0
pareto_20210104,novelty_egbo,10,4.502143575747799,-1.6153753682691243,0.9145249241348912,4.502143575747799,0.9999999999997778,13,0,0.0,0
pareto_20210104,novelty_egbo,11,4.502143575747799,-1.6153753682691243,0.8302499354496418,4.502143575747799,0.9999999999997778,21,0,0.0,0
pareto_20210104,novelty_egbo,12,4.502143575747799,-1.6153753682691243,1.0,4.502143575747799,0.9999999999997778,0,0,0.0,0
pareto_20210104,novelty_egbo,13,4.502143575747799,-1.6153753682691243,0.8206685122267897,4.502143575747799,0.9999999999997778,29,0,0.0,0
pareto_20210104,novelty_egbo,14,4.502143575747799,-1.6153753682691243,0.8774607314735998,4.502143575747799,0.9999999999997778,13,0,0.0,0
pareto_20210104,novelty_egbo,15,4.502143575747799,-1.6153753682691243,0.9253568432730802,4.502143575747799,0.9999999999997778,13,0,0.0,0
pareto_20210104,novelty_egbo,16,4.502143575747799,-1.6153753682691243,0.9226667507526753,4.502143575747799,0.9999999999997778,9,0,0.0,0
pareto_20210104,novelty_egbo,17,4.502143575747799,-1.6153753682691243,0.7448865727062395,4.502143575747799,0.9999999999997778,41,0,0.0,0
pareto_20210104,novelty_egbo,18,4.502143575747799,-1.6153753682691243,0.815598377216424,4.502143575747799,0.9999999999997778,25,0,0.0,0
pareto_20210104,novelty_egbo,19,4.502143575747799,-1.6153753682691243,0.8882249007917808,4.502143575747799,0.9999999999997778,17,0,0.0,0
pareto_20210104,egbo,0,4.502143575747799,-1.6153753682691243,0.889299583122424,4.502143575747799,0.9999999999997778,9,0,0.0,0
pareto_20210104,egbo,1,4.502143575747799,-1.6153753682691243,0.825495354078806,4.502143575747799,0.9999999999997778,41,0,0.0,0
pareto_20210104,egbo,2,4.502143575747799,-1.6153753682691243,0.8361213166283039,4.502143575747799,0.9999999999997778,29,0,0.0,0
pareto_20210104,egbo,3,4.502143575747799,-1.6153753682691243,0.8364896570716408,4.502143575747799,0.9999999999997778,29,0,0.0,0
pareto_20210104,egbo,4,4.502143575747799,-1.6153753682691243,0.83562485410556,4.502143575747799,0.9999999999997778,25,0,0.0,0
pareto_20210104,egbo,5,4.502143575747799,-1.6153753682691243,0.7921425021421619,4.502143575747799,0.9999999999997778,37,0,0.0,0
pareto_20210104,egbo,6,4.502143575747799,-1.6153753682691243,1.0,4.502143575747799,0.9999999999997778,0,0,0.0,0
pareto_20210104,egbo,7,4.502143575747799,-1.6153753682691243,0.952660687468979,4.502143575747799,0.9999999999997778,9,0,0.0,0
pareto_20210104,egbo,8,4.502143575747799,-1.6153753682691243,0.817446221231097,4.502143575747799,0.9999999999997778,41,0,0.0,0
pareto_20210104,egbo,9,4.502143575747799,-1.6153753682691243,0.8601941364659474,4.502143575747799,0.9999999999997778,37,0,0.0,0
pareto_20210104,egbo,10,4.502143575747799,-1.6153753682691243,0.8222963555902282,4.502143575747799,0.9999999999997778,33,0,0.0,0
pareto_20210104,egbo,11,4.502143575747799,-1.6153753682691243,0.8583826335345497,4.502143575747799,0.9999999999997778,33,0,0.0,0
pareto_20210104,egbo,12,4.502143575747799,-1.6153753682691243,1.0,4.502143575747799,0.9999999999997778,0,0,0.0,0
pareto_20210104,egbo,13,4.502143575747799,-1.6153753682691243,0.7756913345787545,4.502143575747799,0.9999999999997778,41,0,0.0,0
pareto_20210104,egbo,14,4.502143575747799,-1.6153753682691243,0.822726194282118,4.502143575747799,0.9999999999997778,37,0,0.0,0
pareto_20210104,egbo,15,4.502143575747799,-1.6153753682691243,0.846099799556196,4.502143575747799,0.9999999999997778,37,0,0.0,0
pareto_20210104,egbo,16,4.502143575747799,-1.6153753682691243,0.9226667507526753,4.502143575747799,0.9999999999997778,9,0,0.0,0
pareto_20210104,egbo,17,4.502143575747799,-1.6153753682691243,0.9511216631889086,4.502143575747799,0.9999999999997778,5,0,0.0,0
pareto_20210104,egbo,18,4.502143575747799,-1.6153753682691243,0.7440641067111556,4.502143575747799,0.9999999999997778,41,0,0.0,0
pareto_20210104,egbo,19,4.502143575747799,-1.6153753682691243,0.8015729188836539,4.502143575747799,0.9999999999997778,41,0,0.0,0
pareto_20210112,fixed_ucb_high,0,6.114679357715656,-1.6910003165941683,0.5748153707435756,3.4328742170248834,0.5614152461964559,-1,0,0.0,0
pareto_20210112,fixed_ucb_high,1,6.114679357715656,-1.6910003165941683,0.8772881059987162,6.114679357715656,0.9999999999998365,38,0,0.0,0
pareto_20210112,fixed_ucb_high,2,6.114679357715656,-1.6910003165941683,0.8027795017256963,6.114679357715656,0.9999999999998365,67,0,0.0,0
pareto_20210112,fixed_ucb_high,3,6.114679357715656,-1.6910003165941683,1.0,6.114679357715656,0.9999999999998365,0,0,0.0,0
pareto_20210112,fixed_ucb_high,4,6.114679357715656,-1.6910003165941683,0.8058769358504134,6.114679357715656,0.9999999999998365,34,0,0.0,0
pareto_20210112,fixed_ucb_high,5,6.114679357715656,-1.6910003165941683,0.8248507274943995,6.114679357715656,0.9999999999998365,60,0,0.0,0
pareto_20210112,fixed_ucb_high,6,6.114679357715656,-1.6910003165941683,0.669148549281749,5.007901563748517,0.8189965934074044,-1,0,0.0,0
pareto_20210112,fixed_ucb_high,7,6.114679357715656,-1.6910003165941683,0.6475874724913141,6.114679357715656,0.9999999999998365,63,0,0.0,0
pareto_20210112,fixed_ucb_high,8,6.114679357715656,-1.6910003165941683,0.8074802055203085,6.114679357715656,0.9999999999998365,39,0,0.0,0
pareto_20210112,fixed_ucb_high,9,6.114679357715656,-1.6910003165941683,0.7163280202363963,5.007901563748517,0.8189965934074044,-1,0,0.0,0
pareto_20210112,fixed_ucb_high,10,6.114679357715656,-1.6910003165941683,0.8897178453378353,6.114679357715656,0.9999999999998365,56,0,0.0,0
pareto_20210112,fixed_ucb_high,11,6.114679357715656,-1.6910003165941683,0.7750093889015169,5.007901563748517,0.8189965934074044,-1,0,0.0,0
pareto_20210112,fixed_ucb_high,12,6.114679357715656,-1.6910003165941683,0.7623225553543712,5.007901563748517,0.8189965934074044,-1,0,0.0,0
pareto_20210112,fixed_ucb_high,13,6.114679357715656,-1.6910003165941683,0.834763379138435,6.114679357715656,0.9999999999998365,19,0,0.0,0
pareto_20210112,fixed_ucb_high,14,6.114679357715656,-1.6910003165941683,0.5939673149871294,6.114679357715656,0.9999999999998365,71,0,0.0,0
pareto_20210112,fixed_ucb_high,15,6.114679357715656,-1.6910003165941683,0.7229294758246585,5.007901563748517,0.8189965934074044,-1,0,0.0,0
pareto_20210112,fixed_ucb_high,16,6.114679357715656,-1.6910003165941683,0.8582086582915024,5.007901563748517,0.8189965934074044,-1,0,0.0,0
pareto_20210112,fixed_ucb_high,17,6.114679357715656,-1.6910003165941683,0.8835681571639333,6.114679357715656,0.9999999999998365,24,0,0.0,0
pareto_20210112,fixed_ucb_high,18,6.114679357715656,-1.6910003165941683,0.6248677567249729,3.8867505271241742,0.6356425741636214,-1,0,0.0,0
pareto_20210112,fixed_ucb_high,19,6.114679357715656,-1.6910003165941683,1.0,6.114679357715656,0.9999999999998365,0,0,0.0,0
pareto_20210112,mock_approach_b,0,6.114679357715656,-1.6910003165941683,0.7879483013173831,6.114679357715656,0.9999999999998365,33,2,0.2777777777777778,0
pareto_20210112,mock_approach_b,1,6.114679357715656,-1.6910003165941683,0.9484650991931396,6.114679357715656,0.9999999999998365,13,2,0.2777777777777778,0
pareto_20210112,mock_approach_b,2,6.114679357715656,-1.6910003165941683,0.687354842258027,3.8867505271241742,0.6356425741636214,-1,2,0.2777777777777778,0
pareto_20210112,mock_approach_b,3,6.114679357715656,-1.6910003165941683,1.0,6.114679357715656,0.9999999999998365,0,2,0.2777777777777778,0
pareto_20210112,mock_approach_b,4,6.114679357715656,-1.6910003165941683,0.7527002767591426,5.007901563748517,0.8189965934074044,-1,2,0.2777777777777778,0
pareto_20210112,mock_approach_b,5,6.114679357715656,-1.6910003165941683,0.5737282408818128,2.963083196365513,0.4845852125714712,-1,2,0.2777777777777778,0
pareto_20210112,mock_approach_b,6,6.114679357715656,-1.6910003165941683,0.860399228007632,6.114679357715656,0.9999999999998365,16,2,0.2777777777777778,0
pareto_20210112,mock_approach_b,7,6.114679357715656,-1.6910003165941683,0.8382557859140847,5.007901563748517,0.8189965934074044,-1,2,0.2777777777777778,0
pareto_20210112,mock_approach_b,8,6.114679357715656,-1.6910003165941683,0.8344720119213987,5.007901563748517,0.8189965934074044,-1,2,0.2777777777777778,0
pareto_20210112,mock_approach_b,9,6.114679357715656,-1.6910003165941683,0.8783140751721105,6.114679357715656,0.9999999999998365,20,2,0.2777777777777778,0
pareto_20210112,mock_approach_b,10,6.114679357715656,-1.6910003165941683,0.8582086582915024,5.007901563748517,0.8189965934074044,-1,2,0.2777777777777778,0
pareto_20210112,mock_approach_b,11,6.114679357715656,-1.6910003165941683,0.6624636292638235,5.007901563748517,0.8189965934074044,-1,2,0.2777777777777778,0
pareto_20210112,mock_approach_b,12,6.114679357715656,-1.6910003165941683,0.868231712540839,6.114679357715656,0.9999999999998365,20,2,0.2777777777777778,0
pareto_20210112,mock_approach_b,13,6.114679357715656,-1.6910003165941683,0.7615253381154802,6.114679357715656,0.9999999999998365,29,2,0.2777777777777778,0
pareto_20210112,mock_approach_b,14,6.114679357715656,-1.6910003165941683,0.6632287946235995,5.007901563748517,0.8189965934074044,-1,2,0.2777777777777778,0
pareto_20210112,mock_approach_b,15,6.114679357715656,-1.6910003165941683,0.8104905842524119,6.114679357715656,0.9999999999998365,45,2,0.2777777777777778,0
pareto_20210112,mock_approach_b,16,6.114679357715656,-1.6910003165941683,0.8582086582915024,5.007901563748517,0.8189965934074044,-1,2,0.2777777777777778,0
pareto_20210112,mock_approach_b,17,6.114679357715656,-1.6910003165941683,0.7690877236475172,5.007901563748517,0.8189965934074044,-1,2,0.2777777777777778,0
pareto_20210112,mock_approach_b,18,6.114679357715656,-1.6910003165941683,0.7942397462899053,5.007901563748517,0.8189965934074044,-1,2,0.2777777777777778,0
pareto_20210112,mock_approach_b,19,6.114679357715656,-1.6910003165941683,1.0,6.114679357715656,0.9999999999998365,0,2,0.2777777777777778,0
pareto_20210112,mock_approach_a,0,6.114679357715656,-1.6910003165941683,0.686477441672387,6.114679357715656,0.9999999999998365,53,0,0.0,0
pareto_20210112,mock_approach_a,1,6.114679357715656,-1.6910003165941683,0.8063412856280722,5.007901563748517,0.8189965934074044,-1,0,0.0,0
pareto_20210112,mock_approach_a,2,6.114679357715656,-1.6910003165941683,0.664099136580353,3.8867505271241742,0.6356425741636214,-1,0,0.0,0
pareto_20210112,mock_approach_a,3,6.114679357715656,-1.6910003165941683,1.0,6.114679357715656,0.9999999999998365,0,0,0.0,0
pareto_20210112,mock_approach_a,4,6.114679357715656,-1.6910003165941683,0.7118530400232461,5.007901563748517,0.8189965934074044,-1,0,0.0,0
pareto_20210112,mock_approach_a,5,6.114679357715656,-1.6910003165941683,0.7338916325945795,5.007901563748517,0.8189965934074044,-1,0,0.0,0
pareto_20210112,mock_approach_a,6,6.114679357715656,-1.6910003165941683,0.6342287844956525,5.007901563748517,0.8189965934074044,-1,0,0.0,0
pareto_20210112,mock_approach_a,7,6.114679357715656,-1.6910003165941683,0.8413403717564972,6.114679357715656,0.9999999999998365,37,0,0.0,0
pareto_20210112,mock_approach_a,8,6.114679357715656,-1.6910003165941683,0.7527267761771942,6.114679357715656,0.9999999999998365,56,0,0.0,0
pareto_20210112,mock_approach_a,9,6.114679357715656,-1.6910003165941683,0.8001370734262202,5.007901563748517,0.8189965934074044,-1,0,0.0,0
pareto_20210112,mock_approach_a,10,6.114679357715656,-1.6910003165941683,0.8582086582915024,5.007901563748517,0.8189965934074044,-1,0,0.0,0
pareto_20210112,mock_approach_a,11,6.114679357715656,-1.6910003165941683,0.7039132118914485,6.114679357715656,0.9999999999998365,47,0,0.0,0
pareto_20210112,mock_approach_a,12,6.114679357715656,-1.6910003165941683,0.6232415681689348,5.007901563748517,0.8189965934074044,-1,0,0.0,0
pareto_20210112,mock_approach_a,13,6.114679357715656,-1.6910003165941683,0.6310433761218902,5.007901563748517,0.8189965934074044,-1,0,0.0,0
pareto_20210112,mock_approach_a,14,6.114679357715656,-1.6910003165941683,0.7216835071778346,5.007901563748517,0.8189965934074044,-1,0,0.0,0
pareto_20210112,mock_approach_a,15,6.114679357715656,-1.6910003165941683,0.8049612495021756,5.007901563748517,0.8189965934074044,-1,0,0.0,0
pareto_20210112,mock_approach_a,16,6.114679357715656,-1.6910003165941683,0.8582086582915024,5.007901563748517,0.8189965934074044,-1,0,0.0,0
pareto_20210112,mock_approach_a,17,6.114679357715656,-1.6910003165941683,0.8134443924882553,6.114679357715656,0.9999999999998365,32,0,0.0,0
pareto_20210112,mock_approach_a,18,6.114679357715656,-1.6910003165941683,0.8661511677095576,6.114679357715656,0.9999999999998365,41,0,0.0,0
pareto_20210112,mock_approach_a,19,6.114679357715656,-1.6910003165941683,1.0,6.114679357715656,0.9999999999998365,0,0,0.0,0
pareto_20210112,fixed_random,0,6.114679357715656,-1.6910003165941683,0.5676700947733954,3.4328742170248834,0.5614152461964559,-1,0,0.0,0
pareto_20210112,fixed_random,1,6.114679357715656,-1.6910003165941683,0.8216099587454828,6.114679357715656,0.9999999999998365,45,0,0.0,0
pareto_20210112,fixed_random,2,6.114679357715656,-1.6910003165941683,0.7531797506670622,6.114679357715656,0.9999999999998365,50,0,0.0,0
pareto_20210112,fixed_random,3,6.114679357715656,-1.6910003165941683,1.0,6.114679357715656,0.9999999999998365,0,0,0.0,0
pareto_20210112,fixed_random,4,6.114679357715656,-1.6910003165941683,0.7935785803735462,6.114679357715656,0.9999999999998365,30,0,0.0,0
pareto_20210112,fixed_random,5,6.114679357715656,-1.6910003165941683,0.7180564240015725,6.114679357715656,0.9999999999998365,47,0,0.0,0
pareto_20210112,fixed_random,6,6.114679357715656,-1.6910003165941683,0.9094777847906279,6.114679357715656,0.9999999999998365,8,0,0.0,0
pareto_20210112,fixed_random,7,6.114679357715656,-1.6910003165941683,0.9582807093388447,6.114679357715656,0.9999999999998365,7,0,0.0,0
pareto_20210112,fixed_random,8,6.114679357715656,-1.6910003165941683,0.7522081830825336,6.114679357715656,0.9999999999998365,52,0,0.0,0
pareto_20210112,fixed_random,9,6.114679357715656,-1.6910003165941683,0.6728889716107929,5.007901563748517,0.8189965934074044,-1,0,0.0,0
pareto_20210112,fixed_random,10,6.114679357715656,-1.6910003165941683,0.8582086582915024,5.007901563748517,0.8189965934074044,-1,0,0.0,0
pareto_20210112,fixed_random,11,6.114679357715656,-1.6910003165941683,0.6409500796956764,5.007901563748517,0.8189965934074044,-1,0,0.0,0
pareto_20210112,fixed_random,12,6.114679357715656,-1.6910003165941683,0.766136245515675,5.007901563748517,0.8189965934074044,-1,0,0.0,0
pareto_20210112,fixed_random,13,6.114679357715656,-1.6910003165941683,0.6442273156925952,3.8867505271241742,0.6356425741636214,-1,0,0.0,0
pareto_20210112,fixed_random,14,6.114679357715656,-1.6910003165941683,0.8589790830085232,6.114679357715656,0.9999999999998365,27,0,0.0,0
pareto_20210112,fixed_random,15,6.114679357715656,-1.6910003165941683,0.7208863935190281,5.007901563748517,0.8189965934074044,-1,0,0.0,0
pareto_20210112,fixed_random,16,6.114679357715656,-1.6910003165941683,0.8582086582915024,5.007901563748517,0.8189965934074044,-1,0,0.0,0
pareto_20210112,fixed_random,17,6.114679357715656,-1.6910003165941683,0.7654580046061019,5.007901563748517,0.8189965934074044,-1,0,0.0,0
pareto_20210112,fixed_random,18,6.114679357715656,-1.6910003165941683,0.8181312670481147,6.114679357715656,0.9999999999998365,70,0,0.0,0
pareto_20210112,fixed_random,19,6.114679357715656,-1.6910003165941683,1.0,6.114679357715656,0.9999999999998365,0,0,0.0,0
pareto_20210112,fixed_lhs,0,6.114679357715656,-1.6910003165941683,0.7595445916427995,6.114679357715656,0.9999999999998365,46,0,0.0,0
pareto_20210112,fixed_lhs,1,6.114679357715656,-1.6910003165941683,0.9484650991931396,6.114679357715656,0.9999999999998365,13,0,0.0,0
pareto_20210112,fixed_lhs,2,6.114679357715656,-1.6910003165941683,0.754360830422299,5.007901563748517,0.8189965934074044,-1,0,0.0,0
pareto_20210112,fixed_lhs,3,6.114679357715656,-1.6910003165941683,1.0,6.114679357715656,0.9999999999998365,0,0,0.0,0
pareto_20210112,fixed_lhs,4,6.114679357715656,-1.6910003165941683,0.827534595994183,6.114679357715656,0.9999999999998365,34,0,0.0,0
pareto_20210112,fixed_lhs,5,6.114679357715656,-1.6910003165941683,0.7265414184751171,5.007901563748517,0.8189965934074044,-1,0,0.0,0
pareto_20210112,fixed_lhs,6,6.114679357715656,-1.6910003165941683,0.860399228007632,6.114679357715656,0.9999999999998365,16,0,0.0,0
pareto_20210112,fixed_lhs,7,6.114679357715656,-1.6910003165941683,0.8382557859140847,5.007901563748517,0.8189965934074044,-1,0,0.0,0
pareto_20210112,fixed_lhs,8,6.114679357715656,-1.6910003165941683,0.8443186328733777,6.114679357715656,0.9999999999998365,67,0,0.0,0
pareto_20210112,fixed_lhs,9,6.114679357715656,-1.6910003165941683,0.8783140751721105,6.114679357715656,0.9999999999998365,20,0,0.0,0
pareto_20210112,fixed_lhs,10,6.114679357715656,-1.6910003165941683,0.8779019001954604,6.114679357715656,0.9999999999998365,62,0,0.0,0
pareto_20210112,fixed_lhs,11,6.114679357715656,-1.6910003165941683,0.623815159988051,3.8867505271241742,0.6356425741636214,-1,0,0.0,0
pareto_20210112,fixed_lhs,12,6.114679357715656,-1.6910003165941683,0.868231712540839,6.114679357715656,0.9999999999998365,20,0,0.0,0
pareto_20210112,fixed_lhs,13,6.114679357715656,-1.6910003165941683,0.556777137424976,3.4328742170248834,0.5614152461964559,-1,0,0.0,0
pareto_20210112,fixed_lhs,14,6.114679357715656,-1.6910003165941683,0.6364856498955529,6.114679357715656,0.9999999999998365,69,0,0.0,0
pareto_20210112,fixed_lhs,15,6.114679357715656,-1.6910003165941683,0.8138990437964719,6.114679357715656,0.9999999999998365,39,0,0.0,0
pareto_20210112,fixed_lhs,16,6.114679357715656,-1.6910003165941683,0.9428895984785218,6.114679357715656,0.9999999999998365,29,0,0.0,0
pareto_20210112,fixed_lhs,17,6.114679357715656,-1.6910003165941683,0.7690877236475172,5.007901563748517,0.8189965934074044,-1,0,0.0,0
pareto_20210112,fixed_lhs,18,6.114679357715656,-1.6910003165941683,0.7942397462899053,5.007901563748517,0.8189965934074044,-1,0,0.0,0
pareto_20210112,fixed_lhs,19,6.114679357715656,-1.6910003165941683,1.0,6.114679357715656,0.9999999999998365,0,0,0.0,0
pareto_20210112,fixed_ei,0,6.114679357715656,-1.6910003165941683,0.7489672157873805,6.114679357715656,0.9999999999998365,24,0,0.0,0
pareto_20210112,fixed_ei,1,6.114679357715656,-1.6910003165941683,0.7564688119132353,5.007901563748517,0.8189965934074044,-1,0,0.0,0
pareto_20210112,fixed_ei,2,6.114679357715656,-1.6910003165941683,0.9506359501334125,6.114679357715656,0.9999999999998365,10,0,0.0,0
pareto_20210112,fixed_ei,3,6.114679357715656,-1.6910003165941683,1.0,6.114679357715656,0.9999999999998365,0,0,0.0,0
pareto_20210112,fixed_ei,4,6.114679357715656,-1.6910003165941683,0.5559446277637586,2.963083196365513,0.4845852125714712,-1,0,0.0,0
pareto_20210112,fixed_ei,5,6.114679357715656,-1.6910003165941683,0.660147090770914,5.007901563748517,0.8189965934074044,-1,0,0.0,0
pareto_20210112,fixed_ei,6,6.114679357715656,-1.6910003165941683,0.6831324012116929,5.007901563748517,0.8189965934074044,-1,0,0.0,0
pareto_20210112,fixed_ei,7,6.114679357715656,-1.6910003165941683,0.752704301897015,5.007901563748517,0.8189965934074044,-1,0,0.0,0
pareto_20210112,fixed_ei,8,6.114679357715656,-1.6910003165941683,0.6922157514963744,3.8867505271241742,0.6356425741636214,-1,0,0.0,0
pareto_20210112,fixed_ei,9,6.114679357715656,-1.6910003165941683,0.7183008097254917,6.114679357715656,0.9999999999998365,69,0,0.0,0
pareto_20210112,fixed_ei,10,6.114679357715656,-1.6910003165941683,0.8582086582915024,5.007901563748517,0.8189965934074044,-1,0,0.0,0
pareto_20210112,fixed_ei,11,6.114679357715656,-1.6910003165941683,0.6068025323653102,5.007901563748517,0.8189965934074044,-1,0,0.0,0
pareto_20210112,fixed_ei,12,6.114679357715656,-1.6910003165941683,0.7167288466814344,6.114679357715656,0.9999999999998365,47,0,0.0,0
pareto_20210112,fixed_ei,13,6.114679357715656,-1.6910003165941683,0.6750344976101346,5.007901563748517,0.8189965934074044,-1,0,0.0,0
pareto_20210112,fixed_ei,14,6.114679357715656,-1.6910003165941683,0.9214574303897369,6.114679357715656,0.9999999999998365,9,0,0.0,0
pareto_20210112,fixed_ei,15,6.114679357715656,-1.6910003165941683,0.8049612495021756,5.007901563748517,0.8189965934074044,-1,0,0.0,0
pareto_20210112,fixed_ei,16,6.114679357715656,-1.6910003165941683,0.8582086582915024,5.007901563748517,0.8189965934074044,-1,0,0.0,0
pareto_20210112,fixed_ei,17,6.114679357715656,-1.6910003165941683,0.6632804828129939,5.007901563748517,0.8189965934074044,-1,0,0.0,0
pareto_20210112,fixed_ei,18,6.114679357715656,-1.6910003165941683,0.7987436779941347,5.007901563748517,0.8189965934074044,-1,0,0.0,0
pareto_20210112,fixed_ei,19,6.114679357715656,-1.6910003165941683,1.0,6.114679357715656,0.9999999999998365,0,0,0.0,0
pareto_20210112,fixed_ucb_low,0,6.114679357715656,-1.6910003165941683,0.40637670084500743,2.963083196365513,0.4845852125714712,-1,0,0.0,0
pareto_20210112,fixed_ucb_low,1,6.114679357715656,-1.6910003165941683,0.7145759339927724,3.8867505271241742,0.6356425741636214,-1,0,0.0,0
pareto_20210112,fixed_ucb_low,2,6.114679357715656,-1.6910003165941683,0.6445788409605696,3.340375640781934,0.546287948290603,-1,0,0.0,0
pareto_20210112,fixed_ucb_low,3,6.114679357715656,-1.6910003165941683,1.0,6.114679357715656,0.9999999999998365,0,0,0.0,0
pareto_20210112,fixed_ucb_low,4,6.114679357715656,-1.6910003165941683,0.3523554464074856,2.2984179580851722,0.37588527928035914,-1,0,0.0,0
pareto_20210112,fixed_ucb_low,5,6.114679357715656,-1.6910003165941683,0.40851320223487453,2.5166953648105173,0.4115825569225435,-1,0,0.0,0
pareto_20210112,fixed_ucb_low,6,6.114679357715656,-1.6910003165941683,0.6108151183305974,5.007901563748517,0.8189965934074044,-1,0,0.0,0
pareto_20210112,fixed_ucb_low,7,6.114679357715656,-1.6910003165941683,0.6482057737299374,3.8867505271241742,0.6356425741636214,-1,0,0.0,0
pareto_20210112,fixed_ucb_low,8,6.114679357715656,-1.6910003165941683,0.9160811152268012,6.114679357715656,0.9999999999998365,17,0,0.0,0
pareto_20210112,fixed_ucb_low,9,6.114679357715656,-1.6910003165941683,0.6600852385811297,3.8867505271241742,0.6356425741636214,-1,0,0.0,0
pareto_20210112,fixed_ucb_low,10,6.114679357715656,-1.6910003165941683,0.8582086582915024,5.007901563748517,0.8189965934074044,-1,0,0.0,0
pareto_20210112,fixed_ucb_low,11,6.114679357715656,-1.6910003165941683,0.7039132118914485,6.114679357715656,0.9999999999998365,47,0,0.0,0
pareto_20210112,fixed_ucb_low,12,6.114679357715656,-1.6910003165941683,0.5555063289834551,3.185571697980825,0.5209711763480566,-1,0,0.0,0
pareto_20210112,fixed_ucb_low,13,6.114679357715656,-1.6910003165941683,0.4729815962573009,2.7651630465572086,0.4522171784964659,-1,0,0.0,0
pareto_20210112,fixed_ucb_low,14,6.114679357715656,-1.6910003165941683,0.8778226694951463,6.114679357715656,0.9999999999998365,14,0,0.0,0
pareto_20210112,fixed_ucb_low,15,6.114679357715656,-1.6910003165941683,0.7797387927072315,5.007901563748517,0.8189965934074044,-1,0,0.0,0
pareto_20210112,fixed_ucb_low,16,6.114679357715656,-1.6910003165941683,0.8582086582915024,5.007901563748517,0.8189965934074044,-1,0,0.0,0
pareto_20210112,fixed_ucb_low,17,6.114679357715656,-1.6910003165941683,0.5088065208694458,2.963083196365513,0.4845852125714712,-1,0,0.0,0
pareto_20210112,fixed_ucb_low,18,6.114679357715656,-1.6910003165941683,0.8051021178072878,5.007901563748517,0.8189965934074044,-1,0,0.0,0
pareto_20210112,fixed_ucb_low,19,6.114679357715656,-1.6910003165941683,1.0,6.114679357715656,0.9999999999998365,0,0,0.0,0
pareto_20210112,mock_approach_c,0,6.114679357715656,-1.6910003165941683,0.8140956169119395,6.114679357715656,0.9999999999998365,32,0,0.0,0
pareto_20210112,mock_approach_c,1,6.114679357715656,-1.6910003165941683,0.82230047721682,5.007901563748517,0.8189965934074044,-1,0,0.0,0
pareto_20210112,mock_approach_c,2,6.114679357715656,-1.6910003165941683,0.8963354952801661,6.114679357715656,0.9999999999998365,21,0,0.0,0
pareto_20210112,mock_approach_c,3,6.114679357715656,-1.6910003165941683,1.0,6.114679357715656,0.9999999999998365,0,0,0.0,0
pareto_20210112,mock_approach_c,4,6.114679357715656,-1.6910003165941683,0.6426545561620132,3.8867505271241742,0.6356425741636214,-1,0,0.0,0
pareto_20210112,mock_approach_c,5,6.114679357715656,-1.6910003165941683,0.8152589070658302,6.114679357715656,0.9999999999998365,22,0,0.0,0
pareto_20210112,mock_approach_c,6,6.114679357715656,-1.6910003165941683,0.7492277817863567,6.114679357715656,0.9999999999998365,52,0,0.0,0
pareto_20210112,mock_approach_c,7,6.114679357715656,-1.6910003165941683,0.8033233440259815,6.114679357715656,0.9999999999998365,33,0,0.0,0
pareto_20210112,mock_approach_c,8,6.114679357715656,-1.6910003165941683,0.6696030564727204,3.8867505271241742,0.6356425741636214,-1,0,0.0,0
pareto_20210112,mock_approach_c,9,6.114679357715656,-1.6910003165941683,0.6075234371714975,3.4328742170248834,0.5614152461964559,-1,0,0.0,0
pareto_20210112,mock_approach_c,10,6.114679357715656,-1.6910003165941683,0.8582086582915024,5.007901563748517,0.8189965934074044,-1,0,0.0,0
pareto_20210112,mock_approach_c,11,6.114679357715656,-1.6910003165941683,0.6521337921452953,5.007901563748517,0.8189965934074044,-1,0,0.0,0
pareto_20210112,mock_approach_c,12,6.114679357715656,-1.6910003165941683,0.6518521403280013,3.8867505271241742,0.6356425741636214,-1,0,0.0,0
pareto_20210112,mock_approach_c,13,6.114679357715656,-1.6910003165941683,0.7069779582104954,6.114679357715656,0.9999999999998365,45,0,0.0,0
pareto_20210112,mock_approach_c,14,6.114679357715656,-1.6910003165941683,0.6244136273727695,5.007901563748517,0.8189965934074044,-1,0,0.0,0
pareto_20210112,mock_approach_c,15,6.114679357715656,-1.6910003165941683,0.850827196989628,6.114679357715656,0.9999999999998365,36,0,0.0,0
pareto_20210112,mock_approach_c,16,6.114679357715656,-1.6910003165941683,0.9015337904802101,6.114679357715656,0.9999999999998365,50,0,0.0,0
pareto_20210112,mock_approach_c,17,6.114679357715656,-1.6910003165941683,0.6281048871703178,3.4328742170248834,0.5614152461964559,-1,0,0.0,0
pareto_20210112,mock_approach_c,18,6.114679357715656,-1.6910003165941683,0.677404910700957,3.8867505271241742,0.6356425741636214,-1,0,0.0,0
pareto_20210112,mock_approach_c,19,6.114679357715656,-1.6910003165941683,1.0,6.114679357715656,0.9999999999998365,0,0,0.0,0
pareto_20210112,approach_a,0,6.114679357715656,-1.6910003165941683,0.712574971533684,6.114679357715656,0.9999999999998365,57,0,0.0,0
pareto_20210112,approach_a,1,6.114679357715656,-1.6910003165941683,0.7983616898336983,5.007901563748517,0.8189965934074044,-1,0,0.0,0
pareto_20210112,approach_a,2,6.114679357715656,-1.6910003165941683,0.8836003605959397,6.114679357715656,0.9999999999998365,35,0,0.0,0
pareto_20210112,approach_a,3,6.114679357715656,-1.6910003165941683,1.0,6.114679357715656,0.9999999999998365,0,0,0.0,0
pareto_20210112,approach_a,4,6.114679357715656,-1.6910003165941683,0.8655899784218944,6.114679357715656,0.9999999999998365,24,0,0.0,0
pareto_20210112,approach_a,5,6.114679357715656,-1.6910003165941683,0.672879236709588,5.007901563748517,0.8189965934074044,-1,0,0.0,0
pareto_20210112,approach_a,6,6.114679357715656,-1.6910003165941683,0.8694054657382304,6.114679357715656,0.9999999999998365,18,0,0.0,0
pareto_20210112,approach_a,7,6.114679357715656,-1.6910003165941683,0.782387743257315,5.007901563748517,0.8189965934074044,-1,0,0.0,0
pareto_20210112,approach_a,8,6.114679357715656,-1.6910003165941683,0.8344720119213987,5.007901563748517,0.8189965934074044,-1,0,0.0,0
pareto_20210112,approach_a,9,6.114679357715656,-1.6910003165941683,0.8123929482594003,6.114679357715656,0.9999999999998365,57,0,0.0,0
pareto_20210112,approach_a,10,6.114679357715656,-1.6910003165941683,0.8739632518146688,6.114679357715656,0.9999999999998365,64,0,0.0,0
pareto_20210112,approach_a,11,6.114679357715656,-1.6910003165941683,0.7703594944407123,5.007901563748517,0.8189965934074044,-1,0,0.0,0
pareto_20210112,approach_a,12,6.114679357715656,-1.6910003165941683,0.829403318271414,6.114679357715656,0.9999999999998365,37,0,0.0,0
pareto_20210112,approach_a,13,6.114679357715656,-1.6910003165941683,0.7132908311788607,5.007901563748517,0.8189965934074044,-1,0,0.0,0
pareto_20210112,approach_a,14,6.114679357715656,-1.6910003165941683,0.6546307198093264,6.114679357715656,0.9999999999998365,58,0,0.0,0
pareto_20210112,approach_a,15,6.114679357715656,-1.6910003165941683,0.8301837062971198,5.007901563748517,0.8189965934074044,-1,0,0.0,0
pareto_20210112,approach_a,16,6.114679357715656,-1.6910003165941683,0.8582086582915024,5.007901563748517,0.8189965934074044,-1,0,0.0,0
pareto_20210112,approach_a,17,6.114679357715656,-1.6910003165941683,0.7764860131639064,5.007901563748517,0.8189965934074044,-1,0,0.0,0
pareto_20210112,approach_a,18,6.114679357715656,-1.6910003165941683,0.8663446751557307,6.114679357715656,0.9999999999998365,29,0,0.0,0
pareto_20210112,approach_a,19,6.114679357715656,-1.6910003165941683,1.0,6.114679357715656,0.9999999999998365,0,0,0.0,0
pareto_20210112,approach_b,0,6.114679357715656,-1.6910003165941683,0.7322458847237967,6.114679357715656,0.9999999999998365,44,2,0.2777777777777778,0
pareto_20210112,approach_b,1,6.114679357715656,-1.6910003165941683,0.7704331045533896,5.007901563748517,0.8189965934074044,-1,2,0.2777777777777778,0
pareto_20210112,approach_b,2,6.114679357715656,-1.6910003165941683,0.8107719174568025,6.114679357715656,0.9999999999998365,39,2,0.2777777777777778,0
pareto_20210112,approach_b,3,6.114679357715656,-1.6910003165941683,1.0,6.114679357715656,0.9999999999998365,0,2,0.2777777777777778,0
pareto_20210112,approach_b,4,6.114679357715656,-1.6910003165941683,0.8294192934805602,6.114679357715656,0.9999999999998365,25,2,0.2777777777777778,0
pareto_20210112,approach_b,5,6.114679357715656,-1.6910003165941683,0.7920327803008189,5.007901563748517,0.8189965934074044,-1,2,0.2777777777777778,0
pareto_20210112,approach_b,6,6.114679357715656,-1.6910003165941683,0.8509983857192572,6.114679357715656,0.9999999999998365,17,2,0.2777777777777778,0
pareto_20210112,approach_b,7,6.114679357715656,-1.6910003165941683,0.6877105134575948,5.007901563748517,0.8189965934074044,-1,2,0.2777777777777778,0
pareto_20210112,approach_b,8,6.114679357715656,-1.6910003165941683,0.8374390927176617,5.007901563748517,0.8189965934074044,-1,2,0.2777777777777778,0
pareto_20210112,approach_b,9,6.114679357715656,-1.6910003165941683,0.6478821455789565,5.007901563748517,0.8189965934074044,-1,4,0.5555555555555556,0
pareto_20210112,approach_b,10,6.114679357715656,-1.6910003165941683,0.8582086582915024,5.007901563748517,0.8189965934074044,-1,2,0.2777777777777778,0
pareto_20210112,approach_b,11,6.114679357715656,-1.6910003165941683,0.7838747504177568,5.007901563748517,0.8189965934074044,-1,2,0.2777777777777778,0
pareto_20210112,approach_b,12,6.114679357715656,-1.6910003165941683,0.8266494921712562,6.114679357715656,0.9999999999998365,24,2,0.2777777777777778,0
pareto_20210112,approach_b,13,6.114679357715656,-1.6910003165941683,0.8473914987122172,6.114679357715656,0.9999999999998365,30,2,0.2777777777777778,0
pareto_20210112,approach_b,14,6.114679357715656,-1.6910003165941683,0.706602455524738,5.007901563748517,0.8189965934074044,-1,2,0.2777777777777778,0
pareto_20210112,approach_b,15,6.114679357715656,-1.6910003165941683,0.7024619902301008,3.8867505271241742,0.6356425741636214,-1,2,0.2777777777777778,0
pareto_20210112,approach_b,16,6.114679357715656,-1.6910003165941683,0.8582086582915024,5.007901563748517,0.8189965934074044,-1,2,0.2777777777777778,0
pareto_20210112,approach_b,17,6.114679357715656,-1.6910003165941683,0.8016166073461289,5.007901563748517,0.8189965934074044,-1,2,0.2777777777777778,0
pareto_20210112,approach_b,18,6.114679357715656,-1.6910003165941683,0.8214407437350862,6.114679357715656,0.9999999999998365,34,2,0.2777777777777778,0
pareto_20210112,approach_b,19,6.114679357715656,-1.6910003165941683,1.0,6.114679357715656,0.9999999999998365,0,2,0.2777777777777778,0
pareto_20210112,approach_c,0,6.114679357715656,-1.6910003165941683,0.617526547862592,5.007901563748517,0.8189965934074044,-1,0,0.0,0
pareto_20210112,approach_c,1,6.114679357715656,-1.6910003165941683,0.7225555297871463,5.007901563748517,0.8189965934074044,-1,0,0.0,0
pareto_20210112,approach_c,2,6.114679357715656,-1.6910003165941683,0.6538988930464628,3.8867505271241742,0.6356425741636214,-1,0,0.0,0
pareto_20210112,approach_c,3,6.114679357715656,-1.6910003165941683,1.0,6.114679357715656,0.9999999999998365,0,0,0.0,0
pareto_20210112,approach_c,4,6.114679357715656,-1.6910003165941683,0.7967416067090298,6.114679357715656,0.9999999999998365,62,0,0.0,0
pareto_20210112,approach_c,5,6.114679357715656,-1.6910003165941683,0.7170193436893358,6.114679357715656,0.9999999999998365,53,0,0.0,0
pareto_20210112,approach_c,6,6.114679357715656,-1.6910003165941683,0.6128302879070732,5.007901563748517,0.8189965934074044,-1,0,0.0,0
pareto_20210112,approach_c,7,6.114679357715656,-1.6910003165941683,0.808707348662307,5.007901563748517,0.8189965934074044,-1,0,0.0,0
pareto_20210112,approach_c,8,6.114679357715656,-1.6910003165941683,0.7840316383849285,5.007901563748517,0.8189965934074044,-1,0,0.0,0
pareto_20210112,approach_c,9,6.114679357715656,-1.6910003165941683,0.8436538557301831,6.114679357715656,0.9999999999998365,29,0,0.0,0
pareto_20210112,approach_c,10,6.114679357715656,-1.6910003165941683,0.8582086582915024,5.007901563748517,0.8189965934074044,-1,0,0.0,0
pareto_20210112,approach_c,11,6.114679357715656,-1.6910003165941683,0.8663996224061038,6.114679357715656,0.9999999999998365,17,0,0.0,0
pareto_20210112,approach_c,12,6.114679357715656,-1.6910003165941683,0.7674499805896642,6.114679357715656,0.9999999999998365,36,0,0.0,0
pareto_20210112,approach_c,13,6.114679357715656,-1.6910003165941683,0.7324560759617,6.114679357715656,0.9999999999998365,48,0,0.0,0
pareto_20210112,approach_c,14,6.114679357715656,-1.6910003165941683,0.6256261049992727,3.340375640781934,0.546287948290603,-1,0,0.0,0
pareto_20210112,approach_c,15,6.114679357715656,-1.6910003165941683,0.9188790703728211,6.114679357715656,0.9999999999998365,17,0,0.0,0
pareto_20210112,approach_c,16,6.114679357715656,-1.6910003165941683,0.9862147306672294,6.114679357715656,0.9999999999998365,7,0,0.0,0
pareto_20210112,approach_c,17,6.114679357715656,-1.6910003165941683,0.8597914524871959,6.114679357715656,0.9999999999998365,25,0,0.0,0
pareto_20210112,approach_c,18,6.114679357715656,-1.6910003165941683,0.9587133507450356,6.114679357715656,0.9999999999998365,5,0,0.0,0
pareto_20210112,approach_c,19,6.114679357715656,-1.6910003165941683,1.0,6.114679357715656,0.9999999999998365,0,0,0.0,0
pareto_20210112,approach_d,0,6.114679357715656,-1.6910003165941683,0.7472625418818686,5.007901563748517,0.8189965934074044,-1,9,1.25,0
pareto_20210112,approach_d,1,6.114679357715656,-1.6910003165941683,0.9207155372202145,6.114679357715656,0.9999999999998365,20,5,0.6944444444444444,0
pareto_20210112,approach_d,2,6.114679357715656,-1.6910003165941683,0.7822166567664385,5.007901563748517,0.8189965934074044,-1,5,0.6944444444444444,0
pareto_20210112,approach_d,3,6.114679357715656,-1.6910003165941683,1.0,6.114679357715656,0.9999999999998365,0,2,0.2777777777777778,0
pareto_20210112,approach_d,4,6.114679357715656,-1.6910003165941683,0.6877984686136522,5.007901563748517,0.8189965934074044,-1,6,0.8333333333333333,0
pareto_20210112,approach_d,5,6.114679357715656,-1.6910003165941683,0.6637299336529728,6.114679357715656,0.9999999999998365,64,5,0.6944444444444444,0
pareto_20210112,approach_d,6,6.114679357715656,-1.6910003165941683,0.7377169139653904,6.114679357715656,0.9999999999998365,47,8,1.1111111111111112,0
pareto_20210112,approach_d,7,6.114679357715656,-1.6910003165941683,0.7829753200889996,5.007901563748517,0.8189965934074044,-1,6,0.8333333333333333,0
pareto_20210112,approach_d,8,6.114679357715656,-1.6910003165941683,0.9122734119527023,6.114679357715656,0.9999999999998365,34,4,0.5555555555555556,0
pareto_20210112,approach_d,9,6.114679357715656,-1.6910003165941683,0.706293021228743,5.007901563748517,0.8189965934074044,-1,5,0.6944444444444444,0
pareto_20210112,approach_d,10,6.114679357715656,-1.6910003165941683,0.8582086582915024,5.007901563748517,0.8189965934074044,-1,8,1.1111111111111112,0
pareto_20210112,approach_d,11,6.114679357715656,-1.6910003165941683,0.6399073745304444,3.8867505271241742,0.6356425741636214,-1,5,0.6944444444444444,0
pareto_20210112,approach_d,12,6.114679357715656,-1.6910003165941683,0.6891671211184416,5.007901563748517,0.8189965934074044,-1,6,0.8333333333333333,0
pareto_20210112,approach_d,13,6.114679357715656,-1.6910003165941683,0.6401260005422537,3.8867505271241742,0.6356425741636214,-1,6,0.8333333333333333,0
pareto_20210112,approach_d,14,6.114679357715656,-1.6910003165941683,0.6798412742752843,5.007901563748517,0.8189965934074044,-1,3,0.41666666666666663,0
pareto_20210112,approach_d,15,6.114679357715656,-1.6910003165941683,0.8133687351004905,5.007901563748517,0.8189965934074044,-1,3,0.41666666666666663,0
pareto_20210112,approach_d,16,6.114679357715656,-1.6910003165941683,0.8582086582915024,5.007901563748517,0.8189965934074044,-1,8,1.1111111111111112,0
pareto_20210112,approach_d,17,6.114679357715656,-1.6910003165941683,0.8016166073461289,5.007901563748517,0.8189965934074044,-1,7,0.9722222222222222,0
pareto_20210112,approach_d,18,6.114679357715656,-1.6910003165941683,0.8488803879156281,6.114679357715656,0.9999999999998365,48,3,0.41666666666666663,0
pareto_20210112,approach_d,19,6.114679357715656,-1.6910003165941683,1.0,6.114679357715656,0.9999999999998365,0,2,0.2777777777777778,0
pareto_20210112,novelty_egbo,0,6.114679357715656,-1.6910003165941683,0.9105771291954005,6.114679357715656,0.9999999999998365,21,0,0.0,0
pareto_20210112,novelty_egbo,1,6.114679357715656,-1.6910003165941683,0.9564446949875135,6.114679357715656,0.9999999999998365,13,0,0.0,0
pareto_20210112,novelty_egbo,2,6.114679357715656,-1.6910003165941683,0.8723991649496079,6.114679357715656,0.9999999999998365,29,0,0.0,0
pareto_20210112,novelty_egbo,3,6.114679357715656,-1.6910003165941683,1.0,6.114679357715656,0.9999999999998365,0,0,0.0,0
pareto_20210112,novelty_egbo,4,6.114679357715656,-1.6910003165941683,0.8792699151573435,6.114679357715656,0.9999999999998365,17,0,0.0,0
pareto_20210112,novelty_egbo,5,6.114679357715656,-1.6910003165941683,0.9336917704663885,6.114679357715656,0.9999999999998365,13,0,0.0,0
pareto_20210112,novelty_egbo,6,6.114679357715656,-1.6910003165941683,0.8116553776766072,6.114679357715656,0.9999999999998365,21,0,0.0,0
pareto_20210112,novelty_egbo,7,6.114679357715656,-1.6910003165941683,0.9241486547903476,6.114679357715656,0.9999999999998365,17,0,0.0,0
pareto_20210112,novelty_egbo,8,6.114679357715656,-1.6910003165941683,0.8608352818103646,6.114679357715656,0.9999999999998365,33,0,0.0,0
pareto_20210112,novelty_egbo,9,6.114679357715656,-1.6910003165941683,0.8882862387292181,6.114679357715656,0.9999999999998365,25,0,0.0,0
pareto_20210112,novelty_egbo,10,6.114679357715656,-1.6910003165941683,0.950766895240105,6.114679357715656,0.9999999999998365,25,0,0.0,0
pareto_20210112,novelty_egbo,11,6.114679357715656,-1.6910003165941683,0.8786723249124813,6.114679357715656,0.9999999999998365,17,0,0.0,0
pareto_20210112,novelty_egbo,12,6.114679357715656,-1.6910003165941683,0.813112163902328,6.114679357715656,0.9999999999998365,37,0,0.0,0
pareto_20210112,novelty_egbo,13,6.114679357715656,-1.6910003165941683,0.8206846302187267,6.114679357715656,0.9999999999998365,37,0,0.0,0
pareto_20210112,novelty_egbo,14,6.114679357715656,-1.6910003165941683,0.8805508142241822,6.114679357715656,0.9999999999998365,17,0,0.0,0
pareto_20210112,novelty_egbo,15,6.114679357715656,-1.6910003165941683,0.9188790703728211,6.114679357715656,0.9999999999998365,17,0,0.0,0
pareto_20210112,novelty_egbo,16,6.114679357715656,-1.6910003165941683,0.9743987855248546,6.114679357715656,0.9999999999998365,13,0,0.0,0
pareto_20210112,novelty_egbo,17,6.114679357715656,-1.6910003165941683,0.9350814604602861,6.114679357715656,0.9999999999998365,17,0,0.0,0
pareto_20210112,novelty_egbo,18,6.114679357715656,-1.6910003165941683,0.9429587572218693,6.114679357715656,0.9999999999998365,13,0,0.0,0
pareto_20210112,novelty_egbo,19,6.114679357715656,-1.6910003165941683,1.0,6.114679357715656,0.9999999999998365,0,0,0.0,0
pareto_20210112,egbo,0,6.114679357715656,-1.6910003165941683,0.8369639263203519,6.114679357715656,0.9999999999998365,29,0,0.0,0
pareto_20210112,egbo,1,6.114679357715656,-1.6910003165941683,0.9167513140812252,6.114679357715656,0.9999999999998365,21,0,0.0,0
pareto_20210112,egbo,2,6.114679357715656,-1.6910003165941683,0.9364850775607351,6.114679357715656,0.9999999999998365,13,0,0.0,0
pareto_20210112,egbo,3,6.114679357715656,-1.6910003165941683,1.0,6.114679357715656,0.9999999999998365,0,0,0.0,0
pareto_20210112,egbo,4,6.114679357715656,-1.6910003165941683,0.8763909187379207,6.114679357715656,0.9999999999998365,21,0,0.0,0
pareto_20210112,egbo,5,6.114679357715656,-1.6910003165941683,0.8126101889562592,6.114679357715656,0.9999999999998365,37,0,0.0,0
pareto_20210112,egbo,6,6.114679357715656,-1.6910003165941683,0.838433230745673,6.114679357715656,0.9999999999998365,29,0,0.0,0
pareto_20210112,egbo,7,6.114679357715656,-1.6910003165941683,0.8433453662229466,6.114679357715656,0.9999999999998365,37,0,0.0,0
pareto_20210112,egbo,8,6.114679357715656,-1.6910003165941683,0.8406853798376936,6.114679357715656,0.9999999999998365,37,0,0.0,0
pareto_20210112,egbo,9,6.114679357715656,-1.6910003165941683,0.8252779422538076,6.114679357715656,0.9999999999998365,41,0,0.0,0
pareto_20210112,egbo,10,6.114679357715656,-1.6910003165941683,0.9665214887632714,6.114679357715656,0.9999999999998365,17,0,0.0,0
pareto_20210112,egbo,11,6.114679357715656,-1.6910003165941683,0.8516418129583919,6.114679357715656,0.9999999999998365,17,0,0.0,0
pareto_20210112,egbo,12,6.114679357715656,-1.6910003165941683,0.8147656547483803,6.114679357715656,0.9999999999998365,33,0,0.0,0
pareto_20210112,egbo,13,6.114679357715656,-1.6910003165941683,0.8416380946741034,6.114679357715656,0.9999999999998365,29,0,0.0,0
pareto_20210112,egbo,14,6.114679357715656,-1.6910003165941683,0.897786721652803,6.114679357715656,0.9999999999998365,17,0,0.0,0
pareto_20210112,egbo,15,6.114679357715656,-1.6910003165941683,0.901605651062039,6.114679357715656,0.9999999999998365,25,0,0.0,0
pareto_20210112,egbo,16,6.114679357715656,-1.6910003165941683,0.9822760822864378,6.114679357715656,0.9999999999998365,9,0,0.0,0
pareto_20210112,egbo,17,6.114679357715656,-1.6910003165941683,0.909317843701266,6.114679357715656,0.9999999999998365,17,0,0.0,0
pareto_20210112,egbo,18,6.114679357715656,-1.6910003165941683,0.9429587572218693,6.114679357715656,0.9999999999998365,13,0,0.0,0
pareto_20210112,egbo,19,6.114679357715656,-1.6910003165941683,1.0,6.114679357715656,0.9999999999998365,0,0,0.0,0
