sample,concentration_realized,DMSO_content_realized,combustion_temp_realized,air_flow_rate_realized,spray_flow_rate_realized,spray_height_realized,num_passes_realized,concentration_requested,DMSO_content_requested,combustion_temp_requested,air_flow_rate_requested,spray_flow_rate_requested,spray_height_requested,num_passes_requested,Pd_ACN_robot_realized,acac_ACN_robot_realized,ACN_robot_realized,DMSO_robot_realized,Pd_ACN_robot_requested,acac_ACN_robot_requested,ACN_robot_requested,DMSO_robot_requested,conductance_mean,conductance_std,conductive_fraction,thickness_avg,thickness_std,sheet_conductance_avg,sheet_conductance_std,sheet_resistance_avg,sheet_resistance_std,conductivity_avg,conductivity_std,resistivity_avg,resistivity_std,campaign_ID,exp_num,running_best_conductivity,beta,nozzle_speed,SAMPLE_START,MIX_CHEMICALS_START,SPRAY_COAT_START,XRF_START,MICROSCOPE_START,CONDUCTIVITY_START,FLIR_CAMERA_START,MIX_CHEMICALS_FINISH,SPRAY_COAT_FINISH,XRF_FINISH,MICROSCOPE_FINISH,CONDUCTIVITY_FINISH,FLIR_CAMERA_FINISH,SAMPLE_FINISH
0,0.0167166278923476,0.3030145147414108,275.3768212788868,77.25721055647927,0.0066706130208771,17.859244629367964,8.0,0.0169769733903536,0.299992124042289,280.8593455339968,77.25721055647927,0.0066706130208771,17.859244629367964,7.937261427462761,0.1781862745098039,0.0297794117647055,0.0521628498727728,0.1130909090909091,0.1820756886369864,0.0329659743074929,0.0509613299194507,0.1139970071360698,0.1798949726400686,0.0292879873113143,1.0,22.66575626838917,0.3546935732303006,0.0396912352528863,0.0072247050656755,25.965866648287243,5.358345780053263,1749261.2928855375,307041.4733681894,5.876373900423642e-07,1.1514543080787837e-07,2022-07-11_12-55-37,1,1749261.2928855375,random,105.8927988562773,"2022-07-11 13:00:33,782","2022-07-11 13:00:34,824","2022-07-11 13:15:41,545","2022-07-11 13:29:19,695","2022-07-11 13:39:39,624","2022-07-11 13:45:51,204","2022-07-11 13:46:31,875","2022-07-11 13:14:20,333","2022-07-11 13:28:59,673","2022-07-11 13:38:00,014","2022-07-11 13:45:49,115","2022-07-11 13:46:30,825","2022-07-11 13:47:23,152","2022-07-11 13:53:02,130"
1,0.016290291022606,0.3165664975911798,271.44542315142564,77.25721055647927,0.0066706130208771,17.859244629367964,8.0,0.0169769733903536,0.299992124042289,280.8593455339968,77.25721055647927,0.0066706130208771,17.859244629367964,7.937261427462761,0.1718137254901962,0.0313725490196076,0.0525445292620872,0.1184545454545455,0.1820756886369864,0.0329659743074929,0.0509613299194507,0.1139970071360698,0.1812085816834767,0.0253603684001482,1.0,23.14203794285785,0.4020677386871972,0.0427668209075758,0.0006667582708359,23.38686421347476,0.3636312542496535,1848613.2169227863,52741.9406190507,5.412701520127699e-07,1.5149208310511352e-08,2022-07-11_12-55-37,1,1848613.2169227863,random,105.8927988562773,"2022-07-11 13:14:20,500","2022-07-11 13:17:09,515","2022-07-11 13:39:53,008","2022-07-11 13:53:33,307","2022-07-11 14:03:49,137","2022-07-11 14:09:47,058","2022-07-11 14:10:27,728","2022-07-11 13:28:58,824","2022-07-11 13:53:06,749","2022-07-11 14:02:11,256","2022-07-11 14:09:45,015","2022-07-11 14:10:26,676","2022-07-11 14:11:18,900","2022-07-11 14:14:10,718"
2,0.0151414649570164,0.1109442457718075,247.3271369342388,94.38990709463172,0.0046942234306724,18.0159006527271,5.0,0.0154775319999265,0.0965882359936083,254.25429172292456,94.38990709463172,0.0046942234306724,18.0159006527271,4.869611865062832,0.1621323529411763,0.0310049019607838,0.1470737913486001,0.0424545454545454,0.1659943873675889,0.0300543512981467,0.147247731656693,0.0367035296775711,0.111748643821184,0.0020708455961742,1.0,21.331343061744786,0.3332555004352741,0.0246557290957318,0.0005108322572624,40.57247525955911,0.8418171810786713,1156029.789184492,27674.811641904005,8.654391888604259e-07,2.138635091795101e-08,2022-07-11_12-55-37,2,1848613.2169227863,random,45.71809223051654,"2022-07-11 13:14:20,688","2022-07-11 13:28:59,483","2022-07-11 13:54:59,416","2022-07-11 14:06:41,246","2022-07-11 14:17:12,832","2022-07-11 14:23:09,949","2022-07-11 14:23:50,873","2022-07-11 13:38:29,079","2022-07-11 14:06:15,904","2022-07-11 14:15:32,179","2022-07-11 14:23:07,883","2022-07-11 14:23:49,815","2022-07-11 14:24:42,019","2022-07-11 14:27:57,850"
3,0.0151615571522155,0.1022903979905642,249.0435557089081,94.38990709463172,0.0046942234306724,18.0159006527271,5.0,0.0154775319999265,0.0965882359936083,254.25429172292456,94.38990709463172,0.0046942234306724,18.0159006527271,4.869611865062832,0.164338235294118,0.0261029411764707,0.1478371501272265,0.0385454545454543,0.1659943873675889,0.0300543512981467,0.147247731656693,0.0367035296775711,0.1320407435003187,0.0118912165359345,1.0,22.94699042334389,0.933985534564299,0.0291328886867951,0.0029333027029489,34.60077415497188,3.42553213768578,1267199.08157673,77255.16853386971,7.914964713464462e-07,4.8317320754867575e-08,2022-07-11_12-55-37,2,1848613.2169227863,random,45.71809223051654,"2022-07-11 13:14:20,995","2022-07-11 13:41:21,153","2022-07-11 14:08:06,218","2022-07-11 14:19:49,234","2022-07-11 14:30:01,689","2022-07-11 14:35:59,866","2022-07-11 14:36:41,199","2022-07-11 13:51:26,054","2022-07-11 14:19:23,031","2022-07-11 14:28:17,076","2022-07-11 14:35:57,791","2022-07-11 14:36:40,148","2022-07-11 14:37:32,551","2022-07-11 14:45:28,137"
4,0.0142158021198631,0.1420580116472531,227.25334918233165,65.45573802352467,0.0028986120332189,21.50562794032393,4.0,0.0109593766704382,0.1072169390748809,231.8039749970788,65.45573802352467,0.0028986120332189,21.50562794032393,4.156010590216296,0.1181372549019611,0.0243872549019605,0.1155216284987285,0.0427272727272728,0.1175377971338506,0.0212809740250337,0.2004387919926608,0.0407424368484547,0.0,0.0,0.0,0.0,0.0,0.0,0.0,0.0,0.0,0.0,0.0,0.0,0.0,2022-07-11_12-55-37,3,1848613.2169227863,random,24.09332461397227,"2022-07-11 13:56:26,845","2022-07-11 13:56:27,884","2022-07-11 14:30:07,592","2022-07-11 14:41:44,415","2022-07-11 14:51:44,265","2022-07-11 14:57:40,000","2022-07-11 14:58:20,934","2022-07-11 14:03:50,037","2022-07-11 14:41:18,572","2022-07-11 14:50:06,925","2022-07-11 14:57:37,945","2022-07-11 14:58:19,851","2022-07-11 14:59:12,099","2022-07-11 15:04:07,281"
5,0.0108285210984826,0.1055103969054876,226.6447186870957,65.45573802352467,0.0028986120332189,21.50562794032393,4.0,0.0109593766704382,0.1072169390748809,231.8039749970788,65.45573802352467,0.0028986120332189,21.50562794032393,4.156010590216296,0.1154411764705877,0.02046568627451,0.2008905852417299,0.0397272727272725,0.1175377971338506,0.0212809740250337,0.2004387919926608,0.0407424368484547,0.0,0.0,0.0,0.0,0.0,0.0,0.0,0.0,0.0,0.0,0.0,0.0,0.0,2022-07-11_12-55-37,3,1848613.2169227863,random,24.09332461397227,"2022-07-11 14:15:27,172","2022-07-11 14:15:28,223","2022-07-11 14:46:46,918","2022-07-11 14:58:24,144","2022-07-11 15:08:37,885","2022-07-11 15:14:34,242","2022-07-11 15:15:15,116","2022-07-11 14:26:23,845","2022-07-11 14:57:58,489","2022-07-11 15:06:59,661","2022-07-11 15:14:32,116","2022-07-11 15:15:14,068","2022-07-11 15:16:06,470","2022-07-11 15:20:41,303"
6,0.0192410328268788,0.0895384930962213,279.5640789004208,68.8276443397687,0.0053973666567973,22.64597963152553,3.0,0.0195881482957461,0.0797459458188101,285.6574549076362,68.8276443397687,0.0053973666567973,22.64597963152553,3.330558718991906,0.2073529411764706,0.0355392156862749,0.1019083969465646,0.033909090909091,0.2100801779013159,0.0380363671781357,0.1015799955094004,0.0303034594111478,0.0,0.0,0.0,0.0,0.0,0.0,0.0,0.0,0.0,0.0,0.0,0.0,0.0,2022-07-11_12-55-37,4,1848613.2169227863,random,35.95249315678489,"2022-07-11 14:31:34,790","2022-07-11 14:31:35,845","2022-07-11 15:01:08,017","2022-07-11 15:12:04,051","2022-07-11 15:22:22,325","2022-07-11 15:28:11,873","2022-07-11 15:28:53,151","2022-07-11 14:43:53,895","2022-07-11 15:11:37,898","2022-07-11 15:20:38,423","2022-07-11 15:28:09,773","2022-07-11 15:28:52,052","2022-07-11 15:29:44,099","2022-07-11 15:35:24,933"
7,0.019740575406208,0.0766924546503489,282.4327866330058,68.8276443397687,0.0053973666567973,22.64597963152553,3.0,0.0195881482957461,0.0797459458188101,285.6574549076362,68.8276443397687,0.0053973666567973,22.64597963152553,3.330558718991906,0.2122549019607846,0.0357843137254906,0.1000000000000002,0.0289090909090909,0.2100801779013159,0.0380363671781357,0.1015799955094004,0.0303034594111478,0.0,0.0,0.0,0.0,0.0,0.0,0.0,0.0,0.0,0.0,0.0,0.0,0.0,2022-07-11_12-55-37,4,1848613.2169227863,random,35.95249315678489,"2022-07-11 14:48:13,915","2022-07-11 14:48:14,955","2022-07-11 15:17:41,287","2022-07-11 15:29:30,143","2022-07-11 15:40:11,974","2022-07-11 15:46:01,028","2022-07-11 15:46:42,509","2022-07-11 14:59:45,975","2022-07-11 15:29:03,835","2022-07-11 15:38:11,185","2022-07-11 15:45:58,916","2022-07-11 15:46:41,416","2022-07-11 15:47:33,885","2022-07-11 15:50:34,196"
8,0.0100817411194262,0.2292550217215367,261.63867137582264,86.5980480473481,0.0043597726498779,13.14300307935979,8.0,0.010593816645144,0.2204154786565705,269.4550824517896,86.5980480473481,0.0043597726498779,13.14300307935979,8.461383934901882,0.1067401960784318,0.0213235294117645,0.1656488549618319,0.0873636363636362,0.1136172164853934,0.0205711276864312,0.1620537739386785,0.0837578818894967,0.0545089241970949,0.0072821943243002,1.0,21.51722700102836,0.4498377299719284,0.0120266092039014,0.0017963578604693,84.65814538253369,12.673753870316188,557892.6495205339,73037.73702354265,1.817698911866546e-06,2.41531260370097e-07,2022-07-11_12-55-37,5,1848613.2169227863,random,73.77942051900294,"2022-07-11 15:05:28,486","2022-07-11 15:05:29,549","2022-07-11 15:36:39,093","2022-07-11 15:50:39,055","2022-07-11 16:00:59,687","2022-07-11 16:06:54,549","2022-07-11 16:07:35,343","2022-07-11 15:16:00,169","2022-07-11 15:50:12,806","2022-07-11 15:59:21,274","2022-07-11 16:06:52,476","2022-07-11 16:07:34,290","2022-07-11 16:08:26,569","2022-07-11 16:12:56,522"
9,0.0102593745721533,0.2262804659675653,260.1906022564421,86.5980480473481,0.0043597726498779,13.14300307935979,8.0,0.010593816645144,0.2204154786565705,269.4550824517896,86.5980480473481,0.0043597726498779,13.14300307935979,8.461383934901882,0.1064950980392156,0.0216911764705877,0.1618320610687025,0.0848181818181819,0.1136172164853934,0.0205711276864312,0.1620537739386785,0.0837578818894967,0.0483797278688016,0.0048340722834569,1.0,20.85597978618561,0.5098803150022594,0.010674290293555,0.0011924597666238,94.51497394605478,9.317825690309483,511810.4239314882,55883.72887606379,1.970252278427408e-06,1.878066105163267e-07,2022-07-11_12-55-37,5,1848613.2169227863,random,73.77942051900294,"2022-07-11 15:21:29,076","2022-07-11 15:21:30,099","2022-07-11 15:52:04,486","2022-07-11 16:06:02,531","2022-07-11 16:16:12,004","2022-07-11 16:22:07,619","2022-07-11 16:22:48,459","2022-07-11 15:33:50,502","2022-07-11 16:05:36,598","2022-07-11 16:14:31,780","2022-07-11 16:22:05,488","2022-07-11 16:22:47,383","2022-07-11 16:23:39,830","2022-07-11 16:29:35,556"
10,0.0195929136052916,0.0889091128340784,221.8455898186845,66.02955140476897,0.0034541337461478,24.723223901296954,6.0,0.0194286290530359,0.0860261936094976,224.3770577594892,66.02955140476897,0.0034541337461478,24.723223901296954,6.252928720900644,0.2024509803921569,0.0339460784313718,0.0933842239185749,0.0321818181818178,0.2083693561135037,0.0377266118916177,0.1012140784232693,0.0326899535716091,0.0,0.0,0.0,0.0,0.0,0.0,0.0,0.0,0.0,0.0,0.0,0.0,0.0,2022-07-11_12-55-37,6,1848613.2169227863,random,43.196904214239424,"2022-07-11 15:38:07,053","2022-07-11 15:38:08,118","2022-07-11 16:08:09,961","2022-07-11 16:20:57,871","2022-07-11 16:31:07,734","2022-07-11 16:37:06,992","2022-07-11 16:37:47,628","2022-07-11 15:48:59,369","2022-07-11 16:20:31,841","2022-07-11 16:29:28,019","2022-07-11 16:37:04,884","2022-07-11 16:37:46,578","2022-07-11 16:38:38,798","2022-07-11 16:46:01,819"
12,0.0153837559124709,0.1909241925881804,253.5935975982709,74.65465914385871,0.0070573102440858,20.085366815080977,9.0,0.0154935981287198,0.1781292096847916,260.72602581263425,74.65465914385871,0.0070573102440858,20.085366815080977,9.470378922799664,0.1588235294117646,0.0340686274509804,0.1114503816793889,0.0718181818181815,0.1661666943740566,0.0300855485897277,0.1160586573559948,0.0676890996802208,0.0207878766431869,0.0098542056252838,1.0,14.414493105843103,0.2569794034032762,0.0035183355280942,0.0005209039939808,289.2400554132375,45.31881516888932,243900.67153720188,34001.888705704005,4.165482871733886e-06,6.279664986578547e-07,2022-07-11_12-55-37,7,1848613.2169227863,random,133.67080437449664,"2022-07-11 16:14:15,215","2022-07-11 16:14:16,266","2022-07-11 16:43:02,229","2022-07-11 16:57:23,461","2022-07-11 17:07:35,396","2022-07-11 17:13:32,146","2022-07-11 17:14:13,022","2022-07-11 16:25:14,544","2022-07-11 16:56:57,941","2022-07-11 17:05:57,554","2022-07-11 17:13:30,060","2022-07-11 17:14:11,961","2022-07-11 17:15:04,235","2022-07-11 17:22:25,043"
13,0.0183793608855804,0.2254787572560891,257.67910155434265,74.65465914385871,0.0070573102440858,20.085366815080977,9.0,0.0154935981287198,0.1781292096847916,260.72602581263425,74.65465914385871,0.0070573102440858,20.085366815080977,9.470378922799664,0.1579656862745101,0.0322303921568627,0.0502544529262084,0.0699999999999999,0.1661666943740566,0.0300855485897277,0.1160586573559948,0.0676890996802208,0.0005613055743136,0.0011226111486272,0.2,12.43789456394434,0.0,0.0006192199612885,0.0,1614.9350190827838,0.0,49784.95018631214,0.0,2.0086391494973108e-05,0.0,2022-07-11_12-55-37,7,1848613.2169227863,random,133.67080437449664,"2022-07-11 16:30:13,485","2022-07-11 16:30:14,516","2022-07-11 17:01:46,979","2022-07-11 17:16:57,306","2022-07-11 17:27:15,852","2022-07-11 17:33:07,271","2022-07-11 17:33:48,074","2022-07-11 16:41:38,619","2022-07-11 17:16:31,602","2022-07-11 17:25:37,535","2022-07-11 17:33:05,196","2022-07-11 17:33:47,025","2022-07-11 17:34:39,279","2022-07-11 17:39:39,399"
14,0.0127551507192514,0.1272408464839761,250.21077295555435,93.9290124459274,0.0062936978819264,11.101822945365264,7.0,0.0128044343038562,0.1343741525562272,255.6336975198164,93.9290124459274,0.0062936978819264,11.101822945365264,7.436862149148722,0.1327205882352939,0.0246323529411762,0.1656488549618319,0.0470909090909095,0.1373257847483214,0.0248637164338581,0.1667483208464541,0.0510621779713663,0.2408508437940191,0.0170678670805175,1.0,33.44000409739481,0.9278037595351478,0.0531402704677659,0.0042102690241625,18.91512053603838,1.532320447515652,1587587.1734585993,88689.2490544913,6.31518228362135e-07,3.653059678136323e-08,2022-07-11_12-55-37,8,1848613.2169227863,random,93.61072711255186,"2022-07-11 16:47:23,649","2022-07-11 16:47:24,697","2022-07-11 17:19:24,943","2022-07-11 17:32:26,515","2022-07-11 17:42:42,716","2022-07-11 17:48:31,770","2022-07-11 17:49:12,575","2022-07-11 16:58:20,625","2022-07-11 17:32:00,834","2022-07-11 17:41:05,585","2022-07-11 17:48:29,720","2022-07-11 17:49:11,523","2022-07-11 17:50:03,789","2022-07-11 17:55:00,716"
15,0.0127107590195896,0.1294626572350238,249.876843753096,93.9290124459274,0.0062936978819264,11.101822945365264,7.0,0.0128044343038562,0.1343741525562272,255.6336975198164,93.9290124459274,0.0062936978819264,11.101822945365264,7.436862149148722,0.1333333333333333,0.0210784313725494,0.1628498727735364,0.0471818181818184,0.1373257847483214,0.0248637164338581,0.1667483208464541,0.0510621779713663,0.2989203116892634,0.0465624198094619,1.0,36.38296238073814,2.079337654369895,0.0659524623673783,0.0114859292546052,15.56432868324097,2.903078170605129,1803516.1771287688,224369.6041683049,5.61656113400871e-07,7.241266851298671e-08,2022-07-11_12-55-37,8,1848613.2169227863,random,93.61072711255186,"2022-07-11 17:06:07,768","2022-07-11 17:06:08,810","2022-07-11 17:36:42,565","2022-07-11 17:49:40,180","2022-07-11 17:59:44,940","2022-07-11 18:05:37,008","2022-07-11 18:06:18,260","2022-07-11 17:18:04,824","2022-07-11 17:49:14,490","2022-07-11 17:58:06,365","2022-07-11 18:05:34,928","2022-07-11 18:06:17,202","2022-07-11 18:07:09,464","2022-07-11 18:11:42,668"
16,0.0141014858684979,0.1170624291841313,276.7330322680612,66.13093724941251,0.0049706404739089,19.932822619482344,6.0,0.0142730772102435,0.1215752033242388,284.3265441898875,66.13093724941251,0.0049706404739089,19.932822619482344,6.324632875387568,0.1470588235294121,0.0241421568627448,0.1503816793893128,0.0426363636363635,0.1530767765413715,0.0277155347883803,0.1530091114070373,0.0461985772632107,0.0,0.0,0.0,0.0,0.0,0.0,0.0,0.0,0.0,0.0,0.0,0.0,0.0,2022-07-11_12-55-37,9,1848613.2169227863,random,62.87495230603255,"2022-07-11 17:23:44,292","2022-07-11 17:23:45,337","2022-07-11 17:52:03,990","2022-07-11 18:04:25,513","2022-07-11 18:14:37,471","2022-07-11 18:20:31,084","2022-07-11 18:21:12,047","2022-07-11 17:35:21,873","2022-07-11 18:03:59,993","2022-07-11 18:12:59,470","2022-07-11 18:20:29,018","2022-07-11 18:21:11,006","2022-07-11 18:22:03,406","2022-07-11 18:25:58,114"
17,0.0131611756314864,0.1381198022176779,274.8537290731397,66.13093724941251,0.0049706404739089,19.932822619482344,6.0,0.0142730772102435,0.1215752033242388,284.3265441898875,66.13093724941251,0.0049706404739089,19.932822619482344,6.324632875387568,0.1329656862745101,0.0226715686274514,0.1501272264631047,0.049,0.1530767765413715,0.0277155347883803,0.1530091114070373,0.0461985772632107,0.0,0.0,0.0,0.0,0.0,0.0,0.0,0.0,0.0,0.0,0.0,0.0,0.0,2022-07-11_12-55-37,9,1848613.2169227863,random,62.87495230603255,"2022-07-11 17:40:55,697","2022-07-11 17:40:56,737","2022-07-11 18:08:43,202","2022-07-11 18:21:04,730","2022-07-11 18:31:13,130","2022-07-11 18:37:12,341","2022-07-11 18:37:52,873","2022-07-11 17:50:44,938","2022-07-11 18:20:38,955","2022-07-11 18:29:35,462","2022-07-11 18:37:10,283","2022-07-11 18:37:51,780","2022-07-11 18:38:44,018","2022-07-11 18:42:35,753"
18,0.0171011102487986,0.2267614449904115,265.4653436992696,78.67930940549074,0.0023450016435104,20.85070514051028,10.0,0.0142822182307127,0.1874198666064057,270.7329373952069,78.67930940549074,0.0023450016435104,20.85070514051028,10.476256312978103,0.1509803921568629,0.0281862745098035,0.0638676844783718,0.071272727272727,0.1531748127200535,0.0277332848689749,0.1278723531005373,0.0712195493104341,0.0020669233645299,0.0038279357951801,0.4,15.303503250242796,0.4274535241238031,0.0011400921925065,0.0014166140758814,3846.3028410974575,4779.198367127007,75821.14094900462,94685.77658910638,5.9883350622410624e-05,7.478259344915772e-05,2022-07-11_12-55-37,10,1848613.2169227863,random,49.13367654353972,"2022-07-11 17:56:18,239","2022-07-11 17:56:19,279","2022-07-11 18:27:12,789","2022-07-11 18:44:57,047","2022-07-11 18:55:01,587","2022-07-11 19:00:54,631","2022-07-11 19:01:35,106","2022-07-11 18:06:43,739","2022-07-11 18:44:30,684","2022-07-11 18:53:28,387","2022-07-11 19:00:52,546","2022-07-11 19:01:34,055","2022-07-11 19:02:26,356","2022-07-11 19:05:16,777"
19,0.0139669049993678,0.1876975375409122,265.64196232642195,78.67930940549074,0.0023450016435104,20.85070514051028,10.0,0.0142822182307127,0.1874198666064057,270.7329373952069,78.67930940549074,0.0023450016435104,20.85070514051028,10.476256312978103,0.1455882352941179,0.023529411764706,0.1259541984732826,0.0681818181818183,0.1531748127200535,0.0277332848689749,0.1278723531005373,0.0712195493104341,0.0,0.0,0.0,0.0,0.0,0.0,0.0,0.0,0.0,0.0,0.0,0.0,0.0,2022-07-11_12-55-37,10,1848613.2169227863,random,49.13367654353972,"2022-07-11 18:13:00,893","2022-07-11 18:13:01,945","2022-07-11 18:57:10,809","2022-07-11 19:14:20,625","2022-07-11 19:24:38,287","2022-07-11 19:30:34,999","2022-07-11 19:31:15,801","2022-07-11 18:24:26,500","2022-07-11 19:13:54,928","2022-07-11 19:23:01,909","2022-07-11 19:30:32,926","2022-07-11 19:31:14,743","2022-07-11 19:32:07,010","2022-07-11 19:34:52,208"
20,0.0159090708524645,0.2820748057703813,250.53570855964847,88.7384475456625,0.0032578769309949,12.263680116184656,8.0,0.0161176993091651,0.2703358442789927,256.4033880124905,88.7384475456625,0.0032578769309949,12.263680116184656,7.995219798717253,0.1666666666666673,0.0303921568627444,0.0697201017811707,0.1048181818181817,0.1728600931086804,0.0312974314740777,0.0731148545912245,0.1027276208260172,0.3527339221800134,0.0271684824069112,1.0,40.90181155733139,1.181350921678079,0.0778256606143859,0.0067018696227071,12.924276296164114,1.0898806885587955,1900638.4414962567,116705.6786494277,5.276959604378103e-07,3.169576706280283e-08,2022-07-11_12-55-37,11,1900638.4414962567,random,52.09488428094925,"2022-07-11 18:28:40,636","2022-07-11 18:28:41,688","2022-07-11 19:20:39,278","2022-07-11 19:34:59,955","2022-07-11 19:45:11,011","2022-07-11 19:51:06,790","2022-07-11 19:51:47,784","2022-07-11 18:41:06,407","2022-07-11 19:34:33,307","2022-07-11 19:43:33,744","2022-07-11 19:51:04,719","2022-07-11 19:51:46,730","2022-07-11 19:52:39,112","2022-07-11 19:57:19,137"
21,0.0157105728261551,0.273783192500182,251.79987904445164,88.7384475456625,0.0032578769309949,12.263680116184656,8.0,0.0161176993091651,0.2703358442789927,256.4033880124905,88.7384475456625,0.0032578769309949,12.263680116184656,7.995219798717253,0.1656862745098039,0.0198529411764711,0.0717557251908397,0.0969999999999996,0.1728600931086804,0.0312974314740777,0.0731148545912245,0.1027276208260172,0.6629725939853939,0.0181968861234553,1.0,45.39061888515155,1.1387375303882532,0.1462753561587275,0.0044887732966499,6.841427735330834,0.2039601995870525,3223142.4937541126,86231.51363114652,3.1043363033289845e-07,8.290106553973458e-09,2022-07-11_12-55-37,11,3223142.4937541126,random,52.09488428094925,"2022-07-11 18:43:50,050","2022-07-11 18:43:51,094","2022-07-11 19:36:26,301","2022-07-11 19:52:09,776","2022-07-11 20:02:16,435","2022-07-11 20:08:10,613","2022-07-11 20:08:51,822","2022-07-11 18:55:48,359","2022-07-11 19:51:44,407","2022-07-11 20:00:37,658","2022-07-11 20:08:08,501","2022-07-11 20:08:50,715","2022-07-11 20:09:43,153","2022-07-11 20:14:29,923"
22,0.0132747742847868,0.0104786232054312,223.30696827777743,78.35814672477638,0.0032914978027835,20.59739931152508,9.0,0.0135216773753251,0.0077555364605485,226.0974920668119,78.35814672477638,0.0032914978027835,20.59739931152508,8.846281448315073,0.1398284313725491,0.0252450980392156,0.2040712468193379,0.003909090909091,0.1450181173658656,0.0262564627215859,0.2057783160575398,0.0029471038550084,0.0048640271832015,0.0007550500521656,1.0,16.285945177036005,1.1544021537642375,0.0010731775567244,0.0001862543123477,955.9409587434386,174.04860737174332,65581.57052432715,7835.042011630708,1.5428241515062065e-05,1.887013165838264e-06,2022-07-11_12-55-37,12,3223142.4937541126,random,58.235031899867,"2022-07-11 19:06:30,158","2022-07-11 19:06:31,204","2022-07-11 19:54:20,846","2022-07-11 20:09:20,830","2022-07-11 20:19:29,479","2022-07-11 20:25:21,184","2022-07-11 20:26:02,921","2022-07-11 19:19:14,558","2022-07-11 20:08:55,070","2022-07-11 20:17:50,491","2022-07-11 20:25:19,115","2022-07-11 20:26:01,813","2022-07-11 20:26:54,408","2022-07-11 20:31:42,469"
24,0.0116979252436985,0.0024652652373087,250.26821504255497,77.957343292641,0.0074263673058378,15.028823290650172,5.0,0.010565385650222,0.0046603156269607,253.831745060363,77.957343292641,0.0074263673058378,15.028823290650172,4.5773251465689855,0.1094362745098035,0.0199754901960786,0.2016539440203563,0.0008181818181819,0.113312298001985,0.0205159202341614,0.2444008618256083,0.001770919938245,0.0,0.0,0.0,0.0,0.0,0.0,0.0,0.0,0.0,0.0,0.0,0.0,0.0,2022-07-11_12-55-37,13,3223142.4937541126,random,67.98579563333827,"2022-07-11 19:58:37,718","2022-07-11 19:58:38,757","2022-07-11 20:28:43,270","2022-07-11 20:40:06,809","2022-07-11 20:50:19,953","2022-07-11 20:56:04,184","2022-07-11 20:56:45,115","2022-07-11 20:09:20,773","2022-07-11 20:39:40,937","2022-07-11 20:48:42,561","2022-07-11 20:56:02,110","2022-07-11 20:56:44,046","2022-07-11 20:57:36,516","2022-07-11 21:07:15,107"
25,0.0106887320262348,0.0118873205935963,249.2964464255729,77.957343292641,0.0074263673058378,15.028823290650172,5.0,0.010565385650222,0.0046603156269607,253.831745060363,77.957343292641,0.0074263673058378,15.028823290650172,4.5773251465689855,0.1090686274509803,0.0189950980392155,0.227099236641222,0.0042727272727274,0.113312298001985,0.0205159202341614,0.2444008618256083,0.001770919938245,0.0,0.0,0.0,0.0,0.0,0.0,0.0,0.0,0.0,0.0,0.0,0.0,0.0,2022-07-11_12-55-37,13,3223142.4937541126,random,67.98579563333827,"2022-07-11 20:15:49,032","2022-07-11 20:15:50,073","2022-07-11 20:46:48,745","2022-07-11 20:59:12,523","2022-07-11 21:09:19,418","2022-07-11 21:15:14,128","2022-07-11 21:15:54,914","2022-07-11 20:26:21,844","2022-07-11 20:57:46,248","2022-07-11 21:07:40,651","2022-07-11 21:15:12,055","2022-07-11 21:15:53,834","2022-07-11 21:16:46,088","2022-07-11 21:22:20,683"
26,0.016874484681601,0.3024737247259007,272.3943712291752,72.1853307221313,0.0033657994454211,18.520425263686853,3.0,0.0181515989476933,0.2739324009900491,275.63169125877386,72.1853307221313,0.0033657994454211,18.520425263686853,3.212820424057956,0.1596813725490197,0.0332107843137259,0.0463104325699745,0.1037272727272728,0.1946733850770804,0.0352468682603684,0.0459854342863324,0.1040943123762186,0.0215428663425159,0.0115047696015633,1.0,19.86117008741108,1.1553989707374992,0.0047531232444893,0.0028379747073891,269.08018127917273,139.1764623036665,234769.43361904664,127570.76766184696,5.254062708435186e-06,2.57645937095957e-06,2022-07-11_12-55-37,14,3223142.4937541126,random,21.627418403063704,"2022-07-11 20:32:58,757","2022-07-11 20:32:59,805","2022-07-11 21:04:15,977","2022-07-11 21:16:30,228","2022-07-11 21:26:43,006","2022-07-11 21:32:37,319","2022-07-11 21:33:18,230","2022-07-11 20:43:32,771","2022-07-11 21:16:04,578","2022-07-11 21:25:05,307","2022-07-11 21:32:35,263","2022-07-11 21:33:17,167","2022-07-11 21:34:09,541","2022-07-11 21:39:26,992"
27,0.0177471277262517,0.2908690160794226,273.9458406769581,72.1853307221313,0.0033657994454211,18.520425263686853,3.0,0.0181515989476933,0.2739324009900491,275.63169125877386,72.1853307221313,0.0033657994454211,18.520425263686853,3.212820424057956,0.1884803921568632,0.0343137254901955,0.0442748091603049,0.1095454545454547,0.1946733850770804,0.0352468682603684,0.0459854342863324,0.1040943123762186,0.0540955743345452,0.0093724039366995,1.0,21.02970004213442,0.44666024487579,0.0119354095089047,0.0023119667964644,86.53283766635673,18.08363593350472,568391.1919830345,112681.90959943197,1.823013692821312e-06,4.093305761639916e-07,2022-07-11_12-55-37,14,3223142.4937541126,random,21.627418403063704,"2022-07-11 20:50:08,136","2022-07-11 20:50:09,170","2022-07-11 21:19:22,258","2022-07-11 21:32:24,985","2022-07-11 21:42:29,949","2022-07-11 21:48:29,915","2022-07-11 21:49:10,028","2022-07-11 21:02:52,345","2022-07-11 21:31:58,867","2022-07-11 21:40:53,628","2022-07-11 21:48:27,841","2022-07-11 21:49:08,987","2022-07-11 21:50:01,351","2022-07-11 21:53:16,605"
28,0.0110626539131926,0.2773518565469747,239.5293713199524,70.99773915843359,0.0069625797929133,23.262931299899385,4.0,0.0114552637124173,0.2650984605782088,246.85648221921176,70.99773915843359,0.0069625797929133,23.262931299899385,3.8866898555150113,0.1187499999999997,0.0223039215686277,0.1353689567430023,0.1060909090909089,0.1228561169885426,0.0222438900354098,0.134162577956328,0.1007374150197193,0.0041854239943656,0.0050544693089923,1.0,10.465071662006867,0.5513177807711218,0.0003662835089236,5.639261003494203e-05,2779.7561807340608,430.4574771465161,35003.916361739146,5088.639473759131,2.90323871151128e-05,4.261407806227082e-06,2022-07-11_12-55-37,15,3223142.4937541126,random,54.12277649865986,"2022-07-11 21:08:26,016","2022-07-11 21:08:27,043","2022-07-11 21:36:28,078","2022-07-11 21:47:06,364","2022-07-11 21:57:20,611","2022-07-11 22:03:17,997","2022-07-11 22:03:58,964","2022-07-11 21:18:02,074","2022-07-11 21:46:41,009","2022-07-11 21:55:42,109","2022-07-11 22:03:15,916","2022-07-11 22:03:57,914","2022-07-11 22:04:50,226","2022-07-11 22:07:40,458"
29,0.0103375558625949,0.2936905619144985,243.2200387805732,70.99773915843359,0.0069625797929133,23.262931299899385,4.0,0.0114552637124173,0.2650984605782088,246.85648221921176,70.99773915843359,0.0069625797929133,23.262931299899385,3.8866898555150113,0.1014705882352938,0.0194852941176468,0.1269720101781171,0.1030909090909094,0.1228561169885426,0.0222438900354098,0.134162577956328,0.1007374150197193,0.0,0.0,0.0,0.0,0.0,0.0,0.0,0.0,0.0,0.0,0.0,0.0,0.0,2022-07-11_12-55-37,15,3223142.4937541126,random,54.12277649865986,"2022-07-11 21:23:38,837","2022-07-11 21:23:39,879","2022-07-11 21:48:32,319","2022-07-11 21:59:10,876","2022-07-11 22:09:20,014","2022-07-11 22:15:18,441","2022-07-11 22:15:59,645","2022-07-11 21:35:07,936","2022-07-11 21:58:45,300","2022-07-11 22:07:41,026","2022-07-11 22:15:16,375","2022-07-11 22:15:58,586","2022-07-11 22:16:50,907","2022-07-11 22:19:35,605"
30,0.0107754916988708,0.0,291.70595544966363,100.0,0.002,10.0,1.0,0.01,0.0,300.0,100.0,0.002,10.0,0.51,0.1064950980392151,0.0180147058823534,0.222137404580153,0.0,0.1072486151980672,0.0194180514685994,0.2533333333333333,0.0,0.0005435055943904,0.0010870111887808,0.2,18.136049575799102,0.0,0.0005995834150232,0.0,1667.8246511558198,0.0,33060.309662108484,0.0,3.02477505571018e-05,0.0,2022-07-12_10-41-55,16,3223142.4937541126,SF,2.04,"2022-07-12 10:47:03,658","2022-07-12 10:47:04,704","2022-07-12 11:00:35,175","2022-07-12 11:12:40,734","2022-07-12 11:23:08,858","2022-07-12 11:28:50,587","2022-07-12 11:29:31,346","2022-07-12 10:59:14,061","2022-07-12 11:12:20,632","2022-07-12 11:21:20,369","2022-07-12 11:28:48,478","2022-07-12 11:29:30,296","2022-07-12 11:30:22,702","2022-07-12 11:34:18,093"
31,0.0097125680496747,0.0,292.26547791938697,100.0,0.002,10.0,1.0,0.01,0.0,300.0,100.0,0.002,10.0,0.51,0.1037990196078428,0.0188725490196079,0.2562340966921114,0.0,0.1072486151980672,0.0194180514685994,0.2533333333333333,0.0,0.0007715124008648,0.0012540113628997,0.4,9.35370693718398,2.713074359732488,0.000425557753975,0.0004067414210713,4325.648276665958,4134.38672112382,40910.67233343823,31618.23723045844,3.485239699011854e-05,2.693603632573377e-05,2022-07-12_10-41-55,16,3223142.4937541126,SF,2.04,"2022-07-12 10:59:14,267","2022-07-12 11:02:03,176","2022-07-12 11:14:32,247","2022-07-12 11:27:12,978","2022-07-12 11:39:05,895","2022-07-12 11:44:50,175","2022-07-12 11:45:31,023","2022-07-12 11:13:07,330","2022-07-12 11:26:46,262","2022-07-12 11:35:42,306","2022-07-12 11:44:48,103","2022-07-12 11:45:29,950","2022-07-12 11:46:22,364","2022-07-12 11:49:09,271"
32,0.0098196881803702,0.0,290.0346422000458,100.0,0.002,10.0,1.0,0.01,0.0,300.0,100.0,0.002,10.0,0.51,0.1057598039215686,0.0199754901960786,0.258396946564885,0.0,0.1072486151980672,0.0194180514685994,0.2533333333333333,0.0,0.0012808243398795,0.0019221060543739,0.4,7.529970791555961,1.6532436098454968,0.0007064886172986,0.0005479864354526,2024.4294197807976,1570.244494260849,87954.4955027678,53463.18584089714,1.3945896062500078e-05,8.477020175549923e-06,2022-07-12_10-41-55,17,3223142.4937541126,SF,2.04,"2022-07-12 10:59:14,993","2022-07-12 11:16:00,672","2022-07-12 11:35:33,863","2022-07-12 11:48:13,433","2022-07-12 11:58:17,658","2022-07-12 12:04:01,648","2022-07-12 12:04:42,416","2022-07-12 11:24:49,201","2022-07-12 11:47:47,979","2022-07-12 11:56:39,770","2022-07-12 12:03:59,642","2022-07-12 12:04:41,401","2022-07-12 12:05:33,654","2022-07-12 12:08:25,277"
33,0.0098624783819254,0.0,287.5628676022122,100.0,0.002,10.0,1.0,0.01,0.0,300.0,100.0,0.002,10.0,0.51,0.1052696078431373,0.0200980392156862,0.2559796437659039,0.0,0.1072486151980672,0.0194180514685994,0.2533333333333333,0.0,0.0027976088332885,0.0037528284508111,0.6,11.46548019265193,2.555647035585089,0.0010287535065416,0.0010387449263031,2744.7976008105743,3236.8269441073635,79607.44761669832,70918.61119558642,2.6194311798438804e-05,2.6762488897702266e-05,2022-07-12_10-41-55,17,3223142.4937541126,SF,2.04,"2022-07-12 10:59:14,529","2022-07-12 11:24:49,723","2022-07-12 11:50:29,423","2022-07-12 12:00:51,989","2022-07-12 12:11:01,158","2022-07-12 12:16:46,785","2022-07-12 12:17:27,947","2022-07-12 11:32:42,540","2022-07-12 12:00:26,515","2022-07-12 12:09:20,618","2022-07-12 12:16:44,687","2022-07-12 12:17:26,894","2022-07-12 12:18:19,251","2022-07-12 12:22:55,257"
34,0.0199393190292042,0.303822311772758,215.65566942080665,100.0,0.008,10.0,1.0,0.02,0.3,220.0,100.0,0.008,10.0,0.51,0.2115196078431368,0.0378676470588234,0.0118320610687024,0.1139999999999995,0.2144972303961344,0.0388361029371988,0.0126666666666667,0.1139999999999999,0.008680268309635,0.0032818361098301,1.0,118.9334728589996,2.840992272139267,0.0019151762079823,0.0008095570964088,590.7246747699982,215.6310984331845,16198.135756142789,7125.091645889741,7.059866034782527e-05,2.6789114154563e-05,2022-07-12_10-41-55,18,3223142.4937541126,SF,8.16,"2022-07-12 11:37:01,609","2022-07-12 11:37:02,662","2022-07-12 12:02:55,016","2022-07-12 12:11:20,829","2022-07-12 12:23:25,089","2022-07-12 12:29:23,784","2022-07-12 12:30:04,948","2022-07-12 11:46:31,727","2022-07-12 12:10:55,311","2022-07-12 12:19:45,450","2022-07-12 12:29:21,726","2022-07-12 12:30:03,874","2022-07-12 12:30:56,186","2022-07-12 12:35:06,564"
35,0.0195772123388121,0.3049428775065438,213.7103727419435,100.0,0.008,10.0,1.0,0.02,0.3,220.0,100.0,0.008,10.0,0.51,0.2183823529411763,0.0395833333333336,0.0167938931297708,0.1205454545454541,0.2144972303961344,0.0388361029371988,0.0126666666666667,0.1139999999999999,0.004135735687475,0.0013907538042379,1.0,112.50778263990055,1.4561889088511308,0.0009124905254787,0.0003430685061347,1258.54674187743,571.952011916508,8104.908087277325,3009.135390076823,0.0001416289302319,6.50000163733532e-05,2022-07-12_10-41-55,18,3223142.4937541126,SF,8.16,"2022-07-12 11:51:57,157","2022-07-12 11:51:58,202","2022-07-12 12:19:53,690","2022-07-12 12:28:23,632","2022-07-12 12:39:52,660","2022-07-12 12:45:49,688","2022-07-12 12:46:30,986","2022-07-12 12:01:30,048","2022-07-12 12:27:57,895","2022-07-12 12:36:50,833","2022-07-12 12:45:47,620","2022-07-12 12:46:29,914","2022-07-12 12:47:22,116","2022-07-12 12:50:09,259"
36,0.0154406577547636,0.2497343205070055,250.45088480933308,89.20928064016223,0.0034127563661884,12.169892609167407,8.0,0.0154988980945186,0.2451899299292754,255.6791336602532,89.20928064016223,0.0034127563661884,12.169892609167407,7.893428484699584,0.1647058823529415,0.0301470588235293,0.0891857506361323,0.0945454545454542,0.166223535773309,0.030095840090594,0.0905084507629722,0.0931721733731246,0.2912434433482435,0.0128607014419046,1.0,40.42750954273432,1.2893227001832213,0.0642586719136644,0.0031724533976281,15.59148593773078,0.744456570048431,1588893.4736195053,34063.62940995392,6.295990638460273e-07,1.3426097662429032e-08,2022-07-12_10-41-55,19,3223142.4937541126,2.00E-01,53.876696624422735,"2022-07-12 12:10:08,180","2022-07-12 12:10:09,209","2022-07-12 12:36:22,178","2022-07-12 12:50:52,211","2022-07-12 13:00:56,814","2022-07-12 13:06:52,543","2022-07-12 13:07:33,702","2022-07-12 12:17:48,177","2022-07-12 12:50:25,921","2022-07-12 12:59:19,324","2022-07-12 13:06:50,469","2022-07-12 13:07:32,655","2022-07-12 13:08:24,894","2022-07-12 13:13:07,528"
37,0.0150442543104689,0.2550812139102227,252.34759212009345,89.20928064016223,0.0034127563661884,12.169892609167407,8.0,0.0154988980945186,0.2451899299292754,255.6791336602532,89.20928064016223,0.0034127563661884,12.169892609167407,7.893428484699584,0.1593137254901965,0.0317401960784314,0.0927480916030531,0.0971818181818181,0.166223535773309,0.030095840090594,0.0905084507629722,0.0931721733731246,0.3723680057579208,0.0102056094011947,1.0,41.417176207615626,0.8029800508100665,0.0821576384280448,0.0025175003374381,12.180809175843446,0.3707311953092367,1983721.0073658328,49696.11767580507,5.04358885307954e-07,1.2760643680230956e-08,2022-07-12_10-41-55,19,3223142.4937541126,2.00E-01,53.876696624422735,"2022-07-12 12:23:13,389","2022-07-12 12:23:14,426","2022-07-12 12:52:17,862","2022-07-12 13:07:55,179","2022-07-12 13:18:05,376","2022-07-12 13:24:01,070","2022-07-12 13:24:41,975","2022-07-12 12:33:32,789","2022-07-12 13:07:29,599","2022-07-12 13:16:27,260","2022-07-12 13:23:59,000","2022-07-12 13:24:40,867","2022-07-12 13:25:33,090","2022-07-12 13:30:21,485"
38,0.0166775165718544,0.201874022163448,260.80322507014296,90.93426127015609,0.0039302877261081,11.731746379039002,8.0,0.0163610713086936,0.1967484124392237,267.8020354180851,90.93426127015609,0.0039302877261081,11.731746379039002,7.529471500232861,0.1769607843137261,0.0335784313725491,0.0917302798982186,0.0764545454545457,0.1754702241014223,0.0317700124753638,0.0979953666963087,0.074764396726905,0.577466219446854,0.0437276556375212,1.0,49.16862627474505,1.546913168213306,0.1274096058955394,0.0107866550144425,7.893615012760014,0.6644465574626152,2589991.352195369,181837.72672582,3.876155345514252e-07,2.6981545472215684e-08,2022-07-12_10-41-55,20,3223142.4937541126,2.00E+01,59.18597884289191,"2022-07-12 12:37:49,147","2022-07-12 12:37:50,184","2022-07-12 13:10:06,240","2022-07-12 13:24:12,363","2022-07-12 13:34:17,907","2022-07-12 13:40:13,861","2022-07-12 13:40:54,252","2022-07-12 12:45:27,811","2022-07-12 13:23:46,766","2022-07-12 13:32:38,253","2022-07-12 13:40:11,781","2022-07-12 13:40:53,195","2022-07-12 13:41:45,274","2022-07-12 13:46:28,767"
39,0.0161177969562728,0.2077518095611094,264.7146078055459,90.93426127015609,0.0039302877261081,11.731746379039002,8.0,0.0163610713086936,0.1967484124392237,267.8020354180851,90.93426127015609,0.0039302877261081,11.731746379039002,7.529471500232861,0.1734068627450982,0.0311274509803919,0.0970737913486008,0.0790909090909092,0.1754702241014223,0.0317700124753638,0.0979953666963087,0.074764396726905,0.6139041056172883,0.0092220019927679,1.0,51.32853723898078,0.3994099179982222,0.1354491007790472,0.0022748659306842,7.3845052929608865,0.1234216161201953,2638965.2655683225,46666.796470695685,3.790323450399165e-07,6.782496543565598e-09,2022-07-12_10-41-55,20,3223142.4937541126,2.00E+01,59.18597884289191,"2022-07-12 12:53:44,647","2022-07-12 12:53:45,684","2022-07-12 13:25:36,006","2022-07-12 13:41:18,551","2022-07-12 13:51:18,166","2022-07-12 13:57:12,558","2022-07-12 13:57:53,049","2022-07-12 13:04:04,852","2022-07-12 13:40:52,986","2022-07-12 13:49:41,039","2022-07-12 13:57:10,499","2022-07-12 13:57:51,986","2022-07-12 13:58:44,038","2022-07-12 14:01:29,148"
40,0.0140857473816441,0.2850828971936244,286.9329693014573,79.71717084857836,0.0040049200968673,10.0,10.0,0.0142641455054845,0.2740904979582023,294.8579367428623,79.71717084857836,0.0040049200968673,10.0,10.287354240907357,0.1522058823529407,0.0267156862745101,0.0935114503816795,0.1086363636363631,0.1529809852446952,0.027698191158109,0.0951664343730788,0.1041543892241168,0.3897887426084614,0.0572799239072025,1.0,45.042525289584944,0.864500504582786,0.0860012731581653,0.014129702803238,11.897392796918744,2.0608914798905267,1905641.890161221,284066.9849727653,5.346080232216048e-07,8.289426545733185e-08,2022-07-12_10-41-55,21,3223142.4937541126,4.00E+02,82.40006348600585,"2022-07-12 13:15:16,246","2022-07-12 13:15:17,335","2022-07-12 13:43:29,428","2022-07-12 14:00:17,969","2022-07-12 14:10:23,729","2022-07-12 14:16:17,201","2022-07-12 14:16:57,870","2022-07-12 13:24:05,039","2022-07-12 13:58:45,160","2022-07-12 14:08:45,597","2022-07-12 14:16:15,140","2022-07-12 14:16:56,823","2022-07-12 14:17:48,837","2022-07-12 14:20:33,869"
41,0.014472433850516,0.2714666172008538,285.6963028777363,79.71717084857836,0.0040049200968673,10.0,10.0,0.0142641455054845,0.2740904979582023,294.8579367428623,79.71717084857836,0.0040049200968673,10.0,10.287354240907357,0.1553921568627448,0.030392156862745,0.0947837150127226,0.1045454545454547,0.1529809852446952,0.027698191158109,0.0951664343730788,0.1041543892241168,0.4643428414699059,0.0757406595005165,1.0,44.78904719056188,2.674211619747989,0.1024505615043002,0.0186835619858247,10.033207818864428,1.8822736898695216,2273962.3666399373,282742.4662522469,4.4539756593842803e-07,5.6873924760463407e-08,2022-07-12_10-41-55,21,3223142.4937541126,4.00E+02,82.40006348600585,"2022-07-12 13:31:50,463","2022-07-12 13:31:51,524","2022-07-12 14:02:47,142","2022-07-12 14:20:28,545","2022-07-12 14:30:37,244","2022-07-12 14:36:23,791","2022-07-12 14:37:04,312","2022-07-12 13:40:16,960","2022-07-12 14:20:02,416","2022-07-12 14:29:00,172","2022-07-12 14:36:21,723","2022-07-12 14:37:03,267","2022-07-12 14:37:55,522","2022-07-12 14:40:41,679"
42,0.015158513382306,0.1500764792469415,288.7450225734217,78.40324145129946,0.002,10.0,10.0,0.0153072613526799,0.1494075032878865,300.0,78.40324145129946,0.002,10.0,10.49,0.1613970588235293,0.0286764705882359,0.129643765903308,0.0564545454545454,0.1641682582549818,0.0297237188789641,0.1293331716166571,0.0567748512493969,0.2203756155028944,0.0598609330641129,1.0,39.17113983453309,2.1932459950127945,0.048622706185491,0.0147663812384025,22.52122541546508,8.286496527754503,1227410.2331748428,315058.86902137107,8.683103007318696e-07,2.662119801969611e-07,2022-07-12_10-41-55,22,3223142.4937541126,SF,41.96000000000001,"2022-07-12 13:48:11,358","2022-07-12 13:48:12,421","2022-07-12 14:21:54,181","2022-07-12 14:39:29,660","2022-07-12 14:49:38,600","2022-07-12 14:55:25,419","2022-07-12 14:56:06,339","2022-07-12 13:57:40,593","2022-07-12 14:38:07,581","2022-07-12 14:48:01,284","2022-07-12 14:55:23,333","2022-07-12 14:56:05,259","2022-07-12 14:56:57,626","2022-07-12 14:59:43,291"
43,0.0150658318411482,0.1628354629244711,290.77360671976857,78.40324145129946,0.002,10.0,10.0,0.0153072613526799,0.1494075032878865,300.0,78.40324145129946,0.002,10.0,10.49,0.1598039215686273,0.0311274509803919,0.1273536895674304,0.0619090909090911,0.1641682582549818,0.0297237188789641,0.1293331716166571,0.0567748512493969,0.2913284293028802,0.0455614162614817,1.0,39.38110623411033,0.9994579889701236,0.0642774228407702,0.0112390036011972,15.960442197092206,2.91270592598652,1627582.0368684214,245893.1419972297,6.264651231032806e-07,1.0061438146778817e-07,2022-07-12_10-41-55,22,3223142.4937541126,SF,41.96000000000001,"2022-07-12 14:04:15,138","2022-07-12 14:04:16,171","2022-07-12 14:41:58,329","2022-07-12 15:00:01,201","2022-07-12 15:10:04,659","2022-07-12 15:15:57,316","2022-07-12 15:16:37,917","2022-07-12 14:15:11,481","2022-07-12 14:59:35,583","2022-07-12 15:08:27,138","2022-07-12 15:15:55,244","2022-07-12 15:16:36,845","2022-07-12 15:17:29,154","2022-07-12 15:21:53,824"
44,0.0164560571947407,0.2879037116726133,257.88423465676243,88.37306859182844,0.0036711245841543,11.961416211597683,8.0,0.0168719281980017,0.2767078544382208,266.6059396034145,88.37306859182844,0.0036711245841543,11.961416211597683,8.042929381737874,0.1773284313725483,0.0325980392156859,0.0625954198473281,0.1101818181818181,0.1809490934956912,0.0327619970123312,0.0611399248054536,0.1051489846865239,0.6308451109662812,0.0112802081499476,1.0,50.83717341353158,0.902922309513679,0.1391868896614115,0.0027825803151491,7.186895750485265,0.1445065727348575,2738272.186227426,56821.91195512794,3.653200112629578e-07,7.60357892680662e-09,2022-07-12_10-41-55,23,3223142.4937541126,2.00E-01,59.05319156382971,"2022-07-12 14:23:21,282","2022-07-12 14:23:22,342","2022-07-12 15:01:22,848","2022-07-12 15:15:33,583","2022-07-12 15:25:39,187","2022-07-12 15:31:39,089","2022-07-12 15:32:19,896","2022-07-12 14:32:39,503","2022-07-12 15:15:07,949","2022-07-12 15:23:58,710","2022-07-12 15:31:37,014","2022-07-12 15:32:18,817","2022-07-12 15:33:11,132","2022-07-12 15:37:59,630"
45,0.0167305187075064,0.276847816070656,259.0646265082724,88.37306859182844,0.0036711245841543,11.961416211597683,8.0,0.0168719281980017,0.2767078544382208,266.6059396034145,88.37306859182844,0.0036711245841543,11.961416211597683,8.042929381737874,0.177573529411765,0.0321078431372551,0.0622137404580154,0.1040909090909095,0.1809490934956912,0.0327619970123312,0.0611399248054536,0.1051489846865239,0.7174749354118293,0.0328624118546589,1.0,52.92051031757935,0.8702438486779994,0.1583005129690739,0.0081064373209747,6.330759466374938,0.3335775165659416,2991339.705348168,145233.0753814189,3.34964148929868e-07,1.7147475311425997e-08,2022-07-12_10-41-55,23,3223142.4937541126,2.00E-01,59.05319156382971,"2022-07-12 14:43:25,217","2022-07-12 14:43:26,273","2022-07-12 15:17:09,080","2022-07-12 15:31:37,112","2022-07-12 15:41:47,912","2022-07-12 15:47:44,361","2022-07-12 15:48:25,208","2022-07-12 14:54:04,996","2022-07-12 15:31:11,003","2022-07-12 15:40:07,741","2022-07-12 15:47:42,274","2022-07-12 15:48:24,135","2022-07-12 15:49:16,354","2022-07-12 15:52:28,008"
46,0.0182891603612743,0.3025320201208951,263.1922091148783,87.79568100545208,0.0050845949477857,11.031054883822703,8.0,0.0184102329128636,0.3,272.4032233912066,87.79568100545208,0.0050845949477857,11.031054883822703,7.7922504425205075,0.1959558823529411,0.0354166666666663,0.033333333333333,0.1148181818181818,0.1974471985378507,0.0357490850250889,0.0328037164370602,0.1139999999999999,1.041539666231771,0.0253488619055779,1.0,68.11131809352415,0.8975770599969979,0.2298007293418392,0.0062530090945372,4.354197856004118,0.1195322841648892,3374576.1586788334,109604.17290401006,2.9659006853748965e-07,9.876199652249237e-09,2022-07-12_10-41-55,24,3374576.1586788334,2.00E+01,79.24087446384134,"2022-07-12 15:02:49,847","2022-07-12 15:02:50,899","2022-07-12 15:33:16,989","2022-07-12 15:47:07,982","2022-07-12 15:57:20,714","2022-07-12 16:03:12,628","2022-07-12 16:03:53,633","2022-07-12 15:12:56,380","2022-07-12 15:46:42,179","2022-07-12 15:55:42,725","2022-07-12 16:03:10,559","2022-07-12 16:03:52,521","2022-07-12 16:04:44,905","2022-07-12 16:07:47,733"
47,0.0181625493824311,0.3008945134280732,263.3023004452699,87.79568100545208,0.0050845949477857,11.031054883822703,8.0,0.0184102329128636,0.3,272.4032233912066,87.79568100545208,0.0050845949477857,11.031054883822703,7.7922504425205075,0.1974264705882351,0.0368872549019608,0.0362595419847325,0.1164545454545453,0.1974471985378507,0.0357490850250889,0.0328037164370602,0.1139999999999999,1.0680671406772009,0.0143763751877819,1.0,69.72174078577142,0.2075057902781107,0.2356536345866407,0.0035463369176309,4.244282036252619,0.0636191269459423,3380051.807923144,60286.8164670288,2.9592849752355e-07,5.259476190035431e-09,2022-07-12_10-41-55,24,3380051.807923144,2.00E+01,79.24087446384134,"2022-07-12 15:23:16,055","2022-07-12 15:23:17,107","2022-07-12 15:53:40,614","2022-07-12 16:07:35,024","2022-07-12 16:17:46,799","2022-07-12 16:23:38,190","2022-07-12 16:24:18,584","2022-07-12 15:31:54,215","2022-07-12 16:07:09,277","2022-07-12 16:16:08,486","2022-07-12 16:23:36,114","2022-07-12 16:24:17,578","2022-07-12 16:25:09,658","2022-07-12 16:29:48,032"
48,0.0195205666488068,0.3052587353776764,289.4237950056838,100.0,0.0076706076316391,11.59323373748746,9.0,0.0196525596600954,0.3,300.0,100.0,0.0076706076316391,11.59323373748746,9.034535188481962,0.2109068627450979,0.0371323529411764,0.0167938931297714,0.116363636363636,0.2107709808642636,0.0381614414969454,0.0170675776387909,0.1139999999999999,0.4808553120578345,0.036299823386101,1.0,43.70803044748193,1.382586524051318,0.1060938003624708,0.0089543714668088,9.478392808175084,0.7836652281005125,2424195.4784317217,128707.62240929366,4.134317867785765e-07,2.1767996279796773e-08,2022-07-12_10-41-55,25,3380051.807923144,4.00E+02,138.60074913016345,"2022-07-12 15:39:40,543","2022-07-12 15:39:41,589","2022-07-12 16:09:02,896","2022-07-12 16:23:40,065","2022-07-12 16:33:50,846","2022-07-12 16:39:41,405","2022-07-12 16:40:22,333","2022-07-12 15:50:55,768","2022-07-12 16:23:14,234","2022-07-12 16:32:10,117","2022-07-12 16:39:39,316","2022-07-12 16:40:21,279","2022-07-12 16:41:13,353","2022-07-12 16:46:08,336"
49,0.0172515361894099,0.3688885531568505,290.9550029590568,100.0,0.0076706076316391,11.59323373748746,9.0,0.0196525596600954,0.3,300.0,100.0,0.0076706076316391,11.59323373748746,9.034535188481962,0.1537990196078433,0.0210784313725483,0.01704834605598,0.1121818181818183,0.2107709808642636,0.0381614414969454,0.0170675776387909,0.1139999999999999,0.3144805621367363,0.0437214661138735,1.0,36.03837910989232,1.8369348344793075,0.069385607563382,0.0107851281945085,14.68749919667511,2.223936790233564,1917964.6174430607,206992.18121324453,5.26324429859833e-07,5.730307383430887e-08,2022-07-12_10-41-55,25,3380051.807923144,4.00E+02,138.60074913016345,"2022-07-12 15:55:07,552","2022-07-12 15:55:08,599","2022-07-12 16:25:03,751","2022-07-12 16:41:01,085","2022-07-12 16:51:07,244","2022-07-12 16:57:00,177","2022-07-12 16:57:40,825","2022-07-12 16:06:15,243","2022-07-12 16:40:35,614","2022-07-12 16:49:28,112","2022-07-12 16:56:58,102","2022-07-12 16:57:39,773","2022-07-12 16:58:32,028","2022-07-12 17:03:25,888"
50,0.0102716393959214,0.0,224.7342252939372,100.0,0.0057536643071061,25.0,10.0,0.01,0.0,228.25900970293807,100.0,0.0057536643071061,25.0,10.49,0.1031862745098045,0.0177696078431377,0.2323155216284991,0.0,0.1072486151980672,0.0194180514685994,0.2533333333333333,0.0,0.0065559735026653,0.0037272115813961,1.0,8.020436626960302,1.056970572646194,0.0014464811483454,0.0009194214715654,918.5081296416498,497.13280795471553,171706.1804149798,86495.43517880219,6.975389026391643e-06,3.093765363727568e-06,2022-07-12_10-41-55,26,3380051.807923144,SF,120.71187716308599,"2022-07-12 16:10:30,428","2022-07-12 16:10:31,462","2022-07-12 16:43:11,204","2022-07-12 16:58:15,887","2022-07-12 17:08:16,795","2022-07-12 17:14:03,494","2022-07-12 17:14:44,252","2022-07-12 16:20:34,590","2022-07-12 16:57:50,428","2022-07-12 17:06:37,855","2022-07-12 17:14:01,437","2022-07-12 17:14:43,189","2022-07-12 17:15:35,441","2022-07-12 17:20:44,096"
51,0.0097947457703002,0.0,225.96046371602367,100.0,0.0057536643071061,25.0,10.0,0.01,0.0,228.25900970293807,100.0,0.0057536643071061,25.0,10.49,0.1072303921568621,0.0155637254901957,0.2533078880407119,0.0,0.1072486151980672,0.0194180514685994,0.2533333333333333,0.0,0.0063743124938224,0.002940893136257,1.0,8.331957537063998,0.6645403625898147,0.001406400262635,0.0007254539314457,906.9625197325132,513.9109731152618,165077.53331170534,74596.4767877269,7.360941280728633e-06,3.793610241763828e-06,2022-07-12_10-41-55,26,3380051.807923144,SF,120.71187716308599,"2022-07-12 16:31:04,236","2022-07-12 16:31:05,295","2022-07-12 17:00:26,930","2022-07-12 17:15:31,792","2022-07-12 17:25:38,172","2022-07-12 17:31:22,580","2022-07-12 17:32:03,558","2022-07-12 16:39:34,657","2022-07-12 17:15:06,103","2022-07-12 17:23:59,952","2022-07-12 17:31:20,495","2022-07-12 17:32:02,396","2022-07-12 17:32:54,791","2022-07-12 17:37:29,482"
52,0.0177273934923657,0.2994431012402655,268.69673082761005,88.94275348613074,0.0050115144056715,11.481924436040137,8.0,0.0180567784539662,0.293536857273939,273.7553122978113,88.94275348613074,0.0050115144056715,11.481924436040137,8.162053771884805,0.1893382352941177,0.0341911764705885,0.0414758269720101,0.1132727272727277,0.193656448412618,0.0350627453376214,0.0397368004856637,0.1115440057640968,0.9126970915976444,0.0592400081629906,1.0,60.70510438090953,3.2836215969721185,0.2013734705622258,0.0146132126634896,4.987730250156696,0.3765594434218862,3314942.5465482525,87821.10634071568,3.0183026859958505e-07,7.830201915790975e-09,2022-07-12_10-41-55,27,3380051.807923144,2.00E-01,81.8085001153322,"2022-07-12 16:48:27,366","2022-07-12 16:48:28,413","2022-07-12 17:17:43,531","2022-07-12 17:31:38,606","2022-07-12 17:41:44,848","2022-07-12 17:47:35,807","2022-07-12 17:48:16,653","2022-07-12 16:57:26,852","2022-07-12 17:31:12,724","2022-07-12 17:40:06,771","2022-07-12 17:47:33,727","2022-07-12 17:48:15,463","2022-07-12 17:49:08,185","2022-07-12 17:52:36,065"
53,0.0178150810150259,0.3022783490115598,266.91969654659005,88.94275348613074,0.0050115144056715,11.481924436040137,8.0,0.0180567784539662,0.293536857273939,273.7553122978113,88.94275348613074,0.0050115144056715,11.481924436040137,8.162053771884805,0.1879901960784308,0.0338235294117647,0.0388040712468193,0.1129090909090913,0.193656448412618,0.0350627453376214,0.0397368004856637,0.1115440057640968,0.7971268163439393,0.0388404009876802,1.0,56.93044404511954,1.8812252904479687,0.1758745535218175,0.0095810763227202,5.69939146843409,0.3104996991219537,3087610.331368896,70031.32563956449,3.240081593622141e-07,7.335416418149531e-09,2022-07-12_10-41-55,27,3380051.807923144,2.00E-01,81.8085001153322,"2022-07-12 17:04:43,868","2022-07-12 17:04:44,920","2022-07-12 17:34:29,955","2022-07-12 17:48:25,424","2022-07-12 17:58:35,654","2022-07-12 18:04:24,411","2022-07-12 18:05:05,240","2022-07-12 17:15:04,027","2022-07-12 17:47:59,298","2022-07-12 17:56:56,705","2022-07-12 18:04:22,353","2022-07-12 18:05:04,187","2022-07-12 18:05:56,373","2022-07-12 18:08:40,972"
54,0.0195391293329739,0.3153535984198562,280.91479194661696,89.10632966043885,0.0032889208115552,11.30768564497491,7.0,0.02,0.3,290.3813716144234,89.10632966043885,0.0032889208115552,11.30768564497491,7.398592861508042,0.192769607843137,0.0383578431372547,0.0118320610687023,0.1119090909090908,0.2144972303961344,0.0388361029371988,0.0126666666666667,0.1139999999999999,0.816911004969094,0.0118512955488896,1.0,63.45164775080698,0.9657293437059798,0.1802396498526617,0.0029234550697106,5.549339527690646,0.0902295911435717,2841251.360167769,70537.60576696233,3.521332934617899e-07,8.846994022440981e-09,2022-07-12_10-41-55,28,3380051.807923144,2.00E+01,48.66677207687508,"2022-07-12 17:22:26,963","2022-07-12 17:22:28,019","2022-07-12 17:53:46,169","2022-07-12 18:07:30,314","2022-07-12 18:17:34,945","2022-07-12 18:23:26,339","2022-07-12 18:24:07,122","2022-07-12 17:32:30,869","2022-07-12 18:06:55,833","2022-07-12 18:15:57,921","2022-07-12 18:23:24,270","2022-07-12 18:24:06,069","2022-07-12 18:24:58,072","2022-07-12 18:29:39,930"
55,0.0200407570654601,0.3066312305284787,280.7337603196239,89.10632966043885,0.0032889208115552,11.30768564497491,7.0,0.02,0.3,290.3813716144234,89.10632966043885,0.0032889208115552,11.30768564497491,7.398592861508042,0.2113970588235287,0.0367647058823532,0.0094147582697201,0.1139090909090906,0.2144972303961344,0.0388361029371988,0.0126666666666667,0.1139999999999999,0.9422969527759212,0.0149791263646498,1.0,72.13700746457852,0.9205301335703736,0.2079042536977301,0.003695022432773,4.811127743702427,0.0859086327730144,2882670.995344708,74964.69064427746,3.470861256247522e-07,8.923275979748961e-09,2022-07-12_10-41-55,28,3380051.807923144,2.00E+01,48.66677207687508,"2022-07-12 17:38:42,153","2022-07-12 17:38:43,209","2022-07-12 18:09:58,219","2022-07-12 18:23:33,905","2022-07-12 18:33:43,946","2022-07-12 18:39:36,129","2022-07-12 18:40:17,562","2022-07-12 17:51:02,079","2022-07-12 18:23:08,536","2022-07-12 18:32:03,074","2022-07-12 18:39:34,077","2022-07-12 18:40:16,458","2022-07-12 18:41:08,811","2022-07-12 18:47:22,842"
56,0.0216006291109218,0.2424764593780779,288.21943447534346,100.0,0.002,10.0,4.0,0.02,0.3,300.0,100.0,0.002,10.0,3.858478499595851,0.2137254901960782,0.0378676470588234,0.0131043256997455,0.0847272727272726,0.2144972303961344,0.0388361029371988,0.0126666666666667,0.1139999999999999,1.1797832752598494,0.02961815429982,1.0,80.84677618047819,2.1938817556122725,0.2603021909870178,0.0073061500311155,3.8441493549236143,0.1096032837924339,3219724.8653199268,28724.6577961022,3.1060524950162813e-07,2.760962498705018e-09,2022-07-12_10-41-55,29,3380051.807923144,4.00E+02,15.433913998383407,"2022-07-12 17:55:13,155","2022-07-12 17:55:14,200","2022-07-12 18:24:57,335","2022-07-12 18:37:22,180","2022-07-12 18:47:54,102","2022-07-12 18:53:53,366","2022-07-12 18:54:34,047","2022-07-12 18:05:07,747","2022-07-12 18:36:56,345","2022-07-12 18:45:50,855","2022-07-12 18:53:51,295","2022-07-12 18:54:32,980","2022-07-12 18:55:25,279","2022-07-12 19:02:14,194"
57,0.0172225368943649,0.3840832516051042,290.99434012043224,100.0,0.002,10.0,4.0,0.02,0.3,300.0,100.0,0.002,10.0,3.858478499595851,0.1231617647058821,0.0392156862745093,0.0118320610687024,0.1086363636363635,0.2144972303961344,0.0388361029371988,0.0126666666666667,0.1139999999999999,0.545317666462011,0.0446422349331133,1.0,55.57717304753335,1.118748420805844,0.1203164906136892,0.0110122616974689,8.366619886921345,0.756510408900501,2163118.2706026533,165254.90121124254,4.644951948094317e-07,3.6085983429157264e-08,2022-07-12_10-41-55,29,3380051.807923144,4.00E+02,15.433913998383407,"2022-07-12 18:11:25,886","2022-07-12 18:11:26,924","2022-07-12 18:44:23,590","2022-07-12 18:58:09,439","2022-07-12 19:08:11,703","2022-07-12 19:14:06,978","2022-07-12 19:14:47,886","2022-07-12 18:20:57,182","2022-07-12 18:57:43,495","2022-07-12 19:06:34,686","2022-07-12 19:14:04,936","2022-07-12 19:14:46,829","2022-07-12 19:15:38,978","2022-07-12 19:20:34,905"
58,0.0117233715391091,0.2313139460344282,294.8166569059517,86.5373582174474,0.008,25.0,1.0,0.0115957490556126,0.2184936379987952,300.0,86.5373582174474,0.008,25.0,0.51,0.1209558823529417,0.0221813725490196,0.1384223918575069,0.084727272727273,0.1243628028398754,0.0225166851978849,0.1500929295226973,0.0830275824395421,0.0,0.0,0.0,0.0,0.0,0.0,0.0,0.0,0.0,0.0,0.0,0.0,0.0,2022-07-12_10-41-55,30,3380051.807923144,SF,8.16,"2022-07-12 18:31:12,195","2022-07-12 18:31:13,252","2022-07-12 19:03:29,942","2022-07-12 19:13:26,619","2022-07-12 19:23:37,386","2022-07-12 19:29:34,667","2022-07-12 19:30:15,740","2022-07-12 18:43:05,781","2022-07-12 19:13:00,759","2022-07-12 19:21:59,033","2022-07-12 19:29:32,593","2022-07-12 19:30:14,675","2022-07-12 19:31:06,987","2022-07-12 19:35:07,040"
59,0.0114489751061178,0.2167461311014334,295.8185173164936,86.5373582174474,0.008,25.0,1.0,0.0115957490556126,0.2184936379987952,300.0,86.5373582174474,0.008,25.0,0.51,0.1216911764705881,0.0215686274509807,0.1507633587786266,0.0813636363636368,0.1243628028398754,0.0225166851978849,0.1500929295226973,0.0830275824395421,0.0,0.0,0.0,0.0,0.0,0.0,0.0,0.0,0.0,0.0,0.0,0.0,0.0,2022-07-12_10-41-55,30,3380051.807923144,SF,8.16,"2022-07-12 18:47:42,533","2022-07-12 18:47:43,558","2022-07-12 19:17:38,173","2022-07-12 19:27:48,031","2022-07-12 19:39:52,166","2022-07-12 19:45:45,530","2022-07-12 19:46:27,040","2022-07-12 19:00:41,323","2022-07-12 19:27:22,060","2022-07-12 19:36:17,665","2022-07-12 19:45:43,478","2022-07-12 19:46:25,969","2022-07-12 19:47:18,241","2022-07-12 19:50:31,169"
60,0.0181785659993159,0.2821369701712015,265.163998686498,91.8404924487766,0.0047123682811995,10.323450980386571,7.0,0.0190315836568095,0.260698480569721,271.1760906378463,91.8404924487766,0.0047123682811995,10.323450980386571,7.37948206151993,0.1718137254901957,0.0355392156862744,0.0382951653944026,0.0965454545454543,0.2041110992218994,0.0369556270976883,0.0398678510639181,0.099065422616494,0.864403271118916,0.0240658038412002,1.0,60.9618478982775,0.5530698845507466,0.1907181344972372,0.0059365067688999,5.247392141090069,0.1627719118393407,3128863.3938261555,107433.08126836456,3.199099791655374e-07,1.1111661053007537e-08,2022-07-12_10-41-55,31,3380051.807923144,2.00E-01,69.54967439677444,"2022-07-12 19:04:55,942","2022-07-12 19:04:56,989","2022-07-12 19:36:19,781","2022-07-12 19:50:51,162","2022-07-12 20:01:00,485","2022-07-12 20:06:53,738","2022-07-12 20:07:33,943","2022-07-12 19:16:16,943","2022-07-12 19:50:24,123","2022-07-12 19:59:23,106","2022-07-12 20:06:51,647","2022-07-12 20:07:32,936","2022-07-12 20:08:24,923","2022-07-12 20:11:32,154"
61,0.0175776221132781,0.2995650212912107,263.49294503494485,91.8404924487766,0.0047123682811995,10.323450980386571,7.0,0.0190315836568095,0.260698480569721,271.1760906378463,91.8404924487766,0.0047123682811995,10.323450980386571,7.37948206151993,0.1821078431372549,0.0099264705882361,0.0375318066157761,0.0981818181818186,0.2041110992218994,0.0369556270976883,0.0398678510639181,0.099065422616494,1.5460374287602463,0.0763246931042527,1.0,80.85493972634043,1.3193553293454612,0.3411108959529793,0.0188276302855883,2.9386125466994413,0.1589969686917501,4217335.97518334,182514.32290626864,2.3747285549924895e-07,1.029537786704587e-08,2022-07-12_10-41-55,31,4217335.97518334,2.00E-01,69.54967439677444,"2022-07-12 19:21:53,386","2022-07-12 19:21:54,434","2022-07-12 19:52:15,825","2022-07-12 20:05:24,688","2022-07-12 20:15:36,897","2022-07-12 20:21:32,454","2022-07-12 20:22:13,291","2022-07-12 19:33:34,028","2022-07-12 20:04:59,075","2022-07-12 20:13:56,089","2022-07-12 20:21:30,389","2022-07-12 20:22:12,208","2022-07-12 20:23:04,775","2022-07-12 20:29:50,258"
62,0.019386541663621,0.2139236270515749,280.8293280904137,92.86469704225355,0.0065910923237609,10.0,5.0,0.02,0.1995695860897999,289.00458265597405,92.86469704225355,0.0065910923237609,10.0,4.516529134842899,0.1868872549019606,0.0388480392156866,0.0488549618320607,0.0747272727272721,0.2144972303961344,0.0388361029371988,0.0508302239525427,0.0758364427141239,0.5068910888743663,0.0481577881036576,1.0,44.55434524702203,2.233823761338102,0.1118382196058268,0.0118794716743754,9.022067407823693,0.951712967924067,2505372.6308713155,158546.07435215154,4.00377823016726e-07,2.443336077052986e-08,2022-07-12_10-41-55,32,4217335.97518334,2.00E+01,59.53772102141098,"2022-07-12 19:37:46,742","2022-07-12 19:37:47,794","2022-07-12 20:06:48,957","2022-07-12 20:18:15,295","2022-07-12 20:30:23,401","2022-07-12 20:36:14,384","2022-07-12 20:36:54,969","2022-07-12 19:48:57,868","2022-07-12 20:17:49,011","2022-07-12 20:26:38,182","2022-07-12 20:36:12,316","2022-07-12 20:36:53,894","2022-07-12 20:37:46,211","2022-07-12 20:44:58,084"
63,0.0170805359412751,0.2621627657528622,281.7305235564306,92.86469704225355,0.0065910923237609,10.0,5.0,0.02,0.1995695860897999,289.00458265597405,92.86469704225355,0.0065910923237609,10.0,4.516529134842899,0.1220588235294114,0.0352941176470587,0.0465648854961831,0.0724545454545457,0.2144972303961344,0.0388361029371988,0.0508302239525427,0.0758364427141239,0.2070058403056292,0.0338490576458185,1.0,34.55710371318594,1.1719822256824066,0.0456728578109364,0.0083498212302085,22.47028103999093,3.9641555250637786,1317075.7585892207,199868.4195275457,7.73304102630992e-07,1.1628318422735585e-07,2022-07-12_10-41-55,32,4217335.97518334,2.00E+01,59.53772102141098,"2022-07-12 19:53:43,740","2022-07-12 19:53:44,786","2022-07-12 20:26:52,620","2022-07-12 20:40:02,962","2022-07-12 20:50:02,141","2022-07-12 20:55:51,020","2022-07-12 20:56:31,742","2022-07-12 20:03:56,640","2022-07-12 20:39:37,056","2022-07-12 20:48:26,162","2022-07-12 20:55:48,966","2022-07-12 20:56:30,696","2022-07-12 20:57:22,881","2022-07-12 21:02:27,935"
64,0.020260235877927,0.2929046368966647,297.20809194152883,65.0,0.008,10.0,1.0,0.02,0.3,300.0,65.0,0.008,10.0,0.51,0.2003676470588235,0.0377450980392164,0.0111959287531805,0.1032727272727272,0.2144972303961344,0.0388361029371988,0.0126666666666667,0.1139999999999999,0.5138518187801016,0.0601867901624027,1.0,46.82928057245694,3.100686251913144,0.1133740044260793,0.0148467630483124,8.945195860402219,1.1967406393015412,2412714.033584644,160262.31741817566,4.159399614723653e-07,2.7666214669026243e-08,2022-07-12_10-41-55,33,4217335.97518334,4.00E+02,8.16,"2022-07-12 20:13:06,854","2022-07-12 20:13:07,897","2022-07-12 20:46:13,807","2022-07-12 20:56:23,592","2022-07-12 21:06:32,835","2022-07-12 21:12:23,519","2022-07-12 21:13:04,344","2022-07-12 20:25:35,708","2022-07-12 20:55:57,970","2022-07-12 21:04:54,531","2022-07-12 21:12:21,435","2022-07-12 21:13:03,289","2022-07-12 21:13:55,533","2022-07-12 21:16:44,559"
65,0.0199180279646611,0.3122372046570992,293.87676261063035,65.0,0.008,10.0,1.0,0.02,0.3,300.0,65.0,0.008,10.0,0.51,0.2046568627450978,0.0363970588235294,0.0086513994910937,0.1133636363636365,0.2144972303961344,0.0388361029371988,0.0126666666666667,0.1139999999999999,0.6303528250795206,0.0432401540152911,1.0,51.23792187990973,1.2257766771955407,0.1390782738693394,0.0106663990404756,7.224261692958524,0.5566711812734505,2712410.1761960043,160245.70323110514,3.6972632348990884e-07,2.225177612643173e-08,2022-07-12_10-41-55,33,4217335.97518334,4.00E+02,8.16,"2022-07-12 20:30:11,764","2022-07-12 20:30:12,790","2022-07-12 20:57:46,071","2022-07-12 21:06:41,063","2022-07-12 21:16:51,572","2022-07-12 21:22:40,979","2022-07-12 21:23:21,546","2022-07-12 20:43:25,077","2022-07-12 21:06:01,749","2022-07-12 21:15:06,790","2022-07-12 21:22:38,897","2022-07-12 21:23:20,490","2022-07-12 21:24:12,723","2022-07-12 21:26:56,657"
66,0.0100277717900773,0.0,291.8914275212646,65.0,0.002,25.0,10.0,0.01,0.0,300.0,65.0,0.002,25.0,10.49,0.1071078431372545,0.0176470588235296,0.2484732824427481,0.0,0.1072486151980672,0.0194180514685994,0.2533333333333333,0.0,0.0,0.0,0.0,0.0,0.0,0.0,0.0,0.0,0.0,0.0,0.0,0.0,0.0,2022-07-12_10-41-55,34,4217335.97518334,SF,41.96000000000001,"2022-07-12 22:04:19,227","2022-07-12 22:04:20,271","2022-07-12 22:16:22,245","2022-07-12 22:34:21,787","2022-07-12 22:44:29,377","2022-07-12 22:50:14,487","2022-07-12 22:50:55,331","2022-07-12 22:15:00,141","2022-07-12 22:34:01,548","2022-07-12 22:42:51,066","2022-07-12 22:50:12,443","2022-07-12 22:50:54,267","2022-07-12 22:51:46,479","2022-07-12 22:54:34,831"
67,0.0100149963282186,0.0,291.21745633680763,65.0,0.002,25.0,10.0,0.01,0.0,300.0,65.0,0.002,25.0,10.49,0.1022058823529419,0.0189950980392154,0.2418575063613227,0.0,0.1072486151980672,0.0194180514685994,0.2533333333333333,0.0,0.0,0.0,0.0,0.0,0.0,0.0,0.0,0.0,0.0,0.0,0.0,0.0,0.0,2022-07-12_10-41-55,34,4217335.97518334,SF,41.96000000000001,"2022-07-12 22:15:00,670","2022-07-12 22:17:49,605","2022-07-12 22:40:47,610","2022-07-12 22:59:34,530","2022-07-12 23:09:33,814","2022-07-12 23:15:22,720","2022-07-12 23:16:03,469","2022-07-12 22:28:57,884","2022-07-12 22:59:07,811","2022-07-12 23:08:01,514","2022-07-12 23:15:20,646","2022-07-12 23:16:02,415","2022-07-12 23:16:54,667","2022-07-12 23:19:47,848"
68,0.0199571626652374,0.2971942171279649,246.0339176091828,100.0,0.002,10.0,5.0,0.02,0.3,254.0296047951888,100.0,0.002,10.0,4.931744157633027,0.2128676470588232,0.0394607843137255,0.0142493638676846,0.1127272727272724,0.2144972303961344,0.0388361029371988,0.0126666666666667,0.1139999999999999,1.2107779810364625,0.048032829805717,1.0,75.07433290127689,0.969526847740063,0.2671407264975957,0.0118486471988479,3.749366826693669,0.1697504626305856,3557884.6489400053,137630.29382480145,2.814047020447404e-07,1.0951600006963545e-08,2022-07-12_10-41-55,35,4217335.97518334,2.00E+01,19.72697663053211,"2022-07-12 22:15:00,537","2022-07-12 22:28:58,262","2022-07-12 23:09:39,969","2022-07-12 23:22:47,301","2022-07-12 23:32:45,124","2022-07-12 23:38:43,146","2022-07-12 23:39:23,763","2022-07-12 22:39:21,801","2022-07-12 23:22:21,560","2022-07-12 23:31:12,093","2022-07-12 23:38:41,096","2022-07-12 23:39:22,709","2022-07-12 23:40:14,875","2022-07-12 23:43:07,801"
69,0.0198330935997909,0.3046648096791037,246.43888611801063,100.0,0.002,10.0,5.0,0.02,0.3,254.0296047951888,100.0,0.002,10.0,4.931744157633027,0.2121323529411768,0.0360294117647057,0.0128498727735368,0.1143636363636358,0.2144972303961344,0.0388361029371988,0.0126666666666667,0.1139999999999999,1.3681011928835431,0.0568013301090744,1.0,81.04572179314137,0.4737867357926339,0.301851827761419,0.0140116441943967,3.318364758422696,0.1476674646770129,3723917.347666197,155060.33002272982,2.688946118861496e-07,1.0817569593856974e-08,2022-07-12_10-41-55,35,4217335.97518334,2.00E+01,19.72697663053211,"2022-07-12 22:15:01,037","2022-07-12 22:42:15,978","2022-07-12 23:32:51,478","2022-07-12 23:45:59,791","2022-07-12 23:56:05,601","2022-07-13 00:01:58,707","2022-07-13 00:02:39,331","2022-07-12 22:51:45,588","2022-07-12 23:45:33,319","2022-07-12 23:54:31,958","2022-07-13 00:01:56,636","2022-07-13 00:02:38,273","2022-07-13 00:03:30,490","2022-07-13 00:06:23,144"
70,0.0199918370765327,0.3085664859234892,248.4899298659752,100.0,0.002,10.0,5.0,0.02,0.3,256.01520719309394,100.0,0.002,10.0,4.879999673988825,0.2096813725490196,0.0375000000000002,0.0092875318066156,0.1144545454545451,0.2144972303961344,0.0388361029371988,0.0126666666666667,0.1139999999999999,1.2259629399059304,0.0400362812413018,1.0,71.64548036821208,0.4529707487802583,0.2704910690110541,0.0098760737916294,3.70089621338492,0.134142999000244,3775140.90403556,126286.60222335505,2.6512459546217413e-07,8.739119097055422e-09,2022-07-12_10-41-55,36,4217335.97518334,2.00E+01,19.5199986959553,"2022-07-12 22:56:25,855","2022-07-12 22:56:26,907","2022-07-12 23:56:12,365","2022-07-13 00:09:20,605","2022-07-13 00:19:18,824","2022-07-13 00:25:17,512","2022-07-13 00:25:58,176","2022-07-12 23:08:01,974","2022-07-13 00:08:54,628","2022-07-13 00:17:46,002","2022-07-13 00:25:15,450","2022-07-13 00:25:57,128","2022-07-13 00:26:49,250","2022-07-13 00:29:42,303"
71,0.019993858787567,0.2964416120590277,249.44217120336663,100.0,0.002,10.0,5.0,0.02,0.3,256.01520719309394,100.0,0.002,10.0,4.879999673988825,0.211029411764706,0.0381127450980385,0.0138676844783708,0.1108181818181815,0.2144972303961344,0.0388361029371988,0.0126666666666667,0.1139999999999999,1.2506587844004522,0.036971158947846,1.0,72.2281942718599,0.8487637494472487,0.2759398514823795,0.0091199752477089,3.627109390275973,0.1184294610176618,3819649.612858636,82286.43763169191,2.619006650717393e-07,5.602045335879865e-09,2022-07-12_10-41-55,36,4217335.97518334,2.00E+01,19.5199986959553,"2022-07-12 23:21:02,591","2022-07-12 23:21:03,638","2022-07-13 00:19:24,836","2022-07-13 00:32:35,918","2022-07-13 00:42:34,370","2022-07-13 00:48:25,776","2022-07-13 00:49:06,089","2022-07-12 23:31:09,209","2022-07-13 00:32:09,973","2022-07-13 00:41:01,718","2022-07-13 00:48:23,700","2022-07-13 00:49:05,043","2022-07-13 00:49:57,140","2022-07-13 00:52:47,913"
72,0.0198680899578243,0.0,215.74727325027155,65.0,0.002,10.0,1.0,0.02,0.0,220.0,65.0,0.002,10.0,0.51,0.2079656862745095,0.0360294117647057,0.1244274809160304,0.0,0.2144972303961344,0.0388361029371988,0.1266666666666667,0.0,0.0955446922069218,0.0051230261660705,1.0,60.97319522702603,1.8970534400089945,0.0210805605064745,0.0012637383614032,47.56704911315424,2.711892681307149,345562.8694024337,12425.1178972423,2.8967204558083963e-06,1.0053667307467626e-07,2022-07-12_10-41-55,37,4217335.97518334,4.00E+02,2.04,"2022-07-12 23:44:38,766","2022-07-12 23:44:39,807","2022-07-13 00:42:40,474","2022-07-13 00:53:02,801","2022-07-13 01:03:18,839","2022-07-13 01:09:07,932","2022-07-13 01:09:48,673","2022-07-12 23:54:43,263","2022-07-13 00:52:36,128","2022-07-13 01:01:36,480","2022-07-13 01:09:05,869","2022-07-13 01:09:47,624","2022-07-13 01:10:39,957","2022-07-13 01:13:33,423"
73,0.0299378389907976,0.0,216.62261662847368,65.0,0.002,10.0,1.0,0.02,0.0,220.0,65.0,0.002,10.0,0.51,0.2089460784313721,0.0361519607843132,0.0005089058524178,0.0,0.2144972303961344,0.0388361029371988,0.1266666666666667,0.0,0.077714872516064,0.0051863598264241,1.0,50.26735791234611,1.3495268505155913,0.0171466675383685,0.0012793613884115,58.56994256425819,4.189539451766667,340892.5519047397,19153.89620145633,2.940689125914108e-06,1.6057794729283746e-07,2022-07-12_10-41-55,37,4217335.97518334,4.00E+02,2.04,"2022-07-13 00:07:36,644","2022-07-13 00:07:37,685","2022-07-13 00:54:29,104","2022-07-13 01:04:50,336","2022-07-13 01:15:01,082","2022-07-13 01:20:50,996","2022-07-13 01:21:31,798","2022-07-13 00:18:01,625","2022-07-13 01:04:24,835","2022-07-13 01:13:20,597","2022-07-13 01:20:48,923","2022-07-13 01:21:30,722","2022-07-13 01:22:23,041","2022-07-13 01:27:33,055"
74,0.0098018786330631,0.0,268.7152563707916,100.0,0.002,25.0,1.0,0.01,0.0,272.2054376647453,100.0,0.002,25.0,0.51,0.1050245098039211,0.0165441176470589,0.2505089058524165,0.0,0.1072486151980672,0.0194180514685994,0.2533333333333333,0.0,0.0,0.0,0.0,0.0,0.0,0.0,0.0,0.0,0.0,0.0,0.0,0.0,0.0,2022-07-12_10-41-55,38,4217335.97518334,SF,2.04,"2022-07-13 00:31:15,187","2022-07-13 00:31:16,240","2022-07-13 01:06:14,291","2022-07-13 01:17:51,488","2022-07-13 01:28:02,690","2022-07-13 01:33:45,248","2022-07-13 01:34:26,126","2022-07-13 00:41:12,103","2022-07-13 01:17:25,448","2022-07-13 01:26:22,676","2022-07-13 01:33:43,105","2022-07-13 01:34:25,058","2022-07-13 01:35:17,356","2022-07-13 01:45:20,248"
75,0.010183026832937,0.0,262.6135020424136,100.0,0.002,25.0,1.0,0.01,0.0,272.2054376647453,100.0,0.002,25.0,0.51,0.1117647058823526,0.019117647058823,0.2547073791348602,0.0,0.1072486151980672,0.0194180514685994,0.2533333333333333,0.0,0.0,0.0,0.0,0.0,0.0,0.0,0.0,0.0,0.0,0.0,0.0,0.0,0.0,2022-07-12_10-41-55,38,4217335.97518334,SF,2.04,"2022-07-13 00:55:56,374","2022-07-13 00:55:57,415","2022-07-13 01:24:30,302","2022-07-13 01:34:52,462","2022-07-13 01:45:46,651","2022-07-13 01:51:31,671","2022-07-13 01:52:13,048","2022-07-13 01:04:04,019","2022-07-13 01:34:26,540","2022-07-13 01:43:18,081","2022-07-13 01:51:29,616","2022-07-13 01:52:11,959","2022-07-13 01:53:04,439","2022-07-13 02:01:50,425"
76,0.0188986080886568,0.3085481362510224,251.38805954869747,98.39781135210038,0.0029209543650254,10.0,6.0,0.0193994205040061,0.3,258.92070290811165,98.39781135210038,0.0029209543650254,10.0,5.904139585482113,0.2050245098039216,0.0373774509803921,0.0236641221374042,0.1187272727272729,0.2080560984699651,0.0376698945807794,0.0202740069492554,0.1139999999999999,1.2915541957696024,0.0362907637191131,1.0,69.80043736788357,1.6842343708560128,0.2849628351133015,0.0089521366453687,3.511946262944273,0.1081326528245098,4082025.240962225,37207.59939264645,2.449926837553386e-07,2.228067811115554e-09,2022-07-12_10-41-55,39,4217335.97518334,2.00E-01,34.491444587866475,"2022-07-13 01:14:49,356","2022-07-13 01:14:50,377","2022-07-13 01:42:17,172","2022-07-13 01:55:20,602","2022-07-13 02:06:37,268","2022-07-13 02:12:25,111","2022-07-13 02:13:05,713","2022-07-13 01:23:08,864","2022-07-13 01:54:54,766","2022-07-13 02:03:43,295","2022-07-13 02:12:23,015","2022-07-13 02:13:04,651","2022-07-13 02:13:56,794","2022-07-13 02:16:55,579"
77,0.0195332406987602,0.3023326765495766,252.8073765630608,98.39781135210038,0.0029209543650254,10.0,6.0,0.0193994205040061,0.3,258.92070290811165,98.39781135210038,0.0029209543650254,10.0,5.904139585482113,0.2068627450980393,0.0368872549019602,0.0174300254452926,0.1131818181818184,0.2080560984699651,0.0376698945807794,0.0202740069492554,0.1139999999999999,1.2776543004046172,0.0342262688085099,1.0,71.83536444496815,1.842721495922496,0.2818960233573889,0.0084428709631573,3.549922261092624,0.1049709959652691,3924347.074167625,71805.7279620755,2.54887051029706e-07,4.6178036292619756e-09,2022-07-12_10-41-55,39,4217335.97518334,2.00E-01,34.491444587866475,"2022-07-13 01:27:51,070","2022-07-13 01:27:52,091","2022-07-13 02:03:06,657","2022-07-13 02:16:09,630","2022-07-13 02:26:17,076","2022-07-13 02:32:12,362","2022-07-13 02:32:52,926","2022-07-13 01:40:58,129","2022-07-13 02:15:44,138","2022-07-13 02:24:39,476","2022-07-13 02:32:10,279","2022-07-13 02:32:51,867","2022-07-13 02:33:44,136","2022-07-13 02:36:30,500"
78,0.0202403719555545,0.2990941434565095,253.4431696721404,100.0,0.002,10.0,9.0,0.02,0.3,262.3994757953929,100.0,0.002,10.0,8.787855310427167,0.2073529411764706,0.0381127450980391,0.0095419847328242,0.1088181818181817,0.2144972303961344,0.0388361029371988,0.0126666666666667,0.1139999999999999,1.3508302076505956,0.0162392378151533,1.0,79.19659701988174,0.7923465343570212,0.2980412335693201,0.0040058643312961,3.355723708111737,0.0449454922787673,3763456.060757267,50366.92559711536,2.6575104814368325e-07,3.534080234504102e-09,2022-07-12_10-41-55,40,4217335.97518334,2.00E+01,35.151421241708675,"2022-07-13 01:47:29,814","2022-07-13 01:47:30,867","2022-07-13 02:18:10,268","2022-07-13 02:35:18,136","2022-07-13 02:45:30,067","2022-07-13 02:51:20,779","2022-07-13 02:52:01,384","2022-07-13 02:00:15,097","2022-07-13 02:33:44,207","2022-07-13 02:43:51,512","2022-07-13 02:51:18,728","2022-07-13 02:52:00,333","2022-07-13 02:52:52,547","2022-07-13 02:55:39,400"
79,0.0139067540589215,0.4797283869304333,254.1650994795776,100.0,0.002,10.0,9.0,0.02,0.3,262.3994757953929,100.0,0.002,10.0,8.787855310427167,0.072181372549019,0.0370098039215689,0.0133587786259541,0.1130000000000002,0.2144972303961344,0.0388361029371988,0.0126666666666667,0.1139999999999999,0.0667325681552344,0.0131146420385991,1.0,24.60998635094409,0.5447013646386956,0.0147235802246578,0.0032350949815587,70.13825571281534,12.74585748071904,597610.8277532503,126482.3501384676,1.7236342446602124e-06,2.99048274496506e-07,2022-07-12_10-41-55,40,4217335.97518334,2.00E+01,35.151421241708675,"2022-07-13 02:04:33,457","2022-07-13 02:04:34,514","2022-07-13 02:37:45,424","2022-07-13 02:54:26,564","2022-07-13 03:04:29,218","2022-07-13 03:10:25,707","2022-07-13 03:11:06,312","2022-07-13 02:15:20,934","2022-07-13 02:53:23,523","2022-07-13 03:02:51,434","2022-07-13 03:10:23,645","2022-07-13 03:11:05,267","2022-07-13 03:11:57,478","2022-07-13 03:17:32,242"
80,0.0248884160800817,0.0,289.3363563051661,100.0,0.008,25.0,10.0,0.02,0.0,300.0,100.0,0.008,25.0,10.49,0.210294117647059,0.0381127450980391,0.0510178117048343,0.0,0.2144972303961344,0.0388361029371988,0.1266666666666667,0.0,0.0,0.0,0.0,0.0,0.0,0.0,0.0,0.0,0.0,0.0,0.0,0.0,0.0,2022-07-12_10-41-55,41,4217335.97518334,4.00E+02,167.84000000000003,"2022-07-13 02:19:37,186","2022-07-13 02:19:38,226","2022-07-13 02:56:54,029","2022-07-13 03:12:20,775","2022-07-13 03:22:23,388","2022-07-13 03:28:12,326","2022-07-13 03:28:53,277","2022-07-13 02:30:13,106","2022-07-13 03:11:55,336","2022-07-13 03:20:45,840","2022-07-13 03:28:10,234","2022-07-13 03:28:52,208","2022-07-13 03:29:44,328","2022-07-13 03:35:12,103"
81,0.0197216520322578,0.0,287.6767386724053,100.0,0.008,25.0,10.0,0.02,0.0,300.0,100.0,0.008,25.0,10.49,0.209436274509804,0.0344362745098042,0.1270992366412217,0.0,0.2144972303961344,0.0388361029371988,0.1266666666666667,0.0,0.0,0.0,0.0,0.0,0.0,0.0,0.0,0.0,0.0,0.0,0.0,0.0,0.0,2022-07-12_10-41-55,41,4217335.97518334,4.00E+02,167.84000000000003,"2022-07-13 02:39:12,220","2022-07-13 02:39:13,256","2022-07-13 03:14:31,855","2022-07-13 03:29:44,189","2022-07-13 03:39:52,710","2022-07-13 03:45:36,584","2022-07-13 03:46:17,512","2022-07-13 02:50:48,768","2022-07-13 03:29:18,291","2022-07-13 03:38:13,968","2022-07-13 03:45:34,521","2022-07-13 03:46:16,451","2022-07-13 03:47:08,752","2022-07-13 03:51:33,903"
82,0.020053205015028,0.2970818876955158,223.8219676618457,89.05679175610304,0.002,10.0,1.0,0.02,0.3,231.17265898425865,89.05679175610304,0.002,10.0,0.51,0.2132352941176464,0.0383578431372547,0.0129770992366409,0.1118181818181824,0.2144972303961344,0.0388361029371988,0.0126666666666667,0.1139999999999999,0.3782538377375491,0.015953327037521,1.0,87.02837637829576,1.4901985749716558,0.0834562624992678,0.003935336403872,12.003914137916023,0.5726004049077275,958669.6225753308,33061.99731813986,1.0441258694177565e-06,3.6751171076599096e-08,2022-07-12_10-41-55,42,4217335.97518334,SF,2.04,"2022-07-13 02:58:21,038","2022-07-13 02:58:22,072","2022-07-13 03:32:12,040","2022-07-13 03:42:30,017","2022-07-13 03:52:34,873","2022-07-13 03:58:42,522","2022-07-13 03:59:23,745","2022-07-13 03:09:26,107","2022-07-13 03:42:03,894","2022-07-13 03:50:54,071","2022-07-13 03:58:40,413","2022-07-13 03:59:22,674","2022-07-13 04:00:15,244","2022-07-13 04:08:34,083"
83,0.0200988601479816,0.2993885656749647,225.0144130475653,89.05679175610304,0.002,10.0,1.0,0.02,0.3,231.17265898425865,89.05679175610304,0.002,10.0,0.51,0.2101715686274509,0.0345588235294123,0.0111959287531805,0.1093636363636362,0.2144972303961344,0.0388361029371988,0.0126666666666667,0.1139999999999999,0.3854379598934626,0.0100907841692492,1.0,83.67911841738795,1.400572340601461,0.0850413356027077,0.0024891754673784,11.767116708938127,0.3473104148412301,1016418.9316066484,30515.053212789146,9.84585535728411e-07,3.0779429227438995e-08,2022-07-12_10-41-55,42,4217335.97518334,SF,2.04,"2022-07-13 03:18:50,621","2022-07-13 03:18:51,661","2022-07-13 03:52:41,319","2022-07-13 04:03:03,492","2022-07-13 04:13:19,029","2022-07-13 04:19:26,434","2022-07-13 04:20:08,050","2022-07-13 03:30:52,326","2022-07-13 04:02:37,566","2022-07-13 04:11:35,012","2022-07-13 04:19:24,377","2022-07-13 04:20:06,999","2022-07-13 04:20:59,168","2022-07-13 04:23:45,875"
84,0.018853959731765,0.2993412245639456,253.181997241516,98.14449363469969,0.0029537926405689,10.0,7.0,0.0188987820946647,0.3,261.5267367973792,98.14449363469969,0.0029537926405689,10.0,7.045582342005757,0.198774509803922,0.0371323529411759,0.0270992366412214,0.1123636363636364,0.2026868208582818,0.0366977523408044,0.0266154268009137,0.1139999999999999,1.1627536979544402,0.0303014509062601,1.0,71.65266428857088,0.3077574774574686,0.2565448599778929,0.0074747043397962,3.90065636074784,0.1159717894232612,3580182.281423238,93716.38984915915,2.794712910230771e-07,7.446377837414951e-09,2022-07-12_10-41-55,43,4217335.97518334,2.00E-01,41.622378540677595,"2022-07-13 03:37:03,364","2022-07-13 03:37:04,405","2022-07-13 04:09:47,583","2022-07-13 04:23:35,876","2022-07-13 04:33:39,940","2022-07-13 04:39:38,785","2022-07-13 04:40:19,817","2022-07-13 03:49:58,435","2022-07-13 04:23:08,962","2022-07-13 04:32:02,119","2022-07-13 04:39:36,702","2022-07-13 04:40:18,766","2022-07-13 04:41:10,997","2022-07-13 04:44:56,401"
85,0.0156219161791448,0.3882012747755593,253.89272941118767,98.14449363469969,0.0029537926405689,10.0,7.0,0.0188987820946647,0.3,261.5267367973792,98.14449363469969,0.0029537926405689,10.0,7.045582342005757,0.116176470588235,0.0322303921568627,0.0259541984732824,0.1106363636363629,0.2026868208582818,0.0366977523408044,0.0266154268009137,0.1139999999999999,0.3730773347553902,0.0073820827129596,1.0,45.02342259226727,0.6870240083126401,0.0823141416571072,0.0018209981384057,12.153343979856,0.2691556262546988,1828262.698427401,30193.9402181412,5.470862601121448e-07,9.000845515869372e-09,2022-07-12_10-41-55,43,4217335.97518334,2.00E-01,41.622378540677595,"2022-07-13 03:54:08,866","2022-07-13 03:54:09,907","2022-07-13 04:25:00,270","2022-07-13 04:38:47,188","2022-07-13 04:48:51,809","2022-07-13 04:54:46,570","2022-07-13 04:55:27,284","2022-07-13 04:07:00,231","2022-07-13 04:38:21,795","2022-07-13 04:47:11,150","2022-07-13 04:54:44,505","2022-07-13 04:55:26,189","2022-07-13 04:56:18,653","2022-07-13 05:03:17,147"
86,0.0195784122349904,0.2411837928412934,276.71638061623946,100.0,0.002,10.0,10.0,0.02,0.2281457559547714,286.4598115270037,100.0,0.002,10.0,10.49,0.2025735294117649,0.0343137254901961,0.0385496183206106,0.0875454545454539,0.2144972303961344,0.0388361029371988,0.0399712794038535,0.0866953872628131,1.1246406882013802,0.055905460787865,1.0,78.92311823349614,2.020611334329571,0.2481357731974026,0.0137906528523038,4.039894478680897,0.2214698160488571,3142368.108953537,104230.78637308133,3.185086117777415e-07,1.0449470337626558e-08,2022-07-12_10-41-55,44,4217335.97518334,2.00E+01,41.96000000000001,"2022-07-13 04:11:14,620","2022-07-13 04:11:15,662","2022-07-13 04:40:11,236","2022-07-13 04:57:53,520","2022-07-13 05:07:57,685","2022-07-13 05:13:47,764","2022-07-13 05:14:28,445","2022-07-13 04:21:32,427","2022-07-13 04:56:26,472","2022-07-13 05:06:19,609","2022-07-13 05:13:45,659","2022-07-13 05:14:27,373","2022-07-13 05:15:20,020","2022-07-13 05:18:06,335"
87,0.010318944013918,0.2986060419140875,236.46262383542648,88.0301096423059,0.0036931098023452,25.0,1.0,0.0101231507477332,0.3,233.7419015924644,88.0301096423059,0.0036931098023452,25.0,0.51,0.1099264705882348,0.0203431372549024,0.1353689567430023,0.1130909090909091,0.1085693899135667,0.0196571862243874,0.1377734238620457,0.1139999999999999,0.0,0.0,0.0,0.0,0.0,0.0,0.0,0.0,0.0,0.0,0.0,0.0,0.0,2022-07-13_09-53-56,45,4217335.97518334,SF,3.7669719983921035,"2022-07-13 10:02:17,337","2022-07-13 10:02:18,378","2022-07-13 10:13:34,254","2022-07-13 10:32:29,118","2022-07-13 10:42:48,571","2022-07-13 10:48:42,334","2022-07-13 10:49:22,941","2022-07-13 10:12:15,182","2022-07-13 10:32:08,821","2022-07-13 10:41:04,654","2022-07-13 10:48:40,283","2022-07-13 10:49:21,866","2022-07-13 10:50:14,189","2022-07-13 10:54:12,886"
88,0.0100837987733872,0.3023365356572181,241.9315106370609,88.0301096423059,0.0036931098023452,25.0,1.0,0.0101231507477332,0.3,233.7419015924644,88.0301096423059,0.0036931098023452,25.0,0.51,0.1090686274509803,0.0200980392156862,0.1389312977099236,0.1161818181818182,0.1085693899135667,0.0196571862243874,0.1377734238620457,0.1139999999999999,0.0,0.0,0.0,0.0,0.0,0.0,0.0,0.0,0.0,0.0,0.0,0.0,0.0,2022-07-13_09-53-56,45,4217335.97518334,SF,3.7669719983921035,"2022-07-13 10:12:15,816","2022-07-13 10:15:01,728","2022-07-13 10:37:13,351","2022-07-13 10:48:01,833","2022-07-13 10:58:21,230","2022-07-13 11:04:15,640","2022-07-13 11:04:56,430","2022-07-13 10:23:01,818","2022-07-13 10:47:36,317","2022-07-13 10:56:40,291","2022-07-13 11:04:13,504","2022-07-13 11:04:55,349","2022-07-13 11:05:47,698","2022-07-13 11:10:48,487"
90,0.0196979104464909,0.3056067747375651,228.47776682466449,88.08644374566126,0.002,25.0,1.0,0.02,0.3,233.7566902829045,88.08644374566126,0.002,25.0,0.51,0.2123774509803924,0.0395833333333325,0.0145038167938932,0.1172727272727272,0.2144972303961344,0.0388361029371988,0.0126666666666667,0.1139999999999999,0.018091511077966,0.0026413768900927,1.0,16.043569500385615,0.6094535745958386,0.0039916314043553,0.0006515698328932,257.462300945144,53.19502526901507,248185.50587754045,35971.72206498368,4.111899159462768e-06,7.150032329839896e-07,2022-07-13_09-53-56,46,4217335.97518334,SF,2.04,"2022-07-13 10:12:15,458","2022-07-13 10:38:40,823","2022-07-13 11:07:47,716","2022-07-13 11:18:05,841","2022-07-13 11:28:08,598","2022-07-13 11:34:04,061","2022-07-13 11:34:45,199","2022-07-13 10:47:21,847","2022-07-13 11:17:39,990","2022-07-13 11:26:31,500","2022-07-13 11:34:01,992","2022-07-13 11:34:44,138","2022-07-13 11:35:36,485","2022-07-13 11:38:22,582"
91,0.0203545451825174,0.3150560665000549,257.9065941669562,99.32446098751612,0.0025244539146381,10.0,6.0,0.02,0.3,261.9207919709484,99.32446098751612,0.0025244539146381,10.0,6.156947015234833,0.2137254901960777,0.0401960784313724,0.0024173027989822,0.1179090909090906,0.2144972303961344,0.0388361029371988,0.0126666666666667,0.1139999999999999,1.1760724272798757,0.0327997737372007,1.0,68.4067568182792,0.5047229003336683,0.259483445815881,0.0080909858691663,3.856810438231808,0.1202837684786447,3792710.4411681257,90316.2406811956,2.6378336585424885e-07,6.282945964349873e-09,2022-07-13_09-53-56,47,4217335.97518334,2.00E-01,31.085857989657875,"2022-07-13 10:55:38,671","2022-07-13 10:55:39,729","2022-07-13 11:22:31,683","2022-07-13 11:38:51,702","2022-07-13 11:49:04,366","2022-07-13 11:54:52,679","2022-07-13 11:55:33,430","2022-07-13 11:06:26,084","2022-07-13 11:38:25,683","2022-07-13 11:47:26,586","2022-07-13 11:54:50,605","2022-07-13 11:55:32,377","2022-07-13 11:56:24,581","2022-07-13 12:01:28,942"
92,0.019713259748964,0.3071763482252335,259.3576753958097,99.32446098751612,0.0025244539146381,10.0,6.0,0.02,0.3,261.9207919709484,99.32446098751612,0.0025244539146381,10.0,6.156947015234833,0.2134803921568632,0.0416666666666664,0.0138676844783713,0.119272727272727,0.2144972303961344,0.0388361029371988,0.0126666666666667,0.1139999999999999,1.2123686843807433,0.0233734924012224,1.0,69.0395948935213,0.5055762779596257,0.2674916922846259,0.0057657286982095,3.739804064778428,0.0794705704925668,3874484.767746261,79580.04788745563,2.581845223620635e-07,5.215604710401307e-09,2022-07-13_09-53-56,47,4217335.97518334,2.00E-01,31.085857989657875,"2022-07-13 11:11:07,733","2022-07-13 11:11:08,762","2022-07-13 11:40:15,411","2022-07-13 11:56:18,631","2022-07-13 12:06:27,388","2022-07-13 12:12:16,632","2022-07-13 12:12:57,319","2022-07-13 11:19:50,273","2022-07-13 11:55:53,110","2022-07-13 12:04:49,504","2022-07-13 12:12:14,518","2022-07-13 12:12:56,191","2022-07-13 12:13:48,560","2022-07-13 12:18:39,807"
93,0.0199181164536952,0.3004162013428211,263.4182004188257,100.0,0.002,10.0,1.0,0.02,0.3,268.90948522763966,100.0,0.002,10.0,0.7683401768386369,0.2139705882352939,0.039583333333333,0.0136132315521627,0.1147272727272726,0.2144972303961344,0.0388361029371988,0.0126666666666667,0.1139999999999999,1.109627336774167,0.0049629958235751,1.0,71.61029548554575,1.614189671326107,0.2448232933949567,0.0012242623805582,4.084660729297728,0.0205146901069349,3420421.629608441,88949.2666094811,2.925236705413625e-07,7.790940403912297e-09,2022-07-13_09-53-56,48,4217335.97518334,2.00E+01,3.0733607073545475,"2022-07-13 11:26:45,614","2022-07-13 11:26:46,659","2022-07-13 11:58:29,273","2022-07-13 12:12:32,123","2022-07-13 12:22:42,124","2022-07-13 12:28:28,259","2022-07-13 12:29:09,088","2022-07-13 11:35:29,509","2022-07-13 12:12:06,365","2022-07-13 12:21:01,539","2022-07-13 12:28:26,154","2022-07-13 12:29:07,982","2022-07-13 12:29:59,899","2022-07-13 12:33:50,192"
94,0.0182646935200063,0.3567953424279658,263.25205924348603,100.0,0.002,10.0,1.0,0.02,0.3,268.90948522763966,100.0,0.002,10.0,0.7683401768386369,0.1547794117647054,0.0389705882352941,0.0109414758269724,0.1135454545454547,0.2144972303961344,0.0388361029371988,0.0126666666666667,0.1139999999999999,0.694165686518654,0.0557437905348593,1.0,57.13273671158625,0.3466672122468449,0.1531576628504206,0.0137507723414499,6.572507786579758,0.603986903060158,2680511.304297393,236472.13689051173,3.754682248442032e-07,3.414069607664667e-08,2022-07-13_09-53-56,48,4217335.97518334,2.00E+01,3.0733607073545475,"2022-07-13 11:41:42,190","2022-07-13 11:41:43,237","2022-07-13 12:13:55,791","2022-07-13 12:25:58,204","2022-07-13 12:36:18,526","2022-07-13 12:42:12,539","2022-07-13 12:42:53,269","2022-07-13 11:52:24,531","2022-07-13 12:25:32,530","2022-07-13 12:34:37,962","2022-07-13 12:42:10,428","2022-07-13 12:42:52,191","2022-07-13 12:43:44,487","2022-07-13 12:47:21,837"
95,0.0198203372934439,0.0713788421113752,288.52167216134444,100.0,0.008,10.0,10.0,0.02,0.0693691293648786,300.0,100.0,0.008,10.0,10.49,0.2137254901960782,0.0378676470588234,0.1020356234096692,0.0271818181818178,0.2144972303961344,0.0388361029371988,0.1003063975080128,0.0263602691586538,0.0,0.0,0.0,0.0,0.0,0.0,0.0,0.0,0.0,0.0,0.0,0.0,0.0,2022-07-13_09-53-56,49,4217335.97518334,4.00E+02,167.84000000000003,"2022-07-13 12:02:35,426","2022-07-13 12:02:36,463","2022-07-13 12:29:03,835","2022-07-13 12:50:13,398","2022-07-13 13:02:00,679","2022-07-13 13:07:48,596","2022-07-13 13:08:29,550","2022-07-13 12:11:21,461","2022-07-13 12:49:46,836","2022-07-13 12:58:43,449","2022-07-13 13:07:46,505","2022-07-13 13:08:28,497","2022-07-13 13:09:20,639","2022-07-13 13:12:05,935"
96,0.019705533076969,0.0797470698742569,289.91049761688254,100.0,0.008,10.0,10.0,0.02,0.0693691293648786,300.0,100.0,0.008,10.0,10.49,0.2127450980392156,0.038848039215686,0.1008905852417301,0.0305454545454544,0.2144972303961344,0.0388361029371988,0.1003063975080128,0.0263602691586538,0.0,0.0,0.0,0.0,0.0,0.0,0.0,0.0,0.0,0.0,0.0,0.0,0.0,2022-07-13_09-53-56,49,4217335.97518334,4.00E+02,167.84000000000003,"2022-07-13 12:19:17,934","2022-07-13 12:19:18,992","2022-07-13 12:58:30,174","2022-07-13 13:18:51,918","2022-07-13 13:28:57,632","2022-07-13 13:34:46,896","2022-07-13 13:35:27,748","2022-07-13 12:27:39,499","2022-07-13 13:18:26,302","2022-07-13 13:27:19,768","2022-07-13 13:34:44,838","2022-07-13 13:35:26,690","2022-07-13 13:36:19,123","2022-07-13 13:39:09,855"
97,0.019690069844388,0.3049567722386442,235.7317196722784,65.0,0.0056400306972722,10.0,10.0,0.02,0.3,236.6198758584023,65.0,0.0056400306972722,10.0,10.49,0.2089460784313727,0.0412990196078437,0.0147582697201018,0.1162727272727271,0.2144972303961344,0.0388361029371988,0.0126666666666667,0.1139999999999999,0.7116303974847505,0.0538869460747542,1.0,50.47144655890251,1.850199683905332,0.1570109998359179,0.013292729477852,6.406097004132408,0.5490766807138111,3106710.21151658,155287.7705509046,3.225411102949751e-07,1.6447982633218502e-08,2022-07-13_09-53-56,50,4217335.97518334,SF,118.32784402877077,"2022-07-13 12:34:56,211","2022-07-13 12:34:57,252","2022-07-13 13:29:03,500","2022-07-13 13:44:36,076","2022-07-13 13:54:39,128","2022-07-13 14:00:33,228","2022-07-13 14:01:14,069","2022-07-13 12:45:47,085","2022-07-13 13:44:09,680","2022-07-13 13:53:06,034","2022-07-13 14:00:31,168","2022-07-13 14:01:13,001","2022-07-13 14:02:05,483","2022-07-13 14:04:55,831"
98,0.0199687984014507,0.2927727853888069,237.8504034835047,65.0,0.0056400306972722,10.0,10.0,0.02,0.3,236.6198758584023,65.0,0.0056400306972722,10.0,10.49,0.2154411764705884,0.0410539215686275,0.0160305343511449,0.1128181818181821,0.2144972303961344,0.0388361029371988,0.0126666666666667,0.1139999999999999,0.7494267249821406,0.0896171214513634,1.0,51.05807896456423,3.016609540229286,0.1653502152368708,0.0221065812559543,6.133172650448026,0.8004401440050367,3227608.361525313,246813.1330034441,3.112774543147181e-07,2.37247669957408e-08,2022-07-13_09-53-56,50,4217335.97518334,SF,118.32784402877077,"2022-07-13 12:48:00,298","2022-07-13 12:48:01,339","2022-07-13 13:54:45,858","2022-07-13 14:10:58,493","2022-07-13 14:22:21,280","2022-07-13 14:28:09,544","2022-07-13 14:28:50,334","2022-07-13 12:57:05,001","2022-07-13 14:10:32,307","2022-07-13 14:19:24,108","2022-07-13 14:28:07,474","2022-07-13 14:28:49,269","2022-07-13 14:29:41,500","2022-07-13 14:32:25,388"
99,0.019206394792685,0.3043994421987686,256.7963060738324,97.7159315262786,0.0030333745283926,10.0,6.0,0.0191934748900104,0.3,260.20570483633327,97.7159315262786,0.0030333745283926,10.0,5.806425030610026,0.2014705882352942,0.0367647058823532,0.0206106870229007,0.1132727272727273,0.2058473602792502,0.0372699883275494,0.0228826513932003,0.1139999999999999,1.2289442068827292,0.0292367787877535,1.0,65.35636627138858,0.6894266971512085,0.2711488426396953,0.0072120730443747,3.69008873587873,0.097644724474673,4148640.4160559936,94187.47960439535,2.411414595165204e-07,5.431309664032998e-09,2022-07-13_09-53-56,51,4217335.97518334,2.00E-01,35.22612357774736,"2022-07-13 13:13:34,794","2022-07-13 13:13:35,836","2022-07-13 14:18:50,864","2022-07-13 14:32:24,834","2022-07-13 14:42:42,900","2022-07-13 14:48:35,178","2022-07-13 14:49:17,298","2022-07-13 13:26:36,918","2022-07-13 14:31:58,190","2022-07-13 14:41:05,328","2022-07-13 14:48:33,095","2022-07-13 14:49:16,160","2022-07-13 14:50:08,615","2022-07-13 14:54:43,161"
100,0.0176353695519282,0.3455010187239594,256.18624799780605,97.7159315262786,0.0030333745283926,10.0,6.0,0.0191934748900104,0.3,260.20570483633327,97.7159315262786,0.0030333745283926,10.0,5.806425030610026,0.1587009803921565,0.0354166666666668,0.022010178117049,0.1140909090909096,0.2058473602792502,0.0372699883275494,0.0228826513932003,0.1139999999999999,0.7809976094047796,0.014401970185483,1.0,55.15209721448567,0.6311906161901545,0.1723158762688097,0.0035526506430358,5.805280480443583,0.1203534060829042,3124451.965362652,59404.16506968279,3.201466859350537e-07,5.9539847925443805e-09,2022-07-13_09-53-56,51,4217335.97518334,2.00E-01,35.22612357774736,"2022-07-13 13:39:50,928","2022-07-13 13:39:51,989","2022-07-13 14:33:48,094","2022-07-13 14:49:21,259","2022-07-13 14:59:45,818","2022-07-13 15:05:37,859","2022-07-13 15:06:18,977","2022-07-13 13:52:30,994","2022-07-13 14:48:55,382","2022-07-13 14:58:07,548","2022-07-13 15:05:35,796","2022-07-13 15:06:17,921","2022-07-13 15:07:10,188","2022-07-13 15:09:53,342"
101,0.0197938575649108,0.3090231538288323,263.9485142062015,65.0,0.008,10.0,10.0,0.02,0.3,267.7839535786091,65.0,0.008,10.0,10.49,0.2090686274509802,0.0386029411764704,0.0117048346055978,0.1160000000000001,0.2144972303961344,0.0388361029371988,0.0126666666666667,0.1139999999999999,0.4521548627329094,0.0443018209626944,1.0,42.724486441997314,1.847547180095504,0.0997614595010152,0.0109282890259989,10.1211938788177,1.1178072470794709,2335397.0639822213,239089.74451094752,4.3187311493873314e-07,4.511234521603235e-08,2022-07-13_09-53-56,52,4217335.97518334,2.00E+01,167.84000000000003,"2022-07-13 14:06:33,786","2022-07-13 14:06:34,848","2022-07-13 14:51:43,705","2022-07-13 15:10:19,397","2022-07-13 15:20:25,744","2022-07-13 15:26:10,846","2022-07-13 15:26:51,345","2022-07-13 14:17:28,401","2022-07-13 15:09:53,370","2022-07-13 15:18:47,621","2022-07-13 15:26:08,767","2022-07-13 15:26:50,286","2022-07-13 15:27:42,443","2022-07-13 15:30:26,047"
102,0.0197266521599197,0.3066787467642634,263.49699877444584,65.0,0.008,10.0,10.0,0.02,0.3,267.7839535786091,65.0,0.008,10.0,10.49,0.2057598039215691,0.0374999999999996,0.0132315521628501,0.113454545454545,0.2144972303961344,0.0388361029371988,0.0126666666666667,0.1139999999999999,0.3674357850341266,0.0249083434966259,1.0,36.56223384787329,1.5863319789031902,0.0810694149485652,0.0061443428503583,12.391702612658747,0.9365574678963416,2218090.563264085,149854.04064289702,4.525653505845846e-07,3.1999823214180124e-08,2022-07-13_09-53-56,52,4217335.97518334,2.00E+01,167.84000000000003,"2022-07-13 14:35:15,581","2022-07-13 14:35:16,627","2022-07-13 15:11:40,549","2022-07-13 15:29:16,748","2022-07-13 15:39:23,442","2022-07-13 15:45:13,757","2022-07-13 15:45:54,527","2022-07-13 14:44:22,295","2022-07-13 15:28:00,982","2022-07-13 15:37:46,323","2022-07-13 15:45:11,746","2022-07-13 15:45:53,476","2022-07-13 15:46:45,486","2022-07-13 15:49:32,696"
103,0.0192218567459265,0.1696389197659591,233.42782359604075,65.0,0.008,10.0,1.0,0.02,0.1572070561248267,220.0002853969364,65.0,0.008,10.0,0.51,0.1839460784313727,0.0378676470588234,0.0656488549618327,0.0587272727272727,0.2144972303961344,0.0388361029371988,0.0669279853392325,0.0597386813274341,0.1524278823075444,0.0044332678145175,1.0,52.93177601086925,5.221696653379318,0.0336310172929228,0.0010935900817147,29.759698776884324,0.9707151866784332,639674.7667191916,58202.68063051134,1.5738237174353248e-06,1.4500692279805348e-07,2022-07-13_09-53-56,53,4217335.97518334,4.00E+02,8.16,"2022-07-13 14:55:47,627","2022-07-13 14:55:48,663","2022-07-13 15:31:40,143","2022-07-13 15:40:46,401","2022-07-13 15:51:05,811","2022-07-13 15:57:06,714","2022-07-13 15:57:48,217","2022-07-13 15:07:12,306","2022-07-13 15:40:20,523","2022-07-13 15:49:25,086","2022-07-13 15:57:04,652","2022-07-13 15:57:47,122","2022-07-13 15:58:39,382","2022-07-13 16:03:10,708"
104,0.0199967249884421,0.1585159713105365,237.6018018716861,65.0,0.008,10.0,1.0,0.02,0.1572070561248267,220.0002853969364,65.0,0.008,10.0,0.51,0.2147058823529409,0.0383578431372547,0.066412213740458,0.060181818181818,0.2144972303961344,0.0388361029371988,0.0669279853392325,0.0597386813274341,0.2273808977299532,0.0043320199995286,1.0,52.88418253849229,2.0841119088887248,0.0501683208338969,0.0010686144630741,19.9401391633294,0.4249898292473617,950407.5912288076,56426.00251399102,1.055190589921381e-06,6.343583311151062e-08,2022-07-13_09-53-56,53,4217335.97518334,4.00E+02,8.16,"2022-07-13 15:13:06,891","2022-07-13 15:13:07,933","2022-07-13 15:43:18,749","2022-07-13 15:53:05,094","2022-07-13 16:03:43,265","2022-07-13 16:09:48,660","2022-07-13 16:10:29,999","2022-07-13 15:22:30,658","2022-07-13 15:52:39,466","2022-07-13 16:01:38,979","2022-07-13 16:09:46,582","2022-07-13 16:10:28,930","2022-07-13 16:11:21,259","2022-07-13 16:19:20,794"
105,0.0096662770005137,0.0,229.5383693564158,100.0,0.002,10.0,10.0,0.01,0.0,231.25015596312784,100.0,0.002,10.0,10.49,0.1034313725490196,0.0180147058823528,0.2554707379134861,0.0,0.1072486151980672,0.0194180514685994,0.2533333333333333,0.0,0.1568083043867683,0.0031430942189919,1.0,27.428940372639765,1.548643757038895,0.0345974943472942,0.0007753325103727,28.91557972195005,0.6556916197543607,1264375.445786878,72789.97942264455,7.92992090031499e-07,4.5404679019674976e-08,2022-07-13_09-53-56,54,4217335.97518334,SF,41.96000000000001,"2022-07-13 15:33:08,246","2022-07-13 15:33:09,279","2022-07-13 16:00:13,150","2022-07-13 16:17:29,381","2022-07-13 16:27:34,961","2022-07-13 16:33:23,734","2022-07-13 16:34:04,645","2022-07-13 15:41:56,672","2022-07-13 16:17:03,245","2022-07-13 16:25:57,885","2022-07-13 16:33:21,675","2022-07-13 16:34:03,582","2022-07-13 16:34:55,647","2022-07-13 16:37:38,530"
106,0.0091147498644076,0.0,228.72488270262247,100.0,0.002,10.0,10.0,0.01,0.0,231.25015596312784,100.0,0.002,10.0,10.49,0.0912990196078426,0.0187499999999998,0.2521628498727734,0.0,0.1072486151980672,0.0194180514685994,0.2533333333333333,0.0,0.1334288218564312,0.0067019407271477,1.0,26.20155125224955,1.259788957402343,0.0294391481879549,0.0016532220055482,34.05584849512,1.9493465122025868,1124713.9778012428,65430.47881086445,8.916042557062066e-07,5.354876000633212e-08,2022-07-13_09-53-56,54,4217335.97518334,SF,41.96000000000001,"2022-07-13 15:50:11,928","2022-07-13 15:50:12,971","2022-07-13 16:20:36,420","2022-07-13 16:38:43,751","2022-07-13 16:48:58,189","2022-07-13 16:54:41,912","2022-07-13 16:55:22,880","2022-07-13 15:58:02,884","2022-07-13 16:38:17,687","2022-07-13 16:47:20,438","2022-07-13 16:54:39,843","2022-07-13 16:55:21,809","2022-07-13 16:56:14,084","2022-07-13 16:58:59,871"
107,0.0197201944784264,0.3094040657301379,255.95033429303004,95.0853734209688,0.0030895032607014,10.0,6.0,0.0199031271424933,0.3,259.07239466647826,95.0853734209688,0.0030895032607014,10.0,5.898082887162833,0.2105392156862753,0.0359068627450976,0.0124681933842242,0.1159999999999997,0.2134582824143472,0.0386479947239013,0.0138937228617514,0.1139999999999999,1.3086579841912525,0.0358208999420766,1.0,77.37800390814694,1.7035541411371222,0.2887365397365962,0.0088362315415441,3.465944620448785,0.10539864624231,3733267.043091587,151149.20577048624,2.682100464481019e-07,1.0749932220564398e-08,2022-07-13_09-53-56,55,4217335.97518334,2.00E-01,36.4442926235534,"2022-07-13 16:04:43,711","2022-07-13 16:04:44,751","2022-07-13 16:40:08,390","2022-07-13 16:57:48,554","2022-07-13 17:07:52,241","2022-07-13 17:13:44,898","2022-07-13 17:14:25,887","2022-07-13 16:17:49,568","2022-07-13 16:56:21,778","2022-07-13 17:06:15,021","2022-07-13 17:13:42,828","2022-07-13 17:14:24,832","2022-07-13 17:15:17,121","2022-07-13 17:18:01,797"
108,0.0176309099331024,0.3688701486749602,255.5855858005396,95.0853734209688,0.0030895032607014,10.0,6.0,0.0199031271424933,0.3,259.07239466647826,95.0853734209688,0.0030895032607014,10.0,5.898082887162833,0.1426470588235295,0.0381127450980391,0.0133587786259541,0.1134545454545454,0.2134582824143472,0.0386479947239013,0.0138937228617514,0.1139999999999999,0.5389184761157482,0.0087056249335168,1.0,50.97570878681406,1.5991499383018248,0.1189046014111505,0.0021474870187735,8.412306854126985,0.1525140334473244,2333611.043767832,49652.39963256751,4.286717314174349e-07,8.889276608188865e-09,2022-07-13_09-53-56,55,4217335.97518334,2.00E-01,36.4442926235534,"2022-07-13 16:22:03,511","2022-07-13 16:22:04,546","2022-07-13 17:00:12,004","2022-07-13 17:16:51,624","2022-07-13 17:26:58,597","2022-07-13 17:32:49,044","2022-07-13 17:33:29,470","2022-07-13 16:30:27,761","2022-07-13 17:16:08,964","2022-07-13 17:25:21,220","2022-07-13 17:32:46,987","2022-07-13 17:33:28,404","2022-07-13 17:34:20,602","2022-07-13 17:37:03,510"
109,0.0199399003676854,0.3030285929617353,249.98344772078443,67.07576958718214,0.002,10.0,8.0,0.02,0.2989467208654556,252.30925046784773,67.07576958718214,0.002,10.0,8.373749315108954,0.2109068627450984,0.0377450980392153,0.012086513994911,0.1133636363636357,0.2144972303961344,0.0388361029371988,0.0130669127377935,0.1135997539288731,0.9327143176445528,0.0316530235354115,1.0,60.95882738630844,0.870438072777867,0.2057899832444768,0.0078081077081009,4.864857578223749,0.1824255966642353,3375955.812103568,119975.7883810078,2.9651666152491894e-07,1.0705046672991162e-08,2022-07-13_09-53-56,56,4217335.97518334,2.00E+01,33.49499726043582,"2022-07-13 16:41:35,343","2022-07-13 16:41:36,390","2022-07-13 17:19:18,249","2022-07-13 17:36:46,399","2022-07-13 17:47:08,460","2022-07-13 17:53:48,490","2022-07-13 17:54:29,144","2022-07-13 16:53:35,559","2022-07-13 17:36:20,670","2022-07-13 17:45:30,231","2022-07-13 17:53:46,398","2022-07-13 17:54:28,099","2022-07-13 17:55:20,419","2022-07-13 17:59:43,455"
110,0.0197856892110423,0.3051975628431593,248.1731969491963,67.07576958718214,0.002,10.0,8.0,0.02,0.2989467208654556,252.30925046784773,67.07576958718214,0.002,10.0,8.373749315108954,0.2072303921568625,0.0377450980392153,0.0131043256997455,0.1133636363636365,0.2144972303961344,0.0388361029371988,0.0130669127377935,0.1135997539288731,0.8553539396895443,0.0405324982059531,1.0,65.72715452445223,1.352340110998304,0.1887215298263375,0.0099984796497064,5.310985038760025,0.2872510995594133,2870059.4275821084,105389.00225328527,3.4880367634772295e-07,1.290163391984856e-08,2022-07-13_09-53-56,56,4217335.97518334,2.00E+01,33.49499726043582,"2022-07-13 17:01:39,000","2022-07-13 17:01:40,033","2022-07-13 17:38:19,401","2022-07-13 17:53:35,237","2022-07-13 18:03:45,551","2022-07-13 18:10:18,893","2022-07-13 18:11:00,079","2022-07-13 17:13:13,373","2022-07-13 17:53:09,772","2022-07-13 18:02:05,663","2022-07-13 18:10:16,825","2022-07-13 18:10:59,000","2022-07-13 18:11:51,317","2022-07-13 18:14:35,434"
111,0.024861930519575,0.1631884698427725,219.36769503136733,100.0,0.002,10.0,10.0,0.02,0.1270441477361707,220.0,100.0,0.002,10.0,10.49,0.2096813725490191,0.0382352941176472,0.0024173027989822,0.0488181818181818,0.2144972303961344,0.0388361029371988,0.0783898905269218,0.0482767761397448,0.3414865056064582,0.0139348791402513,1.0,92.64783480803835,0.8758678494414458,0.0753440801085127,0.0034374295114249,13.29414679731415,0.595105241171062,813467.9761164951,42344.03988541044,1.2319516618490698e-06,6.364312548952613e-08,2022-07-13_09-53-56,57,4217335.97518334,4.00E+02,41.96000000000001,"2022-07-13 17:20:45,211","2022-07-13 17:20:46,262","2022-07-13 17:54:59,189","2022-07-13 18:13:24,913","2022-07-13 18:23:39,262","2022-07-13 18:30:14,470","2022-07-13 18:30:55,168","2022-07-13 17:32:51,580","2022-07-13 18:12:01,210","2022-07-13 18:22:02,088","2022-07-13 18:30:12,403","2022-07-13 18:30:54,110","2022-07-13 18:31:46,289","2022-07-13 18:34:31,415"
112,0.0198069336224465,0.129186809841952,218.05859590757737,100.0,0.002,10.0,10.0,0.02,0.1270441477361707,220.0,100.0,0.002,10.0,10.49,0.2069852941176473,0.0355392156862744,0.0773536895674299,0.0474545454545454,0.2144972303961344,0.0388361029371988,0.0783898905269218,0.0482767761397448,0.4991261340803,0.0240682604080809,1.0,79.4399523220356,0.7172653948205002,0.1101249941446798,0.0059371127501508,9.10203403923802,0.4974066370200141,1386393.799032742,76945.73417553105,7.230761643728428e-07,4.011541104457931e-08,2022-07-13_09-53-56,57,4217335.97518334,4.00E+02,41.96000000000001,"2022-07-13 17:39:46,187","2022-07-13 17:39:47,232","2022-07-13 18:15:50,035","2022-07-13 18:33:20,924","2022-07-13 18:43:42,551","2022-07-13 18:50:22,218","2022-07-13 18:51:03,072","2022-07-13 17:51:24,337","2022-07-13 18:32:39,309","2022-07-13 18:42:03,954","2022-07-13 18:50:20,145","2022-07-13 18:51:01,992","2022-07-13 18:51:54,255","2022-07-13 18:56:26,825"
113,0.0102773595372058,0.0,234.495943161585,82.88423955047355,0.008,10.0,10.0,0.0102404833347926,0.0,236.15578825761648,82.88423955047355,0.008,10.0,10.49,0.1066176470588237,0.0187499999999998,0.240585241730279,0.0,0.1098277656615395,0.0198850232458338,0.2502872110926266,0.0,0.0169689077804929,0.014235712390786,1.0,13.13922478897076,1.5524954634175183,0.003743945152084,0.0035116384861134,626.0127437866356,669.3723389382284,264767.09542978887,217413.54954557127,7.680277986041884e-06,7.837493011937349e-06,2022-07-13_09-53-56,58,4217335.97518334,SF,167.84000000000003,"2022-07-13 18:00:51,503","2022-07-13 18:00:52,541","2022-07-13 18:35:46,375","2022-07-13 18:51:04,139","2022-07-13 19:01:09,967","2022-07-13 19:07:39,586","2022-07-13 19:08:20,440","2022-07-13 18:11:22,942","2022-07-13 18:50:38,427","2022-07-13 18:59:31,543","2022-07-13 19:07:37,401","2022-07-13 19:08:19,376","2022-07-13 19:09:11,655","2022-07-13 19:11:55,646"
114,0.0110423225397049,0.0,233.32642408458167,82.88423955047355,0.008,10.0,10.0,0.0102404833347926,0.0,236.15578825761648,82.88423955047355,0.008,10.0,10.49,0.0876225490196077,0.0100490196078431,0.1676844783715008,0.0,0.1098277656615395,0.0198850232458338,0.2502872110926266,0.0,0.0140137752836348,0.0079344910455252,1.0,14.691767941054632,1.47341035891574,0.0030919377201091,0.0019572651763618,470.4023379320947,305.6339086185044,202563.36027098,114182.6714067424,6.590231289736688e-06,3.822054841056429e-06,2022-07-13_09-53-56,58,4217335.97518334,SF,167.84000000000003,"2022-07-13 18:17:17,204","2022-07-13 18:17:18,260","2022-07-13 18:53:28,228","2022-07-13 19:10:45,365","2022-07-13 19:20:48,575","2022-07-13 19:27:17,012","2022-07-13 19:27:58,189","2022-07-13 18:25:27,174","2022-07-13 19:10:12,018","2022-07-13 19:19:11,312","2022-07-13 19:27:14,953","2022-07-13 19:27:57,128","2022-07-13 19:28:49,323","2022-07-13 19:31:31,572"
115,0.0189638052681564,0.3005472765694695,255.4760391014045,98.19023405577649,0.0023624911929381,10.0,6.0,0.0192630614187405,0.2976969589724115,259.7525537421616,98.19023405577649,0.0023624911929381,10.0,5.656904809890336,0.1947303921568633,0.0370098039215689,0.0246819338422392,0.1101818181818185,0.2065936661635236,0.0374051118071894,0.0228763776197705,0.1131248444095163,1.1662968918811116,0.026061386756082,1.0,68.05939794184022,0.575135566243982,0.2573266146963612,0.0064287733709328,3.887994241471615,0.0941889587623848,3781633.542749473,122194.35624576236,2.6464834186802655e-07,8.215290091223902e-09,2022-07-13_09-53-56,59,4217335.97518334,2.00E-01,26.728775585310192,"2022-07-13 18:37:13,492","2022-07-13 18:37:14,533","2022-07-13 19:13:10,867","2022-07-13 19:30:41,933","2022-07-13 19:40:55,380","2022-07-13 19:47:23,303","2022-07-13 19:48:03,820","2022-07-13 18:48:00,276","2022-07-13 19:30:16,274","2022-07-13 19:39:16,612","2022-07-13 19:47:21,223","2022-07-13 19:48:02,761","2022-07-13 19:48:54,942","2022-07-13 19:53:58,861"
116,0.019003574364019,0.301435634632299,253.63392269435727,98.19023405577649,0.0023624911929381,10.0,6.0,0.0192630614187405,0.2976969589724115,259.7525537421616,98.19023405577649,0.0023624911929381,10.0,5.656904809890336,0.1992647058823533,0.0359068627450981,0.024173027989822,0.1119090909090908,0.2065936661635236,0.0374051118071894,0.0228763776197705,0.1131248444095163,1.2282262772935304,0.0386591161681654,1.0,68.79917846787785,2.5400342078251086,0.2709904418139152,0.0095363573278655,3.693795623742728,0.1289418182515299,3939655.401934319,74766.9642169246,2.539035579382705e-07,4.891238438136472e-09,2022-07-13_09-53-56,59,4217335.97518334,2.00E-01,26.728775585310192,"2022-07-13 18:57:04,172","2022-07-13 18:57:05,204","2022-07-13 19:32:47,291","2022-07-13 19:48:49,801","2022-07-13 19:59:01,654","2022-07-13 20:05:32,698","2022-07-13 20:06:13,280","2022-07-13 19:08:03,493","2022-07-13 19:48:24,454","2022-07-13 19:57:22,844","2022-07-13 20:05:30,613","2022-07-13 20:06:12,215","2022-07-13 20:07:04,572","2022-07-13 20:09:48,865"
117,0.0200345482101968,0.3036477568295462,287.7565037893446,100.0,0.002,25.0,10.0,0.02,0.3,300.0,100.0,0.002,25.0,10.49,0.2120098039215678,0.038112745098039,0.0106870229007627,0.1137272727272729,0.2144972303961344,0.0388361029371988,0.0126666666666667,0.1139999999999999,0.0,0.0,0.0,0.0,0.0,0.0,0.0,0.0,0.0,0.0,0.0,0.0,0.0,2022-07-13_23-11-10,60,4217335.97518334,4.00E+02,41.96000000000001,"2022-07-13 23:15:55,608","2022-07-13 23:15:56,652","2022-07-13 23:28:32,451","2022-07-14 00:03:31,356","2022-07-14 00:13:43,099","2022-07-14 00:19:40,061","2022-07-14 00:20:20,857","2022-07-13 23:27:14,248","2022-07-14 00:03:11,521","2022-07-14 00:12:00,648","2022-07-14 00:19:37,983","2022-07-14 00:20:19,804","2022-07-14 00:21:12,042","2022-07-14 00:23:56,498"
118,0.0191197826479039,0.3248755392091361,289.00383411908297,100.0,0.002,25.0,10.0,0.02,0.3,300.0,100.0,0.002,25.0,10.49,0.1872549019607846,0.0379901960784315,0.0133587786259541,0.1148181818181818,0.2144972303961344,0.0388361029371988,0.0126666666666667,0.1139999999999999,0.0,0.0,0.0,0.0,0.0,0.0,0.0,0.0,0.0,0.0,0.0,0.0,0.0,2022-07-13_23-11-10,60,4217335.97518334,4.00E+02,41.96000000000001,"2022-07-13 23:27:14,411","2022-07-13 23:30:00,323","2022-07-14 00:04:55,507","2022-07-14 00:24:34,236","2022-07-14 00:34:41,434","2022-07-14 00:40:32,085","2022-07-14 00:41:12,627","2022-07-13 23:39:26,243","2022-07-14 00:24:08,564","2022-07-14 00:33:03,833","2022-07-14 00:40:30,029","2022-07-14 00:41:11,568","2022-07-14 00:42:03,831","2022-07-14 00:44:49,782"
119,0.0196499664516986,0.3071502632478115,287.1392862579615,100.0,0.002,25.0,10.0,0.02,0.3,300.0,100.0,0.002,25.0,10.49,0.2126225490196086,0.0405637254901962,0.0146310432569972,0.1187272727272725,0.2144972303961344,0.0388361029371988,0.0126666666666667,0.1139999999999999,0.0,0.0,0.0,0.0,0.0,0.0,0.0,0.0,0.0,0.0,0.0,0.0,0.0,2022-07-13_23-11-10,61,4217335.97518334,4.00E+02,41.96000000000001,"2022-07-13 23:27:14,683","2022-07-13 23:39:26,759","2022-07-14 00:25:59,949","2022-07-14 00:43:37,648","2022-07-14 00:53:51,209","2022-07-14 00:59:42,978","2022-07-14 01:00:23,622","2022-07-13 23:49:05,954","2022-07-14 00:42:06,919","2022-07-14 00:52:13,732","2022-07-14 00:59:40,919","2022-07-14 01:00:22,566","2022-07-14 01:01:14,747","2022-07-14 01:04:00,683"
120,0.0200751729429595,0.2959240952111762,288.2455208786498,100.0,0.002,25.0,10.0,0.02,0.3,300.0,100.0,0.002,25.0,10.49,0.2134803921568621,0.040196078431373,0.0132315521628495,0.1121818181818179,0.2144972303961344,0.0388361029371988,0.0126666666666667,0.1139999999999999,0.0,0.0,0.0,0.0,0.0,0.0,0.0,0.0,0.0,0.0,0.0,0.0,0.0,2022-07-13_23-11-10,61,4217335.97518334,4.00E+02,41.96000000000001,"2022-07-13 23:27:14,992","2022-07-13 23:49:06,654","2022-07-14 00:46:06,256","2022-07-14 01:04:31,582","2022-07-14 01:14:46,421","2022-07-14 01:20:35,569","2022-07-14 01:21:16,215","2022-07-14 00:00:42,440","2022-07-14 01:04:06,076","2022-07-14 01:13:08,932","2022-07-14 01:20:33,563","2022-07-14 01:21:15,201","2022-07-14 01:22:07,466","2022-07-14 01:24:58,463"
121,0.0147191011235955,0.0,289.92816676169906,86.53571041796675,0.008,10.0,1.0,0.01,0.0,300.0,86.53571041796675,0.008,10.0,0.51,0.10625,0.0188725490196079,0.129898218829516,0.0,0.1072486151980672,0.0194180514685994,0.2533333333333333,0.0,0.0,0.0,0.0,0.0,0.0,0.0,0.0,0.0,0.0,0.0,0.0,0.0,0.0,2022-07-13_23-11-10,62,4217335.97518334,SF,8.16,"2022-07-14 00:27:27,947","2022-07-14 00:27:28,988","2022-07-14 01:05:57,039","2022-07-14 01:14:55,169","2022-07-14 01:25:13,362","2022-07-14 01:30:54,807","2022-07-14 01:31:35,561","2022-07-14 00:35:00,651","2022-07-14 01:13:57,114","2022-07-14 01:23:33,518","2022-07-14 01:30:52,750","2022-07-14 01:31:34,516","2022-07-14 01:32:26,938","2022-07-14 01:38:21,493"
122,0.0099409536404956,0.0,294.97564895572026,86.53571041796675,0.008,10.0,1.0,0.01,0.0,300.0,86.53571041796675,0.008,10.0,0.51,0.1063725490196081,0.0197303921568619,0.254452926208651,0.0,0.1072486151980672,0.0194180514685994,0.2533333333333333,0.0,0.0,0.0,0.0,0.0,0.0,0.0,0.0,0.0,0.0,0.0,0.0,0.0,0.0,2022-07-13_23-11-10,62,4217335.97518334,SF,8.16,"2022-07-14 00:47:33,641","2022-07-14 00:47:34,699","2022-07-14 01:19:29,791","2022-07-14 01:29:56,047","2022-07-14 01:39:58,435","2022-07-14 01:45:41,025","2022-07-14 01:46:21,809","2022-07-14 00:55:40,442","2022-07-14 01:29:30,619","2022-07-14 01:38:19,319","2022-07-14 01:45:38,967","2022-07-14 01:46:20,731","2022-07-14 01:47:12,946","2022-07-14 01:53:33,823"
123,0.0198645147037816,0.3042675162444139,255.94466873479644,97.7644789335841,0.0028221278436376,10.0,6.0,0.02,0.2983887763210286,259.0949609979297,97.7644789335841,0.0028221278436376,10.0,5.824389302075806,0.2117647058823525,0.0390931372549022,0.0127226463104322,0.115272727272727,0.2144972303961344,0.0388361029371988,0.0132789316646758,0.1133877350019909,1.2527467228797713,0.019013845479276,1.0,68.04715262304683,0.717919693682155,0.2764005250418458,0.0046902992784017,3.618771013079047,0.0613560433665804,4062515.882082527,96149.26552928529,2.4626242607377535e-07,5.785927781783676e-09,2022-07-13_23-11-10,63,4217335.97518334,2.00E-01,32.874342443146205,"2022-07-14 01:07:23,808","2022-07-14 01:07:24,849","2022-07-14 01:40:04,454","2022-07-14 01:53:46,394","2022-07-14 02:03:53,125","2022-07-14 02:09:38,745","2022-07-14 02:10:19,677","2022-07-14 01:18:07,818","2022-07-14 01:53:19,922","2022-07-14 02:02:15,303","2022-07-14 02:09:36,632","2022-07-14 02:10:18,621","2022-07-14 02:11:10,728","2022-07-14 02:14:53,084"
124,0.0198475619252874,0.3016077167514855,260.7912619120827,97.7644789335841,0.0028221278436376,10.0,6.0,0.02,0.2983887763210286,259.0949609979297,97.7644789335841,0.0028221278436376,10.0,5.824389302075806,0.2126225490196081,0.0366421568627451,0.0138676844783713,0.113636363636364,0.2144972303961344,0.0388361029371988,0.0132789316646758,0.1133877350019909,1.3177690502337491,0.0608396371533436,1.0,70.91990441197474,0.5269653429260481,0.2907467652609129,0.015007806103693,3.4464923782000816,0.1714587582883009,4099974.270462842,218095.7626242992,2.444314101089195e-07,1.2404410646726457e-08,2022-07-13_23-11-10,63,4217335.97518334,2.00E-01,32.874342443146205,"2022-07-14 01:25:01,839","2022-07-14 01:25:02,861","2022-07-14 01:55:12,106","2022-07-14 02:08:43,956","2022-07-14 02:18:50,420","2022-07-14 02:24:39,647","2022-07-14 02:25:20,812","2022-07-14 01:36:46,269","2022-07-14 02:08:18,433","2022-07-14 02:17:09,274","2022-07-14 02:24:37,553","2022-07-14 02:25:19,758","2022-07-14 02:26:12,041","2022-07-14 02:30:48,034"
125,0.0198298002326888,0.2371610166332375,268.175138397462,69.76634251051316,0.002,10.0,5.0,0.02,0.2350820841243915,270.7944745443736,69.76634251051316,0.002,10.0,4.840083683386704,0.2162990196078435,0.038848039215686,0.0393129770992365,0.0915454545454547,0.2144972303961344,0.0388361029371988,0.0373354746993979,0.0893311919672687,0.8824501690570317,0.0608222897075366,1.0,57.18522831148056,1.2931651375314346,0.1946999226547071,0.0150035268687197,5.161860289405595,0.4186411451128868,3401533.67376032,192078.33460382465,2.947713218370618e-07,1.7423138435557815e-08,2022-07-13_23-11-10,64,4217335.97518334,2.00E+01,19.360334733546814,"2022-07-14 01:41:31,260","2022-07-14 01:41:32,313","2022-07-14 02:10:07,606","2022-07-14 02:23:30,570","2022-07-14 02:33:41,890","2022-07-14 02:39:34,531","2022-07-14 02:40:15,383","2022-07-14 01:52:01,775","2022-07-14 02:23:04,438","2022-07-14 02:32:03,769","2022-07-14 02:39:32,447","2022-07-14 02:40:14,316","2022-07-14 02:41:06,653","2022-07-14 02:46:28,344"
126,0.0198882773109202,0.2402676343412775,268.2770579746214,69.76634251051316,0.002,10.0,5.0,0.02,0.2350820841243915,270.7944745443736,69.76634251051316,0.002,10.0,4.840083683386704,0.2126225490196081,0.0392156862745098,0.0367684478371503,0.0912727272727273,0.2144972303961344,0.0388361029371988,0.0373354746993979,0.0893311919672687,0.9471659931199304,0.0133426478158649,1.0,59.49347090403349,0.5836623013258506,0.2089785373361981,0.0032913390135062,4.786134755928343,0.0757460996773335,3512562.9123959383,35755.47957926874,2.847163154761849e-07,2.935594191850453e-09,2022-07-13_23-11-10,64,4217335.97518334,2.00E+01,19.360334733546814,"2022-07-14 01:56:39,129","2022-07-14 01:56:40,175","2022-07-14 02:27:47,060","2022-07-14 02:41:16,273","2022-07-14 02:51:31,592","2022-07-14 02:57:26,502","2022-07-14 02:58:07,069","2022-07-14 02:05:47,768","2022-07-14 02:40:50,821","2022-07-14 02:49:52,773","2022-07-14 02:57:24,427","2022-07-14 02:58:06,019","2022-07-14 02:58:58,392","2022-07-14 03:01:43,871"
127,0.0198543695165271,0.1552374394379043,289.48665781760985,100.0,0.002,15.390288866032332,1.0,0.02,0.1527551698252478,300.0,100.0,0.002,15.390288866032332,0.51,0.2123774509803919,0.037990196078431,0.0692111959287534,0.0587272727272727,0.2144972303961344,0.0388361029371988,0.0686197021330725,0.0580469645335941,0.3227856226272211,0.0103526760035782,1.0,31.93693203323621,0.2125271415303388,0.0712179995690042,0.0025537784475021,14.0561324936943,0.5139580749863422,2230019.4039851194,80817.28154994767,4.489059303091064e-07,1.6542123708743317e-08,2022-07-13_23-11-10,65,4217335.97518334,4.00E+02,2.04,"2022-07-14 02:16:17,126","2022-07-14 02:16:18,175","2022-07-14 02:43:28,214","2022-07-14 03:00:32,708","2022-07-14 03:10:54,060","2022-07-14 03:16:37,296","2022-07-14 03:17:17,831","2022-07-14 02:26:08,915","2022-07-14 02:59:47,100","2022-07-14 03:09:15,745","2022-07-14 03:16:35,234","2022-07-14 03:17:16,766","2022-07-14 03:18:09,059","2022-07-14 03:20:54,572"
128,0.0200219368584655,0.1510150967629063,289.2163527885589,100.0,0.002,15.390288866032332,1.0,0.02,0.1527551698252478,300.0,100.0,0.002,15.390288866032332,0.51,0.2131127450980394,0.037990196078431,0.068320610687023,0.0568181818181818,0.2144972303961344,0.0388361029371988,0.0686197021330725,0.0580469645335941,0.2958485071984822,0.0229459214921178,1.0,30.597375792698603,0.9019505292545212,0.0652747129400031,0.005660256318694,15.414274800057466,1.363810988951209,2130841.0980739766,130402.93382661874,4.707569456227728e-07,2.981537436384625e-08,2022-07-13_23-11-10,65,4217335.97518334,4.00E+02,2.04,"2022-07-14 02:31:27,129","2022-07-14 02:31:28,191","2022-07-14 03:02:58,893","2022-07-14 03:19:59,279","2022-07-14 03:30:07,929","2022-07-14 03:35:53,538","2022-07-14 03:36:33,478","2022-07-14 02:41:56,651","2022-07-14 03:19:33,917","2022-07-14 03:28:30,021","2022-07-14 03:35:51,471","2022-07-14 03:36:32,474","2022-07-14 03:37:24,694","2022-07-14 03:40:47,066"
129,0.0099845885054665,0.0,272.6667510214806,88.16062204486425,0.002,25.0,1.0,0.0100039466249155,0.0,278.47514255945924,88.16062204486425,0.002,25.0,0.51,0.1044117647058822,0.0180147058823528,0.2454198473282441,0.0,0.1072909422037571,0.0194257150451731,0.2532833427510697,0.0,0.0,0.0,0.0,0.0,0.0,0.0,0.0,0.0,0.0,0.0,0.0,0.0,0.0,2022-07-13_23-11-10,66,4217335.97518334,SF,2.04,"2022-07-14 02:47:41,971","2022-07-14 02:47:43,019","2022-07-14 03:22:10,042","2022-07-14 03:34:39,839","2022-07-14 03:44:52,639","2022-07-14 03:50:33,061","2022-07-14 03:51:14,007","2022-07-14 02:57:53,002","2022-07-14 03:34:14,343","2022-07-14 03:43:12,250","2022-07-14 03:50:30,993","2022-07-14 03:51:12,904","2022-07-14 03:52:05,210","2022-07-14 03:56:02,962"
130,0.0100800088190982,0.0,273.4780979387719,88.16062204486425,0.002,25.0,1.0,0.0100039466249155,0.0,278.47514255945924,88.16062204486425,0.002,25.0,0.51,0.1057598039215687,0.0225490196078433,0.2535623409669217,0.0,0.1072909422037571,0.0194257150451731,0.2532833427510697,0.0,0.0,0.0,0.0,0.0,0.0,0.0,0.0,0.0,0.0,0.0,0.0,0.0,0.0,2022-07-13_23-11-10,66,4217335.97518334,SF,2.04,"2022-07-14 03:04:25,978","2022-07-14 03:04:27,022","2022-07-14 03:36:03,039","2022-07-14 03:48:32,832","2022-07-14 03:58:48,474","2022-07-14 04:04:26,023","2022-07-14 04:05:06,891","2022-07-14 03:14:42,761","2022-07-14 03:48:07,005","2022-07-14 03:57:08,241","2022-07-14 04:04:23,959","2022-07-14 04:05:05,841","2022-07-14 04:05:58,229","2022-07-14 04:13:01,464"
131,0.0196815442003353,0.2984978601174965,258.05669283089503,93.29153090829892,0.0026155014347254,10.0,6.0,0.02,0.2918789650403353,259.8588355165766,93.29153090829892,0.0026155014347254,10.0,5.781418122359288,0.2099264705882353,0.0398284313725492,0.017302798982188,0.113636363636364,0.2144972303961344,0.0388361029371988,0.0157526599513392,0.1109140067153274,1.248814968442448,0.0566061017385776,1.0,70.2260846491416,1.131825894841182,0.2755330400419141,0.0139634856308771,3.636990712361181,0.1892200977288048,3924640.534440121,214995.4008583104,2.55434105140858e-07,1.447168449377897e-08,2022-07-13_23-11-10,67,4217335.97518334,2.00E-01,30.242614787556295,"2022-07-14 03:23:37,036","2022-07-14 03:23:38,099","2022-07-14 03:51:17,292","2022-07-14 04:05:30,058","2022-07-14 04:15:44,406","2022-07-14 04:21:26,085","2022-07-14 04:22:07,127","2022-07-14 03:32:18,652","2022-07-14 04:05:04,064","2022-07-14 04:14:05,668","2022-07-14 04:21:24,034","2022-07-14 04:22:06,076","2022-07-14 04:22:58,495","2022-07-14 04:26:24,222"
132,0.0169847708096525,0.3754995418109209,259.1062801433588,93.29153090829892,0.0026155014347254,10.0,6.0,0.02,0.2918789650403353,259.8588355165766,93.29153090829892,0.0026155014347254,10.0,5.781418122359288,0.1270833333333332,0.0383578431372553,0.0170483460559794,0.1097272727272729,0.2144972303961344,0.0388361029371988,0.0157526599513392,0.1109140067153274,0.4956197234516507,0.0355670619823035,1.0,46.88952754092039,1.7505928380482427,0.1093513551312461,0.0087736152758943,9.192807241686506,0.7485311067418466,2329409.737132482,109587.7892456328,4.300631875933618e-07,2.0462104933900724e-08,2022-07-13_23-11-10,67,4217335.97518334,2.00E-01,30.242614787556295,"2022-07-14 03:41:26,415","2022-07-14 03:41:27,456","2022-07-14 04:10:02,655","2022-07-14 04:24:33,213","2022-07-14 04:34:35,240","2022-07-14 04:40:22,029","2022-07-14 04:41:03,180","2022-07-14 03:49:54,667","2022-07-14 04:23:32,226","2022-07-14 04:32:58,175","2022-07-14 04:40:19,974","2022-07-14 04:41:02,122","2022-07-14 04:41:53,867","2022-07-14 04:45:29,447"
133,0.0199911271990075,0.1876115044764834,258.75437126929774,100.0,0.002,10.0,2.0,0.02,0.1884284682156095,265.871192809614,100.0,0.002,10.0,1.6187595326397712,0.211764705882353,0.0384803921568628,0.0548346055979648,0.0704545454545451,0.2144972303961344,0.0388361029371988,0.055063848744735,0.0716028179219316,1.1371033548605889,0.0504238413926343,1.0,66.18496617640757,2.0476875391262395,0.2508854811352595,0.012438457394423,3.9939012534256704,0.2023970541051625,3789195.038851588,89312.62531522872,2.640266308608059e-07,6.2766848341011355e-09,2022-07-13_23-11-10,68,4217335.97518334,2.00E+01,6.475038130559086,"2022-07-14 03:57:40,623","2022-07-14 03:57:41,689","2022-07-14 04:27:39,053","2022-07-14 04:38:43,670","2022-07-14 04:48:54,176","2022-07-14 04:54:36,871","2022-07-14 04:55:18,186","2022-07-14 04:08:22,904","2022-07-14 04:38:18,136","2022-07-14 04:47:13,660","2022-07-14 04:54:34,796","2022-07-14 04:55:17,102","2022-07-14 04:56:09,523","2022-07-14 05:00:33,731"
134,0.0193254636958628,0.20205751010089,256.69261435003244,100.0,0.002,10.0,2.0,0.02,0.1884284682156095,265.871192809614,100.0,0.002,10.0,1.6187595326397712,0.1943627450980385,0.0375000000000007,0.0553435114503815,0.0727272727272723,0.2144972303961344,0.0388361029371988,0.055063848744735,0.0716028179219316,0.986636581051781,0.0247438945385597,1.0,59.37926289742052,0.3195928635370363,0.21768715419292,0.0061037768938193,4.596562447692222,0.1254779178591674,3666112.247850002,103718.57544711452,2.7293920823736377e-07,7.543054576874079e-09,2022-07-13_23-11-10,68,4217335.97518334,2.00E+01,6.475038130559086,"2022-07-14 04:13:40,343","2022-07-14 04:13:41,383","2022-07-14 04:40:47,277","2022-07-14 04:51:56,133","2022-07-14 05:02:03,906","2022-07-14 05:07:55,651","2022-07-14 05:08:36,650","2022-07-14 04:24:50,867","2022-07-14 04:51:30,176","2022-07-14 05:00:23,781","2022-07-14 05:07:53,554","2022-07-14 05:08:35,577","2022-07-14 05:09:28,097","2022-07-14 05:15:49,943"
135,0.0158699253183926,0.3316172572925926,292.2877577476916,65.0,0.002,10.0,1.0,0.01,0.202595781880668,300.0,65.0,0.002,10.0,0.51,0.1093137254901965,0.0196078431372549,0.0339694656488549,0.080818181818182,0.1072486151980672,0.0194180514685994,0.1763469362186795,0.0769863971146538,0.0018640966638944,0.0030208267623326,0.4,22.75498382466364,0.2609169384253463,0.0010282152154522,0.0009759366011309,1769.7323570817546,1679.7520164318312,45435.25109454953,43409.893645913726,4.0489369036099766e-05,3.868448311179448e-05,2022-07-13_23-11-10,69,4217335.97518334,4.00E+02,2.04,"2022-07-14 04:29:06,852","2022-07-14 04:29:07,894","2022-07-14 05:02:09,528","2022-07-14 05:19:27,629","2022-07-14 05:29:23,175","2022-07-14 05:35:15,887","2022-07-14 05:35:56,459","2022-07-14 04:39:24,329","2022-07-14 05:19:00,878","2022-07-14 05:27:50,463","2022-07-14 05:35:13,835","2022-07-14 05:35:55,406","2022-07-14 05:36:47,509","2022-07-14 05:39:36,812"
136,0.0098374524261437,0.2043328300295757,292.59407434666224,65.0,0.002,10.0,1.0,0.01,0.202595781880668,300.0,65.0,0.002,10.0,0.51,0.1041666666666666,0.0183823529411766,0.1748091603053434,0.0763636363636364,0.1072486151980672,0.0194180514685994,0.1763469362186795,0.0769863971146538,0.0063676628722461,0.0115521356366505,0.4,21.78025644871025,0.2447539422396903,0.0035123327984694,0.0042045742588423,1004.3100779403052,1202.2483471508797,162357.14988758063,194869.6894971341,2.2021258562822203e-05,2.643108616679113e-05,2022-07-13_23-11-10,69,4217335.97518334,4.00E+02,2.04,"2022-07-14 04:46:06,553","2022-07-14 04:46:07,599","2022-07-14 05:29:29,316","2022-07-14 05:46:17,083","2022-07-14 05:58:43,303","2022-07-14 06:04:39,494","2022-07-14 06:05:20,151","2022-07-14 04:59:00,881","2022-07-14 05:45:51,493","2022-07-14 05:54:50,660","2022-07-14 06:04:37,443","2022-07-14 06:05:19,095","2022-07-14 06:06:11,346","2022-07-14 06:08:56,803"
137,0.0195278344213689,0.3103994691789888,292.89754263363466,72.56106133376107,0.0020759933061404,22.42880702967729,1.0,0.0199994768789773,0.3,300.0,72.56106133376107,0.0020759933061404,22.42880702967729,0.51,0.2098039215686272,0.0386029411764704,0.0147582697201018,0.1184545454545455,0.2144916199956082,0.0388350871381045,0.0126732928662871,0.1139999999999999,0.0,0.0,0.0,0.0,0.0,0.0,0.0,0.0,0.0,0.0,0.0,0.0,0.0,2022-07-13_23-11-10,70,4217335.97518334,SF,2.117513172263208,"2022-07-14 05:03:37,159","2022-07-14 05:03:38,198","2022-07-14 05:55:12,742","2022-07-14 06:11:23,566","2022-07-14 06:21:27,962","2022-07-14 06:27:21,947","2022-07-14 06:28:02,691","2022-07-14 05:14:18,609","2022-07-14 06:10:57,186","2022-07-14 06:19:54,718","2022-07-14 06:27:19,870","2022-07-14 06:28:01,612","2022-07-14 06:28:54,036","2022-07-14 06:31:45,224"
138,0.0198328680355198,0.3070947264180039,291.9698696011011,72.56106133376107,0.0020759933061404,22.42880702967729,1.0,0.0199994768789773,0.3,300.0,72.56106133376107,0.0020759933061404,22.42880702967729,0.51,0.2072303921568625,0.0360294117647062,0.0117048346055978,0.1129999999999998,0.2144916199956082,0.0388350871381045,0.0126732928662871,0.1139999999999999,0.0,0.0,0.0,0.0,0.0,0.0,0.0,0.0,0.0,0.0,0.0,0.0,0.0,2022-07-13_23-11-10,70,4217335.97518334,SF,2.117513172263208,"2022-07-14 05:16:27,887","2022-07-14 05:16:28,927","2022-07-14 06:21:43,061","2022-07-14 06:37:33,270","2022-07-14 06:48:58,781","2022-07-14 06:54:51,614","2022-07-14 06:55:32,333","2022-07-14 05:27:56,715","2022-07-14 06:37:06,437","2022-07-14 06:46:03,776","2022-07-14 06:54:49,542","2022-07-14 06:55:31,271","2022-07-14 06:56:23,566","2022-07-14 06:59:07,996"
139,0.0198002823457153,0.2590723207458914,256.55066708347454,95.82422535414396,0.0020139786968897,10.0,5.0,0.02,0.2502273474112781,262.466984522469,95.82422535414396,0.0020139786968897,10.0,4.833479347744674,0.2049019607843145,0.0368872549019608,0.0296437659033071,0.0949090909090909,0.2144972303961344,0.0388361029371988,0.031580274650381,0.0950863920162856,0.9956144074978336,0.053792684907451,1.0,69.50361084033193,1.8317156113806847,0.2196679823189111,0.0132694773121885,4.56598921811152,0.2827957442867941,3158451.971526232,116289.6797104907,3.169594994909667e-07,1.1838725146110349e-08,2022-07-13_23-11-10,71,4217335.97518334,2.00E-01,19.46904887642819,"2022-07-14 05:41:06,146","2022-07-14 05:41:07,194","2022-07-14 06:45:28,908","2022-07-14 06:58:54,685","2022-07-14 07:09:03,679","2022-07-14 07:14:49,305","2022-07-14 07:15:30,386","2022-07-14 05:53:47,823","2022-07-14 06:58:28,367","2022-07-14 07:07:26,151","2022-07-14 07:14:47,238","2022-07-14 07:15:29,325","2022-07-14 07:16:21,381","2022-07-14 07:20:03,043"
140,0.0145380771523355,0.3914888086470816,263.1524485093583,95.82422535414396,0.0020139786968897,10.0,5.0,0.02,0.2502273474112781,262.466984522469,95.82422535414396,0.0020139786968897,10.0,4.833479347744674,0.0980392156862745,0.0258578431372555,0.0316793893129767,0.1000909090909087,0.2144972303961344,0.0388361029371988,0.031580274650381,0.0950863920162856,0.180347085780386,0.0399935303085068,1.0,36.501823608492586,1.4906051750395548,0.0397909875069371,0.00986552807275,26.299611260698818,5.990049138206571,1083166.1456550718,222296.7755770051,9.5332862030789e-07,1.859045496403133e-07,2022-07-13_23-11-10,71,4217335.97518334,2.00E-01,19.46904887642819,"2022-07-14 06:09:33,838","2022-07-14 06:09:34,877","2022-07-14 07:00:23,077","2022-07-14 07:13:51,490","2022-07-14 07:24:01,378","2022-07-14 07:29:59,894","2022-07-14 07:30:40,713","2022-07-14 06:20:21,541","2022-07-14 07:13:25,387","2022-07-14 07:22:20,625","2022-07-14 07:29:57,824","2022-07-14 07:30:39,644","2022-07-14 07:31:32,041","2022-07-14 07:36:06,886"
141,0.0193732442343747,0.1765439012680561,277.29997058362204,79.02606815555394,0.0029174047234948,10.0,1.0,0.02,0.1670027545232263,273.0504007022315,79.02606815555394,0.0029174047234948,10.0,0.51,0.1930147058823526,0.0414215686274513,0.0645038167938936,0.0640909090909091,0.2144972303961344,0.0388361029371988,0.0632056199478406,0.063461046718826,0.5909109565251217,0.0051999789344716,1.0,45.87194154919017,0.739290190443795,0.1303759935296976,0.0012827209241097,7.670713670480957,0.0749565437786328,2843009.133811898,68307.49855209516,3.519003322217781e-07,8.343376712762029e-09,2022-07-13_23-11-10,72,4217335.97518334,2.00E+01,2.975752817964696,"2022-07-14 06:33:09,449","2022-07-14 06:33:10,496","2022-07-14 07:15:17,850","2022-07-14 07:25:04,532","2022-07-14 07:36:37,882","2022-07-14 07:42:23,006","2022-07-14 07:43:03,832","2022-07-14 06:44:05,065","2022-07-14 07:24:37,851","2022-07-14 07:33:27,802","2022-07-14 07:42:20,931","2022-07-14 07:43:02,775","2022-07-14 07:43:55,107","2022-07-14 07:49:21,401"
142,0.0193672401122834,0.1789999465354938,270.7911236927642,79.02606815555394,0.0029174047234948,10.0,1.0,0.02,0.1670027545232263,273.0504007022315,79.02606815555394,0.0029174047234948,10.0,0.51,0.200490196078431,0.0368872549019613,0.064503816793893,0.0658181818181822,0.2144972303961344,0.0388361029371988,0.0632056199478406,0.063461046718826,0.6815459709374287,0.0298350055315852,1.0,53.46738625489188,0.8587432526920906,0.1503733043294012,0.0073596424809714,6.663596052806104,0.3444087989422252,2811447.04832342,101762.52504889478,3.56079894355603e-07,1.3509925682836116e-08,2022-07-13_23-11-10,72,4217335.97518334,2.00E+01,2.975752817964696,"2022-07-14 07:01:49,731","2022-07-14 07:01:50,769","2022-07-14 07:33:06,378","2022-07-14 07:42:49,694","2022-07-14 07:54:05,809","2022-07-14 07:59:49,859","2022-07-14 08:00:30,587","2022-07-14 07:13:53,729","2022-07-14 07:42:24,001","2022-07-14 07:51:17,013","2022-07-14 07:59:47,757","2022-07-14 08:00:29,543","2022-07-14 08:01:21,819","2022-07-14 08:04:06,963"
143,0.0192777300523059,0.0,289.43955666941764,65.0,0.002,10.0,10.0,0.02,0.0,300.0,65.0,0.002,10.0,10.49,0.1996323529411765,0.0368872549019602,0.1315521628498729,0.0,0.2144972303961344,0.0388361029371988,0.1266666666666667,0.0,0.0,0.0,0.0,0.0,0.0,0.0,0.0,0.0,0.0,0.0,0.0,0.0,0.0,2022-07-13_23-11-10,73,4217335.97518334,4.00E+02,41.96000000000001,"2022-07-14 07:21:19,035","2022-07-14 07:21:20,074","2022-07-14 07:50:33,363","2022-07-14 08:13:41,888","2022-07-14 08:23:41,745","2022-07-14 08:29:21,608","2022-07-14 08:30:02,193","2022-07-14 07:30:44,055","2022-07-14 08:13:16,179","2022-07-14 08:22:04,810","2022-07-14 08:29:19,545","2022-07-14 08:30:01,142","2022-07-14 08:30:53,324","2022-07-14 08:33:38,334"
144,0.0209976736315597,0.0,289.2572435327343,65.0,0.002,10.0,10.0,0.02,0.0,300.0,65.0,0.002,10.0,10.49,0.2082107843137257,0.0375000000000002,0.1053435114503819,0.0,0.2144972303961344,0.0388361029371988,0.1266666666666667,0.0,0.0,0.0,0.0,0.0,0.0,0.0,0.0,0.0,0.0,0.0,0.0,0.0,0.0,2022-07-13_23-11-10,73,4217335.97518334,4.00E+02,41.96000000000001,"2022-07-14 07:36:26,051","2022-07-14 07:36:27,079","2022-07-14 08:15:05,393","2022-07-14 08:37:39,053","2022-07-14 08:49:31,718","2022-07-14 08:55:12,521","2022-07-14 08:55:53,373","2022-07-14 07:47:48,280","2022-07-14 08:37:12,610","2022-07-14 08:46:08,859","2022-07-14 08:55:10,446","2022-07-14 08:55:52,272","2022-07-14 08:56:44,207","2022-07-14 09:00:39,826"
145,0.0158430163623428,0.0,256.5188391560072,85.29731334340406,0.008,25.0,1.0,0.02,0.0,256.7153233067814,85.29731334340406,0.008,25.0,0.51,0.1037990196078434,0.0378676470588234,0.1265903307888045,0.0,0.2144972303961344,0.0388361029371988,0.1266666666666667,0.0,0.0,0.0,0.0,0.0,0.0,0.0,0.0,0.0,0.0,0.0,0.0,0.0,0.0,2022-07-13_23-11-10,74,4217335.97518334,SF,8.16,"2022-07-14 07:52:00,147","2022-07-14 07:52:01,195","2022-07-14 08:46:01,945","2022-07-14 08:54:35,068","2022-07-14 09:04:49,802","2022-07-14 09:10:29,530","2022-07-14 09:11:10,272","2022-07-14 08:01:06,464","2022-07-14 08:54:09,636","2022-07-14 09:03:08,950","2022-07-14 09:10:27,445","2022-07-14 09:11:09,218","2022-07-14 09:12:01,509","2022-07-14 09:17:02,484"
146,0.019156604673919,0.0,264.34973694064496,85.29731334340406,0.008,25.0,1.0,0.02,0.0,256.7153233067814,85.29731334340406,0.008,25.0,0.51,0.0622549019607845,0.0366421568627456,0.0559796437659027,0.0,0.2144972303961344,0.0388361029371988,0.1266666666666667,0.0,0.0,0.0,0.0,0.0,0.0,0.0,0.0,0.0,0.0,0.0,0.0,0.0,0.0,2022-07-13_23-11-10,74,4217335.97518334,SF,8.16,"2022-07-14 08:04:43,490","2022-07-14 08:04:44,531","2022-07-14 08:55:55,817","2022-07-14 09:04:58,536","2022-07-14 09:17:08,529","2022-07-14 09:22:56,969","2022-07-14 09:23:37,695","2022-07-14 08:13:38,455","2022-07-14 09:04:11,012","2022-07-14 09:13:19,857","2022-07-14 09:22:54,910","2022-07-14 09:23:36,655","2022-07-14 09:24:28,768","2022-07-14 09:33:26,179"
147,0.0198968923332262,0.2911760425878452,257.79070061137696,100.0,0.0031826021491762,10.0,6.0,0.0198831529964191,0.3,259.16317508707425,100.0,0.0031826021491762,10.0,6.133538371002071,0.1955882352941179,0.0412990196078426,0.0162849872773535,0.1040000000000002,0.2132440624637255,0.0386092088242503,0.014146728712024,0.1139999999999999,0.9310885569584398,0.008878794569091,1.0,60.10867572021309,0.808149376344503,0.2054312825597916,0.0021902041754717,4.86825147424595,0.0520205266349691,3418293.8069437467,67436.87767976265,2.9263591551870853e-07,5.849440941365932e-09,2022-07-13_23-11-10,75,4217335.97518334,2.00E-01,39.04122480321177,"2022-07-14 08:35:18,463","2022-07-14 08:35:19,518","2022-07-14 09:12:19,819","2022-07-14 09:26:04,306","2022-07-14 09:36:10,400","2022-07-14 09:42:03,095","2022-07-14 09:42:44,391","2022-07-14 08:44:38,114","2022-07-14 09:25:15,445","2022-07-14 09:34:31,744","2022-07-14 09:42:01,014","2022-07-14 09:42:43,281","2022-07-14 09:43:35,479","2022-07-14 09:46:21,184"
148,0.0187082256151719,0.3299971716229441,260.823131710232,100.0,0.0031826021491762,10.0,6.0,0.0198831529964191,0.3,259.16317508707425,100.0,0.0031826021491762,10.0,6.133538371002071,0.1845588235294115,0.0394607843137249,0.0166666666666662,0.1185454545454548,0.2132440624637255,0.0386092088242503,0.014146728712024,0.1139999999999999,0.9956341360100088,0.0394347900111771,1.0,61.18169218834804,1.8921822699087656,0.219672335131035,0.009727699077756,4.5592009080831,0.1967026529624196,3590101.9131208016,94859.63044382868,2.786998188354618e-07,7.39158263568612e-09,2022-07-13_23-11-10,75,4217335.97518334,2.00E-01,39.04122480321177,"2022-07-14 09:01:18,409","2022-07-14 09:01:19,467","2022-07-14 09:30:29,870","2022-07-14 09:45:11,204","2022-07-14 09:55:17,745","2022-07-14 10:01:02,167","2022-07-14 10:01:43,225","2022-07-14 09:10:56,064","2022-07-14 09:43:44,233","2022-07-14 09:53:39,133","2022-07-14 10:01:00,103","2022-07-14 10:01:42,172","2022-07-14 10:02:34,497","2022-07-14 10:05:18,764"
149,0.0197106942356299,0.2462688137598533,258.86128441735065,65.0,0.0035237033041286,10.0,10.0,0.02,0.2394102452692212,263.5706085958663,65.0,0.0035237033041286,10.0,10.49,0.2030637254901957,0.0406862745098038,0.0358778625954198,0.0913636363636365,0.2144972303961344,0.0388361029371988,0.0356907734643626,0.090975893202304,0.8026579396971274,0.0243863434384147,1.0,55.70705506220183,1.3093233403709217,0.1770949162423665,0.0060155768677473,5.651842089698168,0.1896619579118748,3179381.398946467,92650.89443939208,3.147433871061023e-07,9.301406171350128e-09,2022-07-13_23-11-10,76,4217335.97518334,2.00E+01,73.92729532061803,"2022-07-14 09:19:14,747","2022-07-14 09:19:15,805","2022-07-14 09:47:36,533","2022-07-14 10:04:24,715","2022-07-14 10:14:33,337","2022-07-14 10:20:17,093","2022-07-14 10:20:58,111","2022-07-14 09:29:06,097","2022-07-14 10:03:58,960","2022-07-14 10:12:54,970","2022-07-14 10:20:15,040","2022-07-14 10:20:57,044","2022-07-14 10:21:49,295","2022-07-14 10:24:34,000"
150,0.0198626707985308,0.2400132547898421,259.2508517070252,65.0,0.0035237033041286,10.0,10.0,0.02,0.2394102452692212,263.5706085958663,65.0,0.0035237033041286,10.0,10.49,0.2036764705882351,0.0398284313725487,0.0360050890585244,0.088272727272727,0.2144972303961344,0.0388361029371988,0.0356907734643626,0.090975893202304,0.6042914301885353,0.0445838588566167,1.0,50.0360846580684,0.9832871790395804,0.1333282023667516,0.0109978615978275,7.540724675141324,0.6136452106875168,2663069.1589041394,187454.5216455951,3.769705605711727e-07,2.6047212906654617e-08,2022-07-13_23-11-10,76,4217335.97518334,2.00E+01,73.92729532061803,"2022-07-14 09:34:06,397","2022-07-14 09:34:07,444","2022-07-14 10:06:32,362","2022-07-14 10:23:25,024","2022-07-14 10:33:31,968","2022-07-14 10:39:20,560","2022-07-14 10:40:01,070","2022-07-14 09:44:32,945","2022-07-14 10:23:01,272","2022-07-14 10:31:53,367","2022-07-14 10:39:18,492","2022-07-14 10:40:00,022","2022-07-14 10:40:52,223","2022-07-14 10:43:37,473"
151,0.0190691029609877,0.3248463076073259,220.3270092251048,100.0,0.008,25.0,10.0,0.02,0.3,220.0,100.0,0.008,25.0,10.49,0.1899509803921566,0.0412990196078432,0.0143765903307891,0.118181818181818,0.2144972303961344,0.0388361029371988,0.0126666666666667,0.1139999999999999,0.0114799842408505,0.0126364948880937,1.0,16.310190908246902,1.548308059757891,0.002532893212723,0.0031171465509043,2020.303890112664,2949.9845951168345,143012.47018702893,165074.72548423248,3.0273854252737263e-05,4.269678447087363e-05,2022-07-13_23-11-10,77,4217335.97518334,4.00E+02,167.84000000000003,"2022-07-14 09:49:04,356","2022-07-14 09:49:05,397","2022-07-14 10:25:48,064","2022-07-14 10:42:26,473","2022-07-14 10:52:41,156","2022-07-14 10:58:35,673","2022-07-14 10:59:16,201","2022-07-14 09:59:42,912","2022-07-14 10:41:01,471","2022-07-14 10:51:02,912","2022-07-14 10:58:33,604","2022-07-14 10:59:15,132","2022-07-14 11:00:07,367","2022-07-14 11:02:50,696"
152,0.019633851990343,0.305966417550209,219.95673387924413,100.0,0.008,25.0,10.0,0.02,0.3,220.0,100.0,0.008,25.0,10.49,0.1915441176470587,0.0314950980392157,0.0134860050890587,0.1042727272727273,0.2144972303961344,0.0388361029371988,0.0126666666666667,0.1139999999999999,0.0842487257822841,0.0649536221888048,1.0,20.10052525209243,2.843133354760283,0.0185882681750704,0.0160226361160758,109.95056223442744,92.35830793911504,856126.8230611772,639244.5952729679,2.040305947217049e-06,1.581933287747308e-06,2022-07-13_23-11-10,77,4217335.97518334,4.00E+02,167.84000000000003,"2022-07-14 10:07:59,647","2022-07-14 10:08:00,681","2022-07-14 10:44:47,665","2022-07-14 11:01:41,040","2022-07-14 11:11:41,805","2022-07-14 11:17:28,925","2022-07-14 11:18:09,312","2022-07-14 10:17:42,455","2022-07-14 11:00:29,342","2022-07-14 11:09:59,218","2022-07-14 11:17:26,871","2022-07-14 11:18:08,260","2022-07-14 11:19:00,425","2022-07-14 11:23:30,534"
153,0.0116301682590682,0.0,262.3639940949055,65.0,0.0060018471871092,25.0,1.0,0.0113396248100504,0.0,261.99256656885666,65.0,0.0060018471871092,25.0,0.51,0.1166666666666663,0.0205882352941175,0.2167938931297714,0.0,0.121615905774356,0.0220193418196167,0.2363647524060272,0.0,0.0,0.0,0.0,0.0,0.0,0.0,0.0,0.0,0.0,0.0,0.0,0.0,0.0,2022-07-13_23-11-10,78,4217335.97518334,SF,6.1218841308513845,"2022-07-14 10:27:15,902","2022-07-14 10:27:16,941","2022-07-14 11:04:04,349","2022-07-14 11:12:49,577","2022-07-14 11:24:05,839","2022-07-14 11:29:45,965","2022-07-14 11:30:27,218","2022-07-14 10:38:30,608","2022-07-14 11:12:23,836","2022-07-14 11:21:12,421","2022-07-14 11:29:43,867","2022-07-14 11:30:26,116","2022-07-14 11:31:18,640","2022-07-14 11:40:47,203"
154,0.0090470127493164,0.0,255.75248718569745,65.0,0.0060018471871092,25.0,1.0,0.0113396248100504,0.0,261.99256656885666,65.0,0.0060018471871092,25.0,0.51,0.0779411764705878,0.0213235294117639,0.2298982188295164,0.0,0.121615905774356,0.0220193418196167,0.2363647524060272,0.0,0.0,0.0,0.0,0.0,0.0,0.0,0.0,0.0,0.0,0.0,0.0,0.0,0.0,2022-07-13_23-11-10,78,4217335.97518334,SF,6.1218841308513845,"2022-07-14 10:46:14,900","2022-07-14 10:46:15,941","2022-07-14 11:20:34,780","2022-07-14 11:29:15,629","2022-07-14 11:41:19,937","2022-07-14 11:47:06,158","2022-07-14 11:47:46,961","2022-07-14 10:57:27,714","2022-07-14 11:28:49,788","2022-07-14 11:37:46,585","2022-07-14 11:47:04,021","2022-07-14 11:47:45,915","2022-07-14 11:48:38,261","2022-07-14 11:55:28,245"
155,0.0162354330446529,0.2743632431191425,263.63855660330233,96.93354601071898,0.002,10.0,4.0,0.02,0.1987556093144534,269.6910540434735,96.93354601071898,0.002,10.0,3.605672785251039,0.1088235294117641,0.0374999999999996,0.0498727735368952,0.074181818181818,0.2144972303961344,0.0388361029371988,0.0511395351271744,0.0755271315394923,0.2045373016744575,0.0476277441637615,1.0,37.02371909546662,1.6677668262514365,0.0451282103085478,0.0117487214423129,23.46072798958412,6.383763817801285,1209688.4272661204,265707.1942450169,8.601512500606203e-07,1.9331426432526257e-07,2022-07-13_23-11-10,79,4217335.97518334,2.00E-01,14.422691141004156,"2022-07-14 11:05:31,757","2022-07-14 11:05:32,824","2022-07-14 11:37:50,481","2022-07-14 11:55:17,043","2022-07-14 12:05:18,242","2022-07-14 12:11:06,451","2022-07-14 12:11:47,368","2022-07-14 11:19:10,094","2022-07-14 11:54:50,872","2022-07-14 12:03:40,595","2022-07-14 12:11:04,391","2022-07-14 12:11:46,313","2022-07-14 12:12:38,473","2022-07-14 12:15:25,199"
156,0.016988191580432,0.2580215355873047,263.60622656466705,96.93354601071898,0.002,10.0,4.0,0.02,0.1987556093144534,269.6910540434735,96.93354601071898,0.002,10.0,3.605672785251039,0.1270833333333332,0.0365196078431375,0.0507633587786262,0.0745454545454548,0.2144972303961344,0.0388361029371988,0.0511395351271744,0.0755271315394923,0.4578269873780284,0.0329120250233117,1.0,46.99336784428829,1.6963009533658793,0.1010129321262317,0.0081186758031578,9.951697077097784,0.8098251784847901,2146910.9427203904,100219.96540247448,4.665967192968521e-07,2.173080892154159e-08,2022-07-13_23-11-10,79,4217335.97518334,2.00E-01,14.422691141004156,"2022-07-14 11:23:54,067","2022-07-14 11:23:55,114","2022-07-14 11:56:42,854","2022-07-14 12:14:13,047","2022-07-14 12:24:23,478","2022-07-14 12:30:11,454","2022-07-14 12:30:52,283","2022-07-14 11:36:28,420","2022-07-14 12:13:47,488","2022-07-14 12:22:44,792","2022-07-14 12:30:09,396","2022-07-14 12:30:51,230","2022-07-14 12:31:43,511","2022-07-14 12:34:30,345"
157,0.0187789024702604,0.1978237027902875,269.6583320988416,100.0,0.002,10.0,6.0,0.02,0.1786403564835167,277.7850721832845,100.0,0.002,10.0,5.834356626770285,0.1736519607843133,0.0392156862745093,0.0599236641221373,0.0672727272727271,0.2144972303961344,0.0388361029371988,0.0587833312029303,0.0678833354637363,0.7257613790613193,0.0133969001061294,1.0,62.6487630152541,0.578658481969014,0.1601287974368102,0.0033047218653947,6.247102457837133,0.1289960451342788,2556228.944680717,62156.3380283471,3.913844611733982e-07,9.41879797460439e-09,2022-07-13_23-11-10,80,4217335.97518334,2.00E+01,23.33742650708114,"2022-07-14 11:42:53,417","2022-07-14 11:42:54,475","2022-07-14 12:16:41,599","2022-07-14 12:33:24,339","2022-07-14 12:43:34,250","2022-07-14 12:49:16,505","2022-07-14 12:49:57,512","2022-07-14 11:53:56,385","2022-07-14 12:32:58,370","2022-07-14 12:41:56,357","2022-07-14 12:49:14,447","2022-07-14 12:49:56,460","2022-07-14 12:50:48,709","2022-07-14 12:53:34,487"
158,0.0198397199822146,0.1855163886941681,271.1792218279349,100.0,0.002,10.0,6.0,0.02,0.1786403564835167,277.7850721832845,100.0,0.002,10.0,5.834356626770285,0.2018382352941174,0.0360294117647057,0.0550890585241734,0.0667272727272726,0.2144972303961344,0.0388361029371988,0.0587833312029303,0.0678833354637363,1.0415376521950312,0.0496245984825848,1.0,71.09713499264433,2.058182839101406,0.2298002849736344,0.0122413016718545,4.361914263893581,0.2420296981213002,3230598.6995576653,92788.76712201069,3.097484072626529e-07,9.066135675150138e-09,2022-07-13_23-11-10,80,4217335.97518334,2.00E+01,23.33742650708114,"2022-07-14 11:58:09,820","2022-07-14 11:58:10,862","2022-07-14 12:35:42,397","2022-07-14 12:52:22,292","2022-07-14 13:02:22,109","2022-07-14 13:08:10,870","2022-07-14 13:08:51,547","2022-07-14 12:08:38,636","2022-07-14 12:51:54,860","2022-07-14 13:00:45,419","2022-07-14 13:08:08,799","2022-07-14 13:08:50,488","2022-07-14 13:09:42,602","2022-07-14 13:12:26,193"
159,0.0098728663612096,0.2997011809197104,222.22844492924045,65.0,0.008,10.0,10.0,0.01,0.3,220.0,65.0,0.008,10.0,10.49,0.1042892156862747,0.018995098039216,0.1390585241730282,0.1122727272727272,0.1072486151980672,0.0194180514685994,0.1393333333333333,0.1139999999999999,0.0428471800028483,0.0167929559258711,1.0,20.66797332497785,0.5692033937943919,0.0076244183917777,0.0007573280898292,132.17526990124566,13.69104656796569,369648.022888753,43757.635273650616,2.7363130199068045e-06,3.503556109929259e-07,2022-07-13_23-11-10,81,4217335.97518334,4.00E+02,167.84000000000003,"2022-07-14 12:18:08,554","2022-07-14 12:18:09,593","2022-07-14 12:54:50,291","2022-07-14 13:11:16,337","2022-07-14 13:21:20,910","2022-07-14 13:27:08,891","2022-07-14 13:27:49,618","2022-07-14 12:28:33,876","2022-07-14 13:10:26,829","2022-07-14 13:19:44,125","2022-07-14 13:27:06,828","2022-07-14 13:27:48,566","2022-07-14 13:28:40,760","2022-07-14 13:31:26,982"
160,0.0097936434584049,0.3096006874885629,223.781178834072,65.0,0.008,10.0,10.0,0.01,0.3,220.0,65.0,0.008,10.0,10.49,0.1042892156862747,0.0185049019607841,0.136895674300254,0.1164545454545453,0.1072486151980672,0.0194180514685994,0.1393333333333333,0.1139999999999999,0.0693694041634192,0.0318611527449729,1.0,23.68317898920217,0.5451250156394765,0.0153053601198278,0.0078594486260906,75.83082170586786,26.53290630894618,647003.2196671747,336578.92944184743,1.7945818227678149e-06,6.181096995854764e-07,2022-07-13_23-11-10,81,4217335.97518334,4.00E+02,167.84000000000003,"2022-07-14 12:37:09,853","2022-07-14 12:37:10,896","2022-07-14 13:13:42,435","2022-07-14 13:30:20,486","2022-07-14 13:40:30,502","2022-07-14 13:46:20,640","2022-07-14 13:47:01,335","2022-07-14 12:49:53,628","2022-07-14 13:29:54,688","2022-07-14 13:38:53,443","2022-07-14 13:46:18,545","2022-07-14 13:47:00,282","2022-07-14 13:47:52,514","2022-07-14 13:52:38,661"
161,0.0110842284853191,0.0,293.61810305165955,100.0,0.008,25.0,1.0,0.01,0.0,300.0,100.0,0.008,25.0,0.51,0.1011029411764706,0.0186274509803922,0.2043256997455466,0.0,0.1072486151980672,0.0194180514685994,0.2533333333333333,0.0,0.0,0.0,0.0,0.0,0.0,0.0,0.0,0.0,0.0,0.0,0.0,0.0,0.0,2022-07-13_23-11-10,82,4217335.97518334,SF,8.16,"2022-07-14 12:56:17,204","2022-07-14 12:56:18,262","2022-07-14 13:32:38,357","2022-07-14 13:46:28,355","2022-07-14 13:56:34,734","2022-07-14 14:02:13,510","2022-07-14 14:02:53,823","2022-07-14 13:03:15,311","2022-07-14 13:46:02,729","2022-07-14 13:54:55,769","2022-07-14 14:02:11,432","2022-07-14 14:02:52,771","2022-07-14 14:03:44,796","2022-07-14 14:06:31,994"
162,0.009645085975624,0.0,294.6174400720621,100.0,0.008,25.0,1.0,0.01,0.0,300.0,100.0,0.008,25.0,0.51,0.096813725490196,0.018995098039216,0.2444020356234095,0.0,0.1072486151980672,0.0194180514685994,0.2533333333333333,0.0,0.0,0.0,0.0,0.0,0.0,0.0,0.0,0.0,0.0,0.0,0.0,0.0,0.0,2022-07-13_23-11-10,82,4217335.97518334,SF,8.16,"2022-07-14 13:15:09,263","2022-07-14 13:15:10,319","2022-07-14 13:47:52,695","2022-07-14 14:00:22,981","2022-07-14 14:10:27,993","2022-07-14 14:16:09,269","2022-07-14 14:16:49,979","2022-07-14 13:24:52,828","2022-07-14 13:59:57,570","2022-07-14 14:08:49,031","2022-07-14 14:16:07,211","2022-07-14 14:16:48,929","2022-07-14 14:17:41,267","2022-07-14 14:20:26,864"
163,0.0199458350050826,0.2319257419863907,261.1264048124834,100.0,0.002,13.124724162852898,1.0,0.02,0.2248099443995545,266.08938701968617,100.0,0.002,13.124724162852898,0.51,0.2127450980392156,0.0363970588235294,0.0386768447837147,0.086909090909091,0.2144972303961344,0.0388361029371988,0.0412388877948359,0.0854277788718307,0.6028015151930541,0.0197427461263912,1.0,38.878313444453966,1.311944759645742,0.1329994740775472,0.004870103105193,7.526842056026908,0.273783557635981,3424269.0273375474,173988.51546268424,2.926513862653139e-07,1.521554512587828e-08,2022-07-14_14-54-21,83,4217335.97518334,2.00E+01,2.04,"2022-07-14 15:00:14,890","2022-07-14 15:00:15,936","2022-07-14 15:14:39,108","2022-07-14 15:29:09,741","2022-07-14 15:41:05,758","2022-07-14 15:46:50,861","2022-07-14 15:47:31,396","2022-07-14 15:13:18,239","2022-07-14 15:28:49,561","2022-07-14 15:37:47,868","2022-07-14 15:46:48,799","2022-07-14 15:47:30,344","2022-07-14 15:48:22,648","2022-07-14 15:51:08,856"
164,0.0197697276654242,0.2339025028751778,262.0201947293513,100.0,0.002,13.124724162852898,1.0,0.02,0.2248099443995545,266.08938701968617,100.0,0.002,13.124724162852898,0.51,0.2125000000000002,0.037990196078432,0.0407124681933842,0.0889090909090912,0.2144972303961344,0.0388361029371988,0.0412388877948359,0.0854277788718307,0.6383442861130072,0.0138358011083926,1.0,40.45649013054533,0.4787773843533001,0.1408414746705593,0.0034129891307644,7.103545906469071,0.1735679878194851,3482164.886290077,113621.67737531608,2.874227565828582e-07,9.390776647191007e-09,2022-07-14_14-54-21,83,4217335.97518334,2.00E+01,2.04,"2022-07-14 15:13:18,910","2022-07-14 15:16:06,801","2022-07-14 15:37:25,796","2022-07-14 15:52:38,870","2022-07-14 16:02:36,859","2022-07-14 16:08:22,314","2022-07-14 16:09:02,966","2022-07-14 15:27:18,204","2022-07-14 15:52:12,832","2022-07-14 16:01:04,054","2022-07-14 16:08:20,256","2022-07-14 16:09:01,912","2022-07-14 16:09:54,133","2022-07-14 16:12:45,922"
165,0.020046318756173,0.2254017521186267,262.9126189970114,100.0,0.002,13.18446610687265,1.0,0.02,0.2253861919510985,266.76757855758115,100.0,0.002,13.18446610687265,0.51,0.2131127450980394,0.0386029411764704,0.0400763358778629,0.0849090909090908,0.2144972303961344,0.0388361029371988,0.0410199137252492,0.0856467529414174,0.5474483025865936,0.0174293740632127,1.0,39.76495616055361,0.5656693762981396,0.1207865847937434,0.0042994448798262,8.287572288647775,0.2989253002234754,3038919.1981028714,141831.8112760966,3.2966054030825297e-07,1.5977148452884342e-08,2022-07-14_14-54-21,84,4217335.97518334,2.00E+01,2.04,"2022-07-14 15:13:18,366","2022-07-14 15:27:19,056","2022-07-14 16:02:43,657","2022-07-14 16:13:17,208","2022-07-14 16:23:25,603","2022-07-14 16:29:11,728","2022-07-14 16:29:52,547","2022-07-14 15:35:59,740","2022-07-14 16:12:51,201","2022-07-14 16:21:47,895","2022-07-14 16:29:09,665","2022-07-14 16:29:51,497","2022-07-14 16:30:43,745","2022-07-14 16:33:35,603"
166,0.0197202655209354,0.2329753587430467,271.2550100363964,100.0,0.002,13.18446610687265,1.0,0.02,0.2253861919510985,266.76757855758115,100.0,0.002,13.18446610687265,0.51,0.2120098039215681,0.0388480392156866,0.0418575063613233,0.0889090909090912,0.2144972303961344,0.0388361029371988,0.0410199137252492,0.0856467529414174,0.6036988572453095,0.0233572790319941,1.0,41.478647707958416,0.3969265095155527,0.1331974596797887,0.005761729215092,7.518812915287659,0.3226755533408603,3211003.308636779,128135.2082810881,3.118266844364427e-07,1.2459147151004542e-08,2022-07-14_14-54-21,84,4217335.97518334,2.00E+01,2.04,"2022-07-14 15:13:18,837","2022-07-14 15:38:53,345","2022-07-14 16:14:42,380","2022-07-14 16:25:19,100","2022-07-14 16:35:28,267","2022-07-14 16:41:11,961","2022-07-14 16:41:53,090","2022-07-14 15:45:48,891","2022-07-14 16:24:53,579","2022-07-14 16:33:48,468","2022-07-14 16:41:09,900","2022-07-14 16:41:52,014","2022-07-14 16:42:44,252","2022-07-14 16:45:31,893"
167,0.0100171910092587,0.3049852705660804,289.9343827026925,100.0,0.008,25.0,10.0,0.01,0.3,300.0,100.0,0.008,25.0,10.49,0.107107843137255,0.0221813725490196,0.139821882951654,0.1180909090909091,0.1072486151980672,0.0194180514685994,0.1393333333333333,0.1139999999999999,0.0,0.0,0.0,0.0,0.0,0.0,0.0,0.0,0.0,0.0,0.0,0.0,0.0,2022-07-14_14-54-21,85,4217335.97518334,4.00E+02,167.84000000000003,"2022-07-14 15:52:36,774","2022-07-14 15:52:37,831","2022-07-14 16:26:43,913","2022-07-14 16:48:46,230","2022-07-14 16:59:54,955","2022-07-14 17:05:40,776","2022-07-14 17:06:21,354","2022-07-14 16:00:33,301","2022-07-14 16:48:19,732","2022-07-14 16:57:18,158","2022-07-14 17:05:38,730","2022-07-14 17:06:20,288","2022-07-14 17:07:12,505","2022-07-14 17:09:58,428"
168,0.0099032061532978,0.3061577951800678,289.27270943777484,100.0,0.008,25.0,10.0,0.01,0.3,300.0,100.0,0.008,25.0,10.49,0.1060049019607843,0.0218137254901958,0.1408396946564885,0.1185454545454544,0.1072486151980672,0.0194180514685994,0.1393333333333333,0.1139999999999999,0.0,0.0,0.0,0.0,0.0,0.0,0.0,0.0,0.0,0.0,0.0,0.0,0.0,2022-07-14_14-54-21,85,4217335.97518334,4.00E+02,167.84000000000003,"2022-07-14 16:16:09,607","2022-07-14 16:16:10,648","2022-07-14 16:56:25,085","2022-07-14 17:18:34,604","2022-07-14 17:28:34,461","2022-07-14 17:34:21,618","2022-07-14 17:35:02,005","2022-07-14 16:24:15,801","2022-07-14 17:18:08,969","2022-07-14 17:26:57,965","2022-07-14 17:34:19,556","2022-07-14 17:35:00,954","2022-07-14 17:35:53,067","2022-07-14 17:38:37,227"
169,0.0196782008879285,0.3058961158761458,278.00759681313093,85.89335529458215,0.008,25.0,10.0,0.02,0.3,284.03464439896675,85.89335529458215,0.008,25.0,10.49,0.2113970588235292,0.0400735294117649,0.0146310432569972,0.1172727272727272,0.2144972303961344,0.0388361029371988,0.0126666666666667,0.1139999999999999,0.0,0.0,0.0,0.0,0.0,0.0,0.0,0.0,0.0,0.0,0.0,0.0,0.0,2022-07-14_14-54-21,86,4217335.97518334,SF,167.84000000000003,"2022-07-14 16:34:35,071","2022-07-14 16:34:36,096","2022-07-14 17:23:09,975","2022-07-14 17:41:15,166","2022-07-14 17:51:15,614","2022-07-14 17:57:00,616","2022-07-14 17:57:41,103","2022-07-14 16:43:35,333","2022-07-14 17:40:49,626","2022-07-14 17:49:42,208","2022-07-14 17:56:58,554","2022-07-14 17:57:40,057","2022-07-14 17:58:32,226","2022-07-14 18:01:22,966"
170,0.0195970429067298,0.3080503105602538,277.48084015473813,85.89335529458215,0.008,25.0,10.0,0.02,0.3,284.03464439896675,85.89335529458215,0.008,25.0,10.49,0.214093137254902,0.0392156862745098,0.0150127226463099,0.1194545454545452,0.2144972303961344,0.0388361029371988,0.0126666666666667,0.1139999999999999,0.0,0.0,0.0,0.0,0.0,0.0,0.0,0.0,0.0,0.0,0.0,0.0,0.0,2022-07-14_14-54-21,86,4217335.97518334,SF,167.84000000000003,"2022-07-14 16:46:16,333","2022-07-14 16:46:17,399","2022-07-14 17:51:22,213","2022-07-14 18:09:23,828","2022-07-14 18:19:27,013","2022-07-14 18:25:11,400","2022-07-14 18:25:52,047","2022-07-14 16:55:02,833","2022-07-14 18:08:57,557","2022-07-14 18:17:50,557","2022-07-14 18:25:09,322","2022-07-14 18:25:50,994","2022-07-14 18:26:43,314","2022-07-14 18:29:28,627"
171,0.0193884070042251,0.3090571005656671,247.655175330988,91.58406922668314,0.0028037562992768,10.0,7.0,0.0195875687660978,0.3,255.28185408787027,91.58406922668314,0.0028037562992768,10.0,6.989876324355324,0.204901960784314,0.0399509803921568,0.0169211195928754,0.1170909090909095,0.2100739625260908,0.0380352418444818,0.0178907956294273,0.1139999999999999,1.2067121995369827,0.0140554326274436,1.0,66.87250000892679,1.0540309216229282,0.2662436703563685,0.0034671674166058,3.756469035035912,0.0490726615689783,3981598.1988737145,33617.22518655448,2.511697038268093e-07,2.113526530710053e-09,2022-07-14_14-54-21,87,4217335.97518334,2.00E-01,39.19581955115402,"2022-07-14 17:12:10,029","2022-07-14 17:12:11,071","2022-07-14 18:14:51,463","2022-07-14 18:28:50,751","2022-07-14 18:38:49,900","2022-07-14 18:44:35,134","2022-07-14 18:45:15,857","2022-07-14 17:21:45,380","2022-07-14 18:28:25,163","2022-07-14 18:37:13,007","2022-07-14 18:44:33,053","2022-07-14 18:45:14,732","2022-07-14 18:46:06,937","2022-07-14 18:50:57,470"
172,0.0190865926938456,0.312215554839197,247.80305605285267,91.58406922668314,0.0028037562992768,10.0,7.0,0.0195875687660978,0.3,255.28185408787027,91.58406922668314,0.0028037562992768,10.0,6.989876324355324,0.1993872549019608,0.0392156862745098,0.0193384223918576,0.1170909090909087,0.2100739625260908,0.0380352418444818,0.0178907956294273,0.1139999999999999,1.2073493374513635,0.0425642001042578,1.0,65.65433569536093,1.4105838471506746,0.2663842456624878,0.0104996560139475,3.758631359311576,0.1476948520825112,4056626.989344788,101879.59457948762,2.466332936376419e-07,6.126704507209506e-09,2022-07-14_14-54-21,87,4217335.97518334,2.00E-01,39.19581955115402,"2022-07-14 17:39:15,598","2022-07-14 17:39:16,639","2022-07-14 18:30:45,787","2022-07-14 18:44:49,696","2022-07-14 18:55:01,261","2022-07-14 19:00:48,076","2022-07-14 19:01:28,974","2022-07-14 17:49:15,250","2022-07-14 18:44:24,223","2022-07-14 18:53:20,599","2022-07-14 19:00:45,978","2022-07-14 19:01:27,916","2022-07-14 19:02:20,228","2022-07-14 19:07:08,042"
173,0.0189309619186917,0.3154820237262731,236.9434822606961,100.0,0.0064616419507211,10.0,10.0,0.0195071441618847,0.3,238.3833608250962,100.0,0.0064616419507211,10.0,10.49,0.1987745098039214,0.0368872549019608,0.0199745547073794,0.1178181818181817,0.20921141978312,0.0378790729340866,0.0189095072827933,0.1139999999999999,0.8859509995584451,0.0222696328625894,1.0,53.35440278015825,1.0142798780319962,0.195472330493419,0.0054934307244435,5.118944666182673,0.1392801497727429,3663506.506206122,64405.25151156879,2.730296008556176e-07,4.7695338871878725e-09,2022-07-14_14-54-21,88,4217335.97518334,2.00E+01,135.56524812612867,"2022-07-14 18:03:43,790","2022-07-14 18:03:44,830","2022-07-14 18:46:14,684","2022-07-14 19:01:58,223","2022-07-14 19:12:07,014","2022-07-14 19:17:51,267","2022-07-14 19:18:32,089","2022-07-14 18:13:29,979","2022-07-14 19:01:32,874","2022-07-14 19:10:28,800","2022-07-14 19:17:49,193","2022-07-14 19:18:31,046","2022-07-14 19:19:23,232","2022-07-14 19:22:08,429"
174,0.0193328734629465,0.3028736589836459,239.9625370248613,100.0,0.0064616419507211,10.0,10.0,0.0195071441618847,0.3,238.3833608250962,100.0,0.0064616419507211,10.0,10.49,0.2099264705882348,0.0405637254901962,0.0204834605597967,0.1177272727272728,0.20921141978312,0.0378790729340866,0.0189095072827933,0.1139999999999999,1.105060428276891,0.0703467509248143,1.0,60.379705442840006,2.6369116801348444,0.243815670797818,0.0173530028662634,4.118317517726921,0.2967776086920081,4034852.8795344695,140376.63080201636,2.480787188604965e-07,8.560795325812549e-09,2022-07-14_14-54-21,88,4217335.97518334,2.00E+01,135.56524812612867,"2022-07-14 18:32:12,949","2022-07-14 18:32:13,983","2022-07-14 19:04:08,542","2022-07-14 19:20:57,841","2022-07-14 19:31:07,760","2022-07-14 19:36:57,169","2022-07-14 19:37:38,053","2022-07-14 18:42:50,584","2022-07-14 19:19:52,983","2022-07-14 19:29:30,077","2022-07-14 19:36:55,088","2022-07-14 19:37:36,976","2022-07-14 19:38:29,066","2022-07-14 19:41:56,761"
175,0.0100714457441517,0.124872439841989,226.50172751827225,100.0,0.002,10.0,1.0,0.01,0.1213633493504263,220.0,100.0,0.002,10.0,0.51,0.1078431372549015,0.0219362745098039,0.2085241730279892,0.0482727272727274,0.1072486151980672,0.0194180514685994,0.2072152605801713,0.0461180727531619,0.1143758091093247,0.005952447354158,1.0,28.762945401991043,0.3258727587132889,0.0252353752857809,0.0014683384042624,39.73423985556896,2.308725203803896,877593.7214696447,55468.76556883386,1.1430353227146344e-06,7.040388008528567e-08,2022-07-14_14-54-21,89,4217335.97518334,4.00E+02,2.04,"2022-07-14 18:52:46,324","2022-07-14 18:52:47,371","2022-07-14 19:23:24,408","2022-07-14 19:35:46,150","2022-07-14 19:45:55,946","2022-07-14 19:51:54,489","2022-07-14 19:52:35,535","2022-07-14 19:00:28,622","2022-07-14 19:35:20,737","2022-07-14 19:44:15,945","2022-07-14 19:51:52,414","2022-07-14 19:52:34,472","2022-07-14 19:53:26,807","2022-07-14 19:58:01,199"
176,0.0099380443793709,0.1262040589966638,230.29602569603952,100.0,0.002,10.0,1.0,0.01,0.1213633493504263,220.0,100.0,0.002,10.0,0.51,0.1073529411764712,0.019117647058823,0.2071246819338426,0.0481818181818185,0.1072486151980672,0.0194180514685994,0.2072152605801713,0.0461180727531619,0.1583098880952088,0.0072657507843921,1.0,32.0646098905219,0.5365453177922026,0.0349287971699854,0.0017923015992859,28.688029991109524,1.4227659918266216,1089102.9292668756,46119.7023572564,9.194936750079226e-07,3.8613911333126854e-08,2022-07-14_14-54-21,89,4217335.97518334,4.00E+02,2.04,"2022-07-14 19:07:49,042","2022-07-14 19:07:50,081","2022-07-14 19:37:11,148","2022-07-14 19:48:36,179","2022-07-14 19:58:41,593","2022-07-14 20:04:42,126","2022-07-14 20:05:23,376","2022-07-14 19:16:50,592","2022-07-14 19:48:10,268","2022-07-14 19:57:04,265","2022-07-14 20:04:40,045","2022-07-14 20:05:22,297","2022-07-14 20:06:14,571","2022-07-14 20:14:10,232"
177,0.019692698705545,0.1606520207811341,289.6558932575473,92.97661324701652,0.0079825170422348,18.878691912084488,10.0,0.02,0.156601477711848,300.0,92.97661324701652,0.0079825170422348,18.878691912084488,10.49,0.2126225490196081,0.0384803921568623,0.0699745547073793,0.0614545454545455,0.2144972303961344,0.0388361029371988,0.0671581051361644,0.0595085615305022,0.0,0.0,0.0,0.0,0.0,0.0,0.0,0.0,0.0,0.0,0.0,0.0,0.0,2022-07-14_14-54-21,90,4217335.97518334,SF,167.47320754608612,"2022-07-14 19:24:51,632","2022-07-14 19:24:52,673","2022-07-14 19:55:01,276","2022-07-14 20:14:03,222","2022-07-14 20:24:07,102","2022-07-14 20:29:51,726","2022-07-14 20:30:32,515","2022-07-14 19:33:55,168","2022-07-14 20:13:36,147","2022-07-14 20:22:29,624","2022-07-14 20:29:49,662","2022-07-14 20:30:31,466","2022-07-14 20:31:23,640","2022-07-14 20:34:07,706"
178,0.0194634805448895,0.1624284637464334,289.3780959099869,92.97661324701652,0.0079825170422348,18.878691912084488,10.0,0.02,0.156601477711848,300.0,92.97661324701652,0.0079825170422348,18.878691912084488,10.49,0.2033088235294114,0.0323529411764697,0.0685750636132316,0.0590000000000005,0.2144972303961344,0.0388361029371988,0.0671581051361644,0.0595085615305022,0.0,0.0,0.0,0.0,0.0,0.0,0.0,0.0,0.0,0.0,0.0,0.0,0.0,2022-07-14_14-54-21,90,4217335.97518334,SF,167.47320754608612,"2022-07-14 19:42:37,239","2022-07-14 19:42:38,281","2022-07-14 20:15:39,157","2022-07-14 20:37:57,037","2022-07-14 20:47:59,469","2022-07-14 20:53:44,478","2022-07-14 20:54:25,057","2022-07-14 19:53:20,284","2022-07-14 20:37:30,740","2022-07-14 20:46:26,545","2022-07-14 20:53:42,419","2022-07-14 20:54:24,007","2022-07-14 20:55:16,172","2022-07-14 20:58:05,354"
179,0.0191294959451924,0.3115831800881273,240.42140280414,94.32950792852392,0.0046064797921012,10.0,9.0,0.0194050144640391,0.3,246.30044705757567,94.32950792852392,0.0046064797921012,10.0,8.937666664908834,0.2042892156862751,0.0370098039215683,0.0192111959287524,0.1179090909090906,0.2081160929166661,0.0376807569611627,0.0202031501221711,0.1139999999999999,1.1959934206084497,0.013845851368591,1.0,66.42628059209586,0.6707530400302208,0.263878726134568,0.0034154683098557,3.790122715561007,0.048588750958112,3972786.146667793,61776.14137255287,2.517612011994329e-07,3.913794671761741e-09,2022-07-14_14-54-21,91,4217335.97518334,2.00E-01,82.34236176087815,"2022-07-14 20:00:30,237","2022-07-14 20:00:31,276","2022-07-14 20:48:05,872","2022-07-14 21:02:54,285","2022-07-14 21:14:08,605","2022-07-14 21:19:53,324","2022-07-14 21:20:34,106","2022-07-14 20:12:36,572","2022-07-14 21:02:28,072","2022-07-14 21:11:19,723","2022-07-14 21:19:51,265","2022-07-14 21:20:33,059","2022-07-14 21:21:25,341","2022-07-14 21:24:09,294"
